사고번호,사고일시,요일,시군구,사고내용,사망자수,중상자수,경상자수,부상신고자수,사고유형,법규위반,노면상태,기상상태,도로형태,가해운전자 차종,가해운전자 성별,가해운전자 연령,가해운전자 상해정도,피해운전자 차종,피해운전자 성별,피해운전자 연령,피해운전자 상해정도
2014012900100611,2014년 1월 29일 23시,수요일,제주특별자치도 제주시 노형동,중상사고,0,1,0,0,차대사람 - 횡단중,보행자보호의무위반,습기,비,단일로 - 횡단보도상,승용,여,44세,상해없음,보행자,여,58세,중상
2014012900100612,2014년 1월 29일 23시,수요일,제주특별자치도 제주시 애월읍,부상신고사고,0,0,0,1,차량단독 - 공작물충돌,안전운전불이행,습기,비,단일로 - 기타,승용,여,23세,부상신고,,,,
2014013000100023,2014년 1월 30일 00시,목요일,제주특별자치도 제주시 노형동,경상사고,0,0,2,0,차대차 - 측면직각충돌,교차로운행방법위반,습기,비,교차로 - 교차로안,승용,남,29세,상해없음,승용,남,61세,경상
2014013000100224,2014년 1월 30일 12시,목요일,제주특별자치도 서귀포시 동홍동,중상사고,0,1,0,1,차량단독 - 전도전복,안전운전불이행,건조,맑음,단일로 - 기타,승용,남,68세,부상신고,,,,
2014013000100240,2014년 1월 30일 13시,목요일,제주특별자치도 제주시 우도면,경상사고,0,0,1,0,차량단독 - 공작물충돌,안전운전불이행,건조,맑음,기타 - 기타,이륜,남,20세,경상,,,,
2014013000100338,2014년 1월 30일 18시,목요일,제주특별자치도 제주시 이도이동,경상사고,0,0,1,0,차대차 - 측면직각충돌,교차로운행방법위반,습기,비,교차로 - 교차로부근,승용,남,32세,상해없음,자전거,남,13세,경상
2014013000100339,2014년 1월 30일 18시,목요일,제주특별자치도 서귀포시 색달동,부상신고사고,0,0,0,1,차대사람 - 기타,보행자보호의무위반,건조,맑음,교차로 - 교차로부근,승용,기타불명,기타불명,기타불명,보행자,남,31세,부상신고
2014013000100340,2014년 1월 30일 18시,목요일,제주특별자치도 제주시 용담이동,부상신고사고,0,0,0,1,차대차 - 추돌 - 진행중,안전거리미확보,건조,맑음,단일로 - 기타,승용,여,42세,부상신고,승합,남,46세,상해없음
2014013000100404,2014년 1월 30일 21시,목요일,제주특별자치도 서귀포시 표선면,중상사고,0,1,0,0,차대사람 - 기타,안전운전불이행,건조,맑음,단일로 - 기타,승용,남,29세,상해없음,보행자,남,38세,중상
2014013000100422,2014년 1월 30일 22시,목요일,제주특별자치도 서귀포시 성산읍,부상신고사고,0,0,0,1,차대차 - 추돌 - 진행중,안전운전불이행,건조,흐림,교차로 - 교차로부근,기타불명,기타불명,기타불명,기타불명,승용,남,25세,부상신고
2014013100100058,2014년 1월 31일 06시,금요일,제주특별자치도 제주시 애월읍,경상사고,0,0,1,0,차량단독 - 전도전복,안전운전불이행,건조,맑음,미분류 - 미분류,승용,남,27세,경상,,,,
2014013100100069,2014년 1월 31일 07시,금요일,제주특별자치도 제주시 한림읍,경상사고,0,0,1,0,차량단독 - 공작물충돌,안전운전불이행,건조,맑음,단일로 - 기타,승용,남,32세,상해없음,,,,
2014013100100086,2014년 1월 31일 08시,금요일,제주특별자치도 서귀포시 안덕면,경상사고,0,0,1,0,차대차 - 기타,직진우회전진행방해,건조,맑음,교차로 - 교차로안,화물,남,71세,상해없음,승용,여,43세,경상
2014013100100087,2014년 1월 31일 08시,금요일,제주특별자치도 제주시 애월읍,경상사고,0,0,3,0,차대차 - 측면직각충돌,안전운전불이행,건조,맑음,교차로 - 교차로안,승용,남,43세,상해없음,승용,여,43세,경상
2014013100100131,2014년 1월 31일 11시,금요일,제주특별자치도 제주시 노형동,경상사고,0,0,10,3,차대차 - 추돌 - 주정차중,안전운전불이행,건조,맑음,단일로 - 기타,승용,남,44세,상해없음,승용,남,56세,경상
2014013100100163,2014년 1월 31일 13시,금요일,제주특별자치도 제주시 연동,경상사고,0,0,1,0,차량단독 - 기타,안전운전불이행,건조,흐림,교차로 - 교차로안,승용,여,43세,상해없음,,,,
2014013100100177,2014년 1월 31일 14시,금요일,제주특별자치도 제주시 영평동,부상신고사고,0,0,0,1,차대차 - 추돌 - 진행중,교차로운행방법위반,건조,맑음,교차로 - 교차로안,승용,여,51세,부상신고,화물,남,34세,상해없음
2014013100100178,2014년 1월 31일 14시,금요일,제주특별자치도 제주시 애월읍,중상사고,0,1,0,0,차대사람 - 기타,안전운전불이행,건조,맑음,단일로 - 기타,승용,여,32세,상해없음,보행자,여,11세,중상
2014013100100201,2014년 1월 31일 15시,금요일,제주특별자치도 제주시 구좌읍,중상사고,0,1,0,0,차대사람 - 횡단중,안전운전불이행,건조,맑음,단일로 - 기타,승용,여,24세,상해없음,보행자,여,86세,중상
2014013100100224,2014년 1월 31일 16시,금요일,제주특별자치도 제주시 한림읍,중상사고,0,1,0,0,차대사람 - 횡단중,안전운전불이행,건조,맑음,단일로 - 기타,승용,여,33세,상해없음,보행자,여,15세,중상
2014013100100283,2014년 1월 31일 19시,금요일,제주특별자치도 서귀포시 남원읍,중상사고,0,2,4,0,차대차 - 기타,안전운전불이행,건조,맑음,단일로 - 기타,승용,남,51세,상해없음,승용,남,42세,경상
2014013100100299,2014년 1월 31일 20시,금요일,제주특별자치도 제주시 용담이동,중상사고,0,1,0,0,차대사람 - 기타,안전운전불이행,건조,맑음,미분류 - 미분류,기타불명,기타불명,기타불명,기타불명,보행자,남,56세,중상
2014020100100013,2014년 2월 1일 01시,토요일,제주특별자치도 제주시 노형동,부상신고사고,0,0,0,1,차대사람 - 기타,안전운전불이행,건조,맑음,단일로 - 기타,승용,남,28세,상해없음,보행자,남,46세,부상신고
2014020100100022,2014년 2월 1일 02시,토요일,제주특별자치도 제주시 이도이동,경상사고,0,0,1,0,차대사람 - 횡단중,보행자보호의무위반,건조,기타,단일로 - 횡단보도상,승용,남,55세,상해없음,보행자,여,29세,경상
2014020100100061,2014년 2월 1일 07시,토요일,제주특별자치도 제주시 구좌읍,중상사고,0,1,0,0,차량단독 - 공작물충돌,안전운전불이행,건조,맑음,단일로 - 기타,승용,여,32세,중상,,,,
2014020100100069,2014년 2월 1일 08시,토요일,제주특별자치도 서귀포시 표선면,부상신고사고,0,0,0,1,차량단독 - 공작물충돌,안전운전불이행,습기,흐림,단일로 - 기타,승합,남,47세,부상신고,,,,
2014020100100086,2014년 2월 1일 11시,토요일,제주특별자치도 제주시 용담이동,경상사고,0,0,1,0,차대차 - 기타,안전운전불이행,건조,맑음,교차로 - 교차로부근,승용,여,46세,상해없음,자전거,여,36세,경상
2014020100100138,2014년 2월 1일 14시,토요일,제주특별자치도 서귀포시 서홍동,경상사고,0,0,1,0,차대차 - 추돌 - 진행중,안전운전불이행,습기,비,교차로 - 교차로부근,승용,남,34세,상해없음,승용,남,41세,경상
2014020100100156,2014년 2월 1일 15시,토요일,제주특별자치도 제주시 구좌읍,중상사고,0,3,7,0,차대차 - 추돌 - 진행중,안전거리미확보,습기,비,단일로 - 기타,승용,남,54세,상해없음,승용,남,37세,중상
2014020100100177,2014년 2월 1일 16시,토요일,제주특별자치도 제주시 아라이동,경상사고,0,0,1,0,차대차 - 측면직각충돌,안전운전불이행,건조,맑음,단일로 - 기타,승용,남,53세,상해없음,이륜,남,27세,경상
2014020100100344,2014년 2월 1일 21시,토요일,제주특별자치도 제주시 용담이동,경상사고,0,0,1,0,차대차 - 기타,안전운전불이행,건조,맑음,단일로 - 기타,승합,남,54세,상해없음,승용,남,62세,상해없음
2014020200100057,2014년 2월 2일 03시,일요일,제주특별자치도 제주시 도남동,경상사고,0,0,2,0,차대차 - 측면직각충돌,안전운전불이행,건조,맑음,교차로 - 교차로부근,승용,남,32세,상해없음,승용,남,30세,상해없음
2014020200100095,2014년 2월 2일 08시,일요일,제주특별자치도 서귀포시 대정읍,경상사고,0,0,1,0,차대차 - 기타,안전운전불이행,건조,맑음,단일로 - 기타,화물,남,43세,상해없음,승용,남,78세,상해없음
2014020200100123,2014년 2월 2일 11시,일요일,제주특별자치도 서귀포시 성산읍,중상사고,0,2,1,1,차대차 - 기타,신호위반,건조,맑음,교차로 - 교차로안,승용,남,77세,부상신고,승용,여,58세,경상
2014020200100139,2014년 2월 2일 12시,일요일,제주특별자치도 서귀포시 안덕면,경상사고,0,0,1,0,차대차 - 기타,차로위반,건조,맑음,단일로 - 기타,화물,남,64세,상해없음,화물,남,66세,상해없음
2014020200100140,2014년 2월 2일 12시,일요일,제주특별자치도 제주시 연동,중상사고,0,1,0,0,차대차 - 측면직각충돌,교차로운행방법위반,습기,흐림,단일로 - 기타,승용,여,62세,상해없음,이륜,남,42세,중상
2014020200100288,2014년 2월 2일 19시,일요일,제주특별자치도 제주시 용담이동,경상사고,0,0,2,0,차대차 - 기타,안전거리미확보,건조,맑음,단일로 - 기타,승용,남,63세,상해없음,승용,남,31세,경상
2014020200100305,2014년 2월 2일 20시,일요일,제주특별자치도 서귀포시 서귀동,경상사고,0,0,1,0,차대사람 - 횡단중,보행자보호의무위반,건조,맑음,단일로 - 횡단보도상,승용,남,31세,상해없음,보행자,남,66세,경상
2014020200100329,2014년 2월 2일 21시,일요일,제주특별자치도 제주시 삼도일동,경상사고,0,0,2,0,차대차 - 측면직각충돌,안전운전불이행,습기,비,교차로 - 교차로안,승용,여,24세,상해없음,승용,남,39세,경상
2014020200100349,2014년 2월 2일 22시,일요일,제주특별자치도 서귀포시 색달동,중상사고,0,1,0,0,차대사람 - 기타,보행자보호의무위반,건조,기타,교차로 - 교차로부근,승용,남,57세,상해없음,보행자,여,30세,중상
2014020300100009,2014년 2월 3일 00시,월요일,제주특별자치도 제주시 연동,중상사고,0,1,0,0,차대차 - 기타,안전운전불이행,습기,비,교차로 - 교차로안,승합,남,53세,상해없음,원동기,남,16세,중상
2014020300100068,2014년 2월 3일 07시,월요일,제주특별자치도 서귀포시 서홍동,중상사고,0,1,0,0,차대차 - 기타,안전운전불이행,건조,맑음,단일로 - 기타,승용,남,45세,상해없음,승용,여,46세,중상
2014020300100089,2014년 2월 3일 08시,월요일,제주특별자치도 제주시 한경면,중상사고,0,1,0,0,차대사람 - 기타,안전운전불이행,건조,맑음,단일로 - 기타,승합,남,70세,상해없음,보행자,남,13세,중상
2014020300100110,2014년 2월 3일 09시,월요일,제주특별자치도 서귀포시 강정동,중상사고,0,1,1,0,차대차 - 기타,안전운전불이행,건조,맑음,단일로 - 기타,화물,남,29세,상해없음,승용,여,49세,중상
2014020300100171,2014년 2월 3일 12시,월요일,제주특별자치도 제주시 연동,경상사고,0,0,1,0,차대차 - 추돌 - 진행중,안전운전불이행,건조,맑음,교차로 - 교차로부근,승용,남,30세,상해없음,승용,여,38세,경상
2014020300100217,2014년 2월 3일 14시,월요일,제주특별자치도 제주시 노형동,중상사고,0,1,0,0,차대차 - 추돌 - 주정차중,안전운전불이행,건조,맑음,단일로 - 기타,승합,남,37세,상해없음,승용,여,43세,중상
2014020300100247,2014년 2월 3일 15시,월요일,제주특별자치도 제주시 연동,경상사고,0,0,1,0,차대사람 - 보도통행중,안전운전불이행,건조,맑음,단일로 - 기타,승용,여,52세,상해없음,보행자,여,75세,경상
2014020300100248,2014년 2월 3일 15시,월요일,제주특별자치도 제주시 노형동,경상사고,0,0,3,0,차대차 - 추돌 - 진행중,안전거리미확보,건조,맑음,단일로 - 기타,승합,남,52세,상해없음,화물,남,56세,경상
2014020300100276,2014년 2월 3일 16시,월요일,제주특별자치도 서귀포시 신효동,경상사고,0,0,2,0,차대차 - 기타,안전거리미확보,건조,맑음,교차로 - 교차로부근,승용,여,21세,상해없음,승용,남,60세,경상
2014020300100277,2014년 2월 3일 16시,월요일,제주특별자치도 서귀포시 남원읍,중상사고,0,1,0,1,차량단독 - 공작물충돌,안전운전불이행,건조,맑음,단일로 - 기타,승용,남,25세,부상신고,,,,
2014020300100333,2014년 2월 3일 18시,월요일,제주특별자치도 제주시 한림읍,부상신고사고,0,0,0,1,차대사람 - 기타,안전운전불이행,건조,맑음,교차로 - 교차로부근,승용,남,33세,상해없음,보행자,남,17세,부상신고
2014020300100368,2014년 2월 3일 19시,월요일,제주특별자치도 제주시 연동,부상신고사고,0,0,0,1,차대차 - 기타,안전거리미확보,건조,맑음,단일로 - 기타,화물,남,56세,상해없음,승용,남,68세,부상신고
2014020300100422,2014년 2월 3일 21시,월요일,제주특별자치도 제주시 노형동,중상사고,0,2,0,0,차대사람 - 횡단중,안전운전불이행,건조,맑음,단일로 - 기타,승용,남,68세,상해없음,보행자,남,60세,중상
2014020300100441,2014년 2월 3일 22시,월요일,제주특별자치도 제주시 구좌읍,중상사고,0,1,3,0,차대차 - 측면직각충돌,신호위반,건조,맑음,교차로 - 교차로안,승용,남,52세,상해없음,승용,여,23세,중상
2014020400100064,2014년 2월 4일 06시,화요일,제주특별자치도 제주시 구좌읍,중상사고,0,1,0,0,차대차 - 측면직각충돌,교차로운행방법위반,건조,맑음,교차로 - 교차로안,승용,남,35세,상해없음,승용,남,28세,중상
2014020400100182,2014년 2월 4일 11시,화요일,제주특별자치도 제주시 해안동,경상사고,0,0,1,1,차대차 - 추돌 - 진행중,안전거리미확보,건조,맑음,교차로 - 교차로부근,승용,남,25세,부상신고,승용,여,50세,경상
2014020400100291,2014년 2월 4일 16시,화요일,제주특별자치도 서귀포시 서귀동,경상사고,0,0,1,0,차량단독 - 기타,기타,건조,맑음,단일로 - 기타,승합,남,41세,상해없음,,,,
2014020400100380,2014년 2월 4일 19시,화요일,제주특별자치도 제주시 노형동,경상사고,0,0,1,0,차대차 - 측면직각충돌,교차로운행방법위반,건조,맑음,교차로 - 교차로안,승용,여,31세,상해없음,원동기,남,20세,경상
2014020400100381,2014년 2월 4일 19시,화요일,제주특별자치도 제주시 연동,경상사고,0,0,1,0,차대차 - 추돌 - 진행중,교차로운행방법위반,건조,맑음,교차로 - 교차로안,승용,여,47세,상해없음,승용,남,56세,경상
2014020400100400,2014년 2월 4일 20시,화요일,제주특별자치도 제주시 이도이동,경상사고,0,0,1,0,차대차 - 측면직각충돌,기타,건조,맑음,기타 - 기타,승용,남,64세,상해없음,원동기,남,22세,경상
2014020400100401,2014년 2월 4일 20시,화요일,제주특별자치도 서귀포시 동홍동,경상사고,0,0,1,0,차대차 - 기타,안전거리미확보,건조,맑음,교차로 - 교차로부근,화물,남,34세,기타불명,승용,남,54세,경상
2014020400100449,2014년 2월 4일 22시,화요일,제주특별자치도 제주시 연동,중상사고,0,1,1,0,차대차 - 기타,중앙선침범,건조,흐림,단일로 - 기타,승용,남,43세,상해없음,원동기,남,16세,중상
2014020500100017,2014년 2월 5일 00시,수요일,제주특별자치도 제주시 노형동,중상사고,0,1,0,0,차대사람 - 횡단중,보행자보호의무위반,건조,흐림,교차로 - 교차로안,승용,남,40세,상해없음,보행자,남,49세,중상
2014020500100031,2014년 2월 5일 01시,수요일,제주특별자치도 서귀포시 서귀동,경상사고,0,0,1,0,차대사람 - 횡단중,보행자보호의무위반,건조,맑음,교차로 - 교차로부근,이륜,남,23세,상해없음,보행자,남,33세,경상
2014020500100146,2014년 2월 5일 12시,수요일,제주특별자치도 서귀포시 대정읍,경상사고,0,0,2,0,차대차 - 기타,직진우회전진행방해,기타,흐림,교차로 - 교차로안,화물,남,73세,기타불명,화물,남,32세,경상
2014020500100147,2014년 2월 5일 12시,수요일,제주특별자치도 제주시 한림읍,경상사고,0,0,1,0,차대사람 - 기타,안전운전불이행,건조,맑음,단일로 - 기타,화물,남,30세,상해없음,보행자,남,66세,경상
2014020500100248,2014년 2월 5일 16시,수요일,제주특별자치도 제주시 노형동,부상신고사고,0,0,0,1,차대사람 - 기타,안전운전불이행,건조,맑음,단일로 - 기타,승용,남,47세,상해없음,보행자,여,41세,부상신고
2014020500100364,2014년 2월 5일 21시,수요일,제주특별자치도 제주시 삼도이동,부상신고사고,0,0,0,1,차대차 - 측면직각충돌,불법유턴,건조,맑음,단일로 - 기타,자전거,남,16세,부상신고,화물,남,68세,상해없음
2014020600100038,2014년 2월 6일 03시,목요일,제주특별자치도 제주시 연동,중상사고,0,1,1,0,차대사람 - 횡단중,안전운전불이행,습기,비,단일로 - 기타,승용,남,32세,상해없음,보행자,여,48세,중상
2014020600100056,2014년 2월 6일 05시,목요일,제주특별자치도 서귀포시 표선면,중상사고,0,1,1,0,차량단독 - 공작물충돌,안전운전불이행,습기,비,단일로 - 기타,승용,남,63세,경상,,,,
2014020600100070,2014년 2월 6일 06시,목요일,제주특별자치도 제주시 화북일동,경상사고,0,0,1,0,차대사람 - 횡단중,신호위반,습기,비,교차로 - 교차로안,화물,남,55세,상해없음,보행자,남,16세,경상
2014020600100092,2014년 2월 6일 07시,목요일,제주특별자치도 제주시 건입동,중상사고,0,1,0,0,차대사람 - 횡단중,보행자보호의무위반,습기,비,단일로 - 기타,승용,남,35세,상해없음,보행자,남,17세,중상
2014020600100093,2014년 2월 6일 07시,목요일,제주특별자치도 제주시 연동,경상사고,0,0,1,0,차대사람 - 횡단중,안전운전불이행,습기,비,단일로 - 횡단보도부근,승용,남,52세,상해없음,보행자,여,17세,경상
2014020600100118,2014년 2월 6일 08시,목요일,제주특별자치도 제주시 노형동,경상사고,0,0,2,0,차대차 - 추돌 - 진행중,안전운전불이행,습기,비,단일로 - 기타,승합,여,54세,상해없음,승용,남,42세,경상
2014020600100163,2014년 2월 6일 10시,목요일,제주특별자치도 제주시 연동,중상사고,0,2,0,0,차대사람 - 횡단중,안전운전불이행,습기,비,단일로 - 기타,승용,남,40세,상해없음,보행자,남,24세,중상
2014020600100181,2014년 2월 6일 11시,목요일,제주특별자치도 제주시 아라일동,경상사고,0,0,2,0,차량단독 - 도로외이탈 - 기타,안전운전불이행,결빙,눈,단일로 - 기타,승합,남,42세,상해없음,,,,
2014020600100223,2014년 2월 6일 13시,목요일,제주특별자치도 서귀포시 남원읍,중상사고,0,1,3,0,차대차 - 기타,중앙선침범,적설,눈,단일로 - 기타,승합,남,47세,상해없음,승합,남,41세,상해없음
2014020600100249,2014년 2월 6일 14시,목요일,제주특별자치도 제주시 아라일동,경상사고,0,0,1,0,차대사람 - 기타,안전운전불이행,습기,흐림,단일로 - 기타,기타불명,기타불명,기타불명,기타불명,보행자,여,53세,경상
2014020600100274,2014년 2월 6일 15시,목요일,제주특별자치도 제주시 용강동,경상사고,0,0,1,0,차대차 - 측면직각충돌,중앙선침범,결빙,눈,단일로 - 기타,승용,여,27세,경상,승합,남,40세,상해없음
2014020600100292,2014년 2월 6일 16시,목요일,제주특별자치도 서귀포시 안덕면,중상사고,0,1,0,0,차대차 - 기타,직진우회전진행방해,건조,맑음,교차로 - 교차로안,승용,남,25세,상해없음,화물,여,60세,중상
2014020600100391,2014년 2월 6일 20시,목요일,제주특별자치도 제주시 오라일동,경상사고,0,0,4,0,차대차 - 추돌 - 주정차중,안전거리미확보,건조,흐림,교차로 - 교차로부근,승용,남,45세,상해없음,화물,남,26세,경상
2014020700100049,2014년 2월 7일 05시,금요일,제주특별자치도 제주시 용담일동,중상사고,0,1,0,0,차량단독 - 공작물충돌,안전운전불이행,건조,맑음,교차로 - 교차로안,승용,남,55세,중상,,,,
2014020700100083,2014년 2월 7일 07시,금요일,제주특별자치도 서귀포시 동홍동,중상사고,0,1,1,0,차대차 - 기타,직진우회전진행방해,습기,비,교차로 - 교차로안,승용,여,62세,중상,승용,여,42세,경상
2014020700100131,2014년 2월 7일 09시,금요일,제주특별자치도 서귀포시 동홍동,경상사고,0,0,3,0,차대차 - 추돌 - 진행중,안전거리미확보,건조,맑음,단일로 - 기타,화물,남,49세,상해없음,승용,남,26세,경상
2014020700100143,2014년 2월 7일 10시,금요일,제주특별자치도 제주시 아라일동,경상사고,0,0,1,0,차대차 - 측면직각충돌,안전운전불이행,습기,비,교차로 - 교차로부근,이륜,남,64세,경상,승용,여,38세,상해없음
2014020700100165,2014년 2월 7일 11시,금요일,제주특별자치도 제주시 도남동,경상사고,0,0,1,0,차대차 - 측면직각충돌,안전거리미확보,건조,맑음,교차로 - 교차로안,승용,남,75세,기타불명,승용,남,67세,경상
2014020700100166,2014년 2월 7일 11시,금요일,제주특별자치도 제주시 노형동,중상사고,0,1,0,0,차대사람 - 횡단중,안전운전불이행,습기,비,단일로 - 기타,승용,남,51세,상해없음,보행자,남,13세,중상
2014020700100190,2014년 2월 7일 12시,금요일,제주특별자치도 제주시 아라이동,중상사고,0,1,0,0,차대사람 - 횡단중,보행자보호의무위반,건조,맑음,단일로 - 횡단보도상,승합,남,68세,상해없음,보행자,여,14세,중상
2014020700100233,2014년 2월 7일 14시,금요일,제주특별자치도 제주시 조천읍,중상사고,0,2,0,0,차대차 - 추돌 - 진행중,중앙선침범,건조,맑음,단일로 - 기타,승용,남,66세,중상,건설기계,남,47세,중상
2014020700100341,2014년 2월 7일 18시,금요일,제주특별자치도 제주시 애월읍,경상사고,0,0,2,0,차대차 - 측면직각충돌,교차로운행방법위반,건조,맑음,교차로 - 교차로안,승용,남,57세,상해없음,승용,남,57세,경상
2014020700100342,2014년 2월 7일 18시,금요일,제주특별자치도 제주시 노형동,경상사고,0,0,1,0,차대차 - 추돌 - 진행중,안전운전불이행,건조,맑음,교차로 - 교차로부근,승용,남,57세,상해없음,승용,남,29세,경상
2014020700100393,2014년 2월 7일 19시,금요일,제주특별자치도 서귀포시 서홍동,중상사고,0,1,0,1,차대사람 - 횡단중,보행자보호의무위반,습기,비,단일로 - 횡단보도상,승용,여,26세,상해없음,보행자,남,59세,부상신고
2014020700100497,2014년 2월 7일 22시,금요일,제주특별자치도 제주시 이도이동,경상사고,0,0,2,0,차대차 - 추돌 - 진행중,신호위반,기타,맑음,교차로 - 교차로안,승용,남,49세,상해없음,승용,여,44세,경상
2014020800100020,2014년 2월 8일 00시,토요일,제주특별자치도 제주시 이도이동,경상사고,0,0,1,0,차대차 - 측면직각충돌,교차로운행방법위반,습기,비,교차로 - 교차로안,승용,남,36세,상해없음,승용,남,47세,경상
2014020800100124,2014년 2월 8일 07시,토요일,제주특별자치도 제주시 이도일동,경상사고,0,0,1,0,차대사람 - 횡단중,신호위반,습기,비,교차로 - 교차로안,승용,남,66세,상해없음,보행자,여,20세,경상
2014020800100157,2014년 2월 8일 09시,토요일,제주특별자치도 제주시 삼도일동,경상사고,0,0,1,0,차대사람 - 횡단중,안전운전불이행,습기,비,교차로 - 교차로안,승용,여,48세,상해없음,보행자,여,67세,경상
2014020800100275,2014년 2월 8일 14시,토요일,제주특별자치도 서귀포시 남원읍,중상사고,0,1,0,0,차량단독 - 공작물충돌,안전운전불이행,습기,비,단일로 - 기타,이륜,남,75세,중상,,,,
2014020800100276,2014년 2월 8일 14시,토요일,제주특별자치도 제주시 해안동,경상사고,0,0,1,1,차대차 - 추돌 - 주정차중,안전운전불이행,적설,눈,단일로 - 기타,승합,남,30세,상해없음,승용,남,46세,경상
2014020800100301,2014년 2월 8일 15시,토요일,제주특별자치도 제주시 해안동,중상사고,0,1,2,3,차대차 - 추돌 - 주정차중,안전운전불이행,결빙,눈,단일로 - 기타,승용,남,45세,경상,승용,남,54세,상해없음
2014020800100399,2014년 2월 8일 18시,토요일,제주특별자치도 제주시 오라이동,경상사고,0,0,1,0,차대차 - 측면직각충돌,교차로운행방법위반,건조,맑음,교차로 - 교차로안,승용,남,25세,상해없음,원동기,남,50세,경상
2014020800100435,2014년 2월 8일 19시,토요일,제주특별자치도 제주시 구좌읍,중상사고,0,1,0,0,차대사람 - 횡단중,보행자보호의무위반,습기,흐림,교차로 - 교차로부근,승용,남,29세,상해없음,보행자,남,14세,중상
2014020800100504,2014년 2월 8일 21시,토요일,제주특별자치도 제주시 이도이동,중상사고,0,1,0,0,차대사람 - 횡단중,안전운전불이행,건조,맑음,단일로 - 기타,승용,남,21세,상해없음,보행자,남,22세,중상
2014020800100505,2014년 2월 8일 21시,토요일,제주특별자치도 제주시 한림읍,중상사고,0,1,0,0,차대차 - 추돌 - 주정차중,안전운전불이행,건조,맑음,단일로 - 기타,승용,여,20세,상해없음,승용,남,47세,중상
2014020800100560,2014년 2월 8일 23시,토요일,제주특별자치도 제주시 연동,부상신고사고,0,0,0,1,차대사람 - 기타,안전운전불이행,건조,흐림,단일로 - 기타,기타불명,기타불명,기타불명,기타불명,보행자,남,39세,부상신고
2014020900100101,2014년 2월 9일 07시,일요일,제주특별자치도 서귀포시 남원읍,경상사고,0,0,4,0,차대차 - 추돌 - 진행중,안전운전불이행,건조,맑음,교차로 - 교차로부근,승용,남,27세,상해없음,승용,여,64세,경상
2014020900100156,2014년 2월 9일 12시,일요일,제주특별자치도 서귀포시 표선면,경상사고,0,0,1,0,차대차 - 추돌 - 주정차중,안전운전불이행,건조,맑음,단일로 - 기타,승용,남,78세,상해없음,승용,남,51세,경상
2014020900100195,2014년 2월 9일 14시,일요일,제주특별자치도 서귀포시 성산읍,중상사고,0,1,0,0,차대차 - 추돌 - 진행중,안전운전불이행,건조,맑음,단일로 - 기타,승용,남,22세,상해없음,화물,남,36세,상해없음
2014020900100220,2014년 2월 9일 15시,일요일,제주특별자치도 제주시 우도면,중상사고,0,1,1,0,차대차 - 측면직각충돌,안전운전불이행,기타,맑음,단일로 - 기타,화물,남,32세,상해없음,원동기,남,31세,경상
2014020900100243,2014년 2월 9일 16시,일요일,제주특별자치도 제주시 우도면,중상사고,0,2,0,0,차대차 - 추돌 - 주정차중,안전운전불이행,건조,맑음,단일로 - 기타,화물,남,47세,상해없음,승용,여,40세,중상
2014020900100259,2014년 2월 9일 17시,일요일,제주특별자치도 제주시 아라일동,중상사고,0,4,1,0,차대차 - 측면직각충돌,교차로운행방법위반,결빙,눈,교차로 - 교차로안,승용,남,44세,중상,승용,남,51세,상해없음
2014020900100321,2014년 2월 9일 19시,일요일,제주특별자치도 서귀포시 서귀동,경상사고,0,0,1,0,차대사람 - 차도통행중,안전운전불이행,건조,맑음,교차로 - 교차로안,승용,남,65세,상해없음,보행자,여,76세,경상
2014020900100367,2014년 2월 9일 21시,일요일,제주특별자치도 제주시 화북이동,경상사고,0,0,3,0,차대차 - 측면직각충돌,중앙선침범,기타,맑음,단일로 - 기타,승용,남,26세,상해없음,승용,남,32세,경상
2014020900100389,2014년 2월 9일 22시,일요일,제주특별자치도 제주시 일도이동,경상사고,0,0,1,0,차대차 - 측면직각충돌,안전거리미확보,건조,맑음,단일로 - 기타,승용,남,33세,상해없음,이륜,남,22세,경상
2014021000100094,2014년 2월 10일 07시,월요일,제주특별자치도 제주시 도련일동,사망사고,1,0,0,0,차대사람 - 횡단중,보행자보호의무위반,건조,맑음,교차로 - 교차로부근,화물,남,46세,상해없음,보행자,여,78세,사망
2014021000100144,2014년 2월 10일 08시,월요일,제주특별자치도 제주시 이도이동,중상사고,0,1,1,1,차대차 - 측면직각충돌,직진우회전진행방해,건조,맑음,교차로 - 교차로안,승용,여,44세,부상신고,승용,남,28세,경상
2014021000100175,2014년 2월 10일 09시,월요일,제주특별자치도 제주시 오라일동,경상사고,0,0,1,0,차대차 - 추돌 - 주정차중,안전운전불이행,습기,비,교차로 - 교차로안,승용,여,53세,상해없음,화물,남,55세,상해없음
2014021000100176,2014년 2월 10일 09시,월요일,제주특별자치도 제주시 노형동,경상사고,0,0,1,0,차량단독 - 기타,기타,결빙,맑음,단일로 - 기타,승합,남,48세,상해없음,,,,
2014021000100208,2014년 2월 10일 10시,월요일,제주특별자치도 제주시 조천읍,경상사고,0,0,1,0,차대차 - 측면직각충돌,안전운전불이행,건조,맑음,기타 - 기타,화물,남,59세,상해없음,이륜,남,72세,경상
2014021000100209,2014년 2월 10일 10시,월요일,제주특별자치도 제주시 애월읍,중상사고,0,1,0,0,차대차 - 추돌 - 진행중,안전운전불이행,건조,맑음,단일로 - 기타,승합,남,25세,상해없음,이륜,남,75세,중상