사고번호,사고일시,요일,시군구,사고내용,사망자수,중상자수,경상자수,부상신고자수,사고유형,법규위반,노면상태,기상상태,도로형태,가해운전자 차종,가해운전자 성별,가해운전자 연령,가해운전자 상해정도,피해운전자 차종,피해운전자 성별,피해운전자 연령,피해운전자 상해정도
2014021000100231,2014년 2월 10일 11시,월요일,제주특별자치도 제주시 노형동,경상사고,0,0,1,0,차대차 - 추돌 - 진행중,안전운전불이행,습기,비,단일로 - 기타,승용,여,57세,상해없음,승용,남,37세,경상
2014021000100340,2014년 2월 10일 15시,월요일,제주특별자치도 제주시 이도이동,경상사고,0,0,1,0,차대차 - 측면직각충돌,신호위반,습기,비,교차로 - 교차로안,승용,여,37세,경상,승용,남,41세,상해없음
2014021000100341,2014년 2월 10일 15시,월요일,제주특별자치도 제주시 연동,중상사고,0,1,0,0,차대사람 - 기타,안전운전불이행,습기,비,단일로 - 기타,승용,남,50세,상해없음,보행자,여,38세,중상
2014021000100342,2014년 2월 10일 15시,월요일,제주특별자치도 제주시 연동,경상사고,0,0,1,0,차대사람 - 횡단중,보행자보호의무위반,습기,비,단일로 - 기타,승용,남,66세,상해없음,보행자,여,22세,경상
2014021000100439,2014년 2월 10일 18시,월요일,제주특별자치도 제주시 한림읍,중상사고,0,1,0,0,차대차 - 추돌 - 진행중,안전운전불이행,습기,비,단일로 - 기타,승용,남,47세,상해없음,자전거,여,63세,중상
2014021000100478,2014년 2월 10일 19시,월요일,제주특별자치도 제주시 노형동,중상사고,0,1,0,0,차대사람 - 횡단중,보행자보호의무위반,습기,비,교차로 - 교차로안,승용,남,53세,상해없음,보행자,여,42세,중상
2014021000100479,2014년 2월 10일 19시,월요일,제주특별자치도 제주시 연동,경상사고,0,0,1,0,차대차 - 추돌 - 주정차중,안전운전불이행,습기,비,단일로 - 기타,승용,여,53세,상해없음,승용,남,19세,경상
2014021000100508,2014년 2월 10일 20시,월요일,제주특별자치도 제주시 연동,경상사고,0,0,2,0,차대차 - 추돌 - 주정차중,안전운전불이행,습기,비,교차로 - 교차로안,승용,남,46세,상해없음,승용,남,36세,경상
2014021000100539,2014년 2월 10일 21시,월요일,제주특별자치도 서귀포시 서귀동,경상사고,0,0,1,0,차대사람 - 횡단중,보행자보호의무위반,기타,비,단일로 - 횡단보도상,승용,여,56세,상해없음,보행자,남,18세,경상
2014021000100560,2014년 2월 10일 22시,월요일,제주특별자치도 제주시 연동,경상사고,0,0,2,0,차대차 - 추돌 - 진행중,안전운전불이행,습기,비,단일로 - 기타,승용,남,25세,상해없음,화물,여,48세,경상
2014021000100590,2014년 2월 10일 23시,월요일,제주특별자치도 제주시 화북이동,경상사고,0,0,2,0,차대차 - 측면직각충돌,교차로운행방법위반,습기,비,교차로 - 교차로안,승용,남,49세,상해없음,승용,남,23세,경상
2014021100100013,2014년 2월 11일 00시,화요일,제주특별자치도 제주시 화북일동,경상사고,0,0,3,0,차대차 - 측면직각충돌,직진우회전진행방해,건조,흐림,교차로 - 교차로안,승용,남,66세,상해없음,승용,여,42세,상해없음
2014021100100014,2014년 2월 11일 00시,화요일,제주특별자치도 제주시 연동,경상사고,0,0,1,0,차대사람 - 기타,안전운전불이행,습기,비,단일로 - 기타,승용,남,50세,상해없음,보행자,남,46세,경상
2014021100100069,2014년 2월 11일 06시,화요일,제주특별자치도 제주시 일도일동,중상사고,0,1,0,0,차대사람 - 횡단중,보행자보호의무위반,습기,흐림,교차로 - 교차로안,승용,남,58세,상해없음,보행자,여,30세,중상
2014021100100115,2014년 2월 11일 08시,화요일,제주특별자치도 제주시 노형동,중상사고,0,1,0,0,차대차 - 추돌 - 진행중,안전운전불이행,건조,흐림,단일로 - 기타,승용,여,51세,기타불명,승용,여,30세,중상
2014021100100137,2014년 2월 11일 09시,화요일,제주특별자치도 서귀포시 남원읍,중상사고,0,1,0,0,차대차 - 측면직각충돌,직진우회전진행방해,습기,흐림,교차로 - 교차로안,승용,남,52세,상해없음,화물,남,39세,중상
2014021100100138,2014년 2월 11일 09시,화요일,제주특별자치도 제주시 노형동,경상사고,0,0,1,0,차대차 - 추돌 - 주정차중,안전운전불이행,건조,맑음,교차로 - 교차로부근,화물,남,22세,상해없음,화물,남,37세,경상
2014021100100164,2014년 2월 11일 10시,화요일,제주특별자치도 제주시 노형동,경상사고,0,0,4,0,차대차 - 추돌 - 진행중,안전거리미확보,건조,맑음,단일로 - 기타,승용,남,32세,경상,승용,여,21세,경상
2014021100100225,2014년 2월 11일 12시,화요일,제주특별자치도 제주시 이도이동,중상사고,0,1,0,0,차대사람 - 횡단중,중앙선침범,건조,맑음,단일로 - 기타,승용,여,37세,상해없음,보행자,여,22세,중상
2014021100100250,2014년 2월 11일 13시,화요일,제주특별자치도 서귀포시 하원동,중상사고,0,1,0,0,차대차 - 정면충돌,직진우회전진행방해,건조,맑음,교차로 - 교차로안,화물,남,36세,상해없음,승용,여,65세,중상
2014021100100279,2014년 2월 11일 14시,화요일,제주특별자치도 제주시 우도면,중상사고,0,2,0,0,차대차 - 측면직각충돌,교차로운행방법위반,기타,맑음,교차로 - 교차로부근,화물,남,51세,상해없음,이륜,남,25세,중상
2014021100100303,2014년 2월 11일 15시,화요일,제주특별자치도 제주시 노형동,중상사고,0,1,2,0,차대차 - 추돌 - 진행중,안전운전불이행,건조,맑음,단일로 - 기타,승용,남,39세,상해없음,승용,여,44세,경상
2014021100100412,2014년 2월 11일 19시,화요일,제주특별자치도 제주시 노형동,중상사고,0,1,0,0,차대사람 - 기타,보행자보호의무위반,건조,맑음,교차로 - 교차로부근,승용,남,29세,상해없음,보행자,여,45세,중상
2014021200100039,2014년 2월 12일 02시,수요일,제주특별자치도 제주시 삼도일동,중상사고,0,1,0,0,차대차 - 추돌 - 주정차중,안전운전불이행,건조,흐림,교차로 - 교차로부근,승용,남,40세,상해없음,승합,남,50세,중상
2014021200100061,2014년 2월 12일 05시,수요일,제주특별자치도 서귀포시 남원읍,사망사고,1,1,0,0,차량단독 - 공작물충돌,안전운전불이행,건조,흐림,교차로 - 교차로부근,승용,남,27세,사망,,,,
2014021200100129,2014년 2월 12일 08시,수요일,제주특별자치도 제주시 아라일동,중상사고,0,1,0,0,차대차 - 측면직각충돌,안전운전불이행,결빙,맑음,교차로 - 교차로부근,승용,남,30세,상해없음,승용,남,30세,중상
2014021200100130,2014년 2월 12일 08시,수요일,제주특별자치도 제주시 아라일동,경상사고,0,0,3,0,차량단독 - 공작물충돌,안전운전불이행,결빙,흐림,교차로 - 교차로부근,승합,남,58세,상해없음,,,,
2014021200100131,2014년 2월 12일 08시,수요일,제주특별자치도 제주시 노형동,경상사고,0,0,1,0,차대차 - 추돌 - 주정차중,안전거리미확보,건조,맑음,단일로 - 기타,승용,여,31세,상해없음,승용,여,40세,경상
2014021200100151,2014년 2월 12일 09시,수요일,제주특별자치도 제주시 오라이동,중상사고,0,1,0,0,차대차 - 추돌 - 진행중,안전운전불이행,건조,맑음,단일로 - 기타,승용,여,47세,상해없음,화물,남,55세,중상
2014021200100170,2014년 2월 12일 10시,수요일,제주특별자치도 제주시 이도이동,경상사고,0,0,1,0,차량단독 - 공작물충돌,안전운전불이행,건조,맑음,단일로 - 기타,승합,남,48세,상해없음,,,,
2014021200100280,2014년 2월 12일 14시,수요일,제주특별자치도 서귀포시 신효동,중상사고,0,1,1,0,차대차 - 측면직각충돌,직진우회전진행방해,건조,맑음,교차로 - 교차로안,승용,여,26세,상해없음,승용,남,31세,중상
2014021200100358,2014년 2월 12일 17시,수요일,제주특별자치도 서귀포시 성산읍,경상사고,0,0,1,0,차대차 - 기타,신호위반,건조,맑음,교차로 - 교차로부근,승합,남,37세,상해없음,자전거,남,9세,경상
2014021200100534,2014년 2월 12일 22시,수요일,제주특별자치도 제주시 용담삼동,경상사고,0,0,3,0,차대차 - 추돌 - 진행중,안전운전불이행,건조,흐림,단일로 - 기타,승용,남,42세,상해없음,승용,남,73세,상해없음
2014021200100559,2014년 2월 12일 23시,수요일,제주특별자치도 서귀포시 중문동,중상사고,0,1,0,0,차대사람 - 차도통행중,안전운전불이행,건조,맑음,단일로 - 기타,이륜,남,17세,상해없음,보행자,남,52세,중상
2014021300100049,2014년 2월 13일 03시,목요일,제주특별자치도 제주시 연동,부상신고사고,0,0,0,1,차대사람 - 기타,안전운전불이행,습기,비,단일로 - 기타,승용,남,36세,상해없음,보행자,남,30세,부상신고
2014021300100138,2014년 2월 13일 08시,목요일,제주특별자치도 제주시 이도이동,부상신고사고,0,0,0,1,차대차 - 측면직각충돌,중앙선침범,건조,맑음,교차로 - 교차로부근,이륜,남,56세,부상신고,승용,남,52세,상해없음
2014021300100139,2014년 2월 13일 08시,목요일,제주특별자치도 제주시 오라이동,중상사고,0,1,0,0,차대차 - 추돌 - 진행중,안전운전불이행,건조,맑음,단일로 - 기타,이륜,남,45세,중상,화물,남,36세,상해없음
2014021300100140,2014년 2월 13일 08시,목요일,제주특별자치도 서귀포시 남원읍,경상사고,0,0,1,0,차대사람 - 횡단중,기타,건조,맑음,단일로 - 기타,승용,남,38세,상해없음,보행자,남,9세,경상
2014021300100175,2014년 2월 13일 09시,목요일,제주특별자치도 서귀포시 동홍동,중상사고,0,1,0,0,차대차 - 기타,차로위반,건조,맑음,교차로 - 교차로부근,승용,남,71세,상해없음,건설기계,남,33세,상해없음
2014021300100231,2014년 2월 13일 12시,목요일,제주특별자치도 서귀포시 동홍동,중상사고,0,1,0,0,차대차 - 기타,직진우회전진행방해,건조,맑음,교차로 - 교차로안,승용,남,23세,상해없음,원동기,남,69세,중상
2014021300100281,2014년 2월 13일 14시,목요일,제주특별자치도 제주시 용담이동,경상사고,0,0,1,0,차대사람 - 횡단중,안전운전불이행,건조,맑음,단일로 - 기타,화물,남,53세,상해없음,보행자,남,7세,경상
2014021300100526,2014년 2월 13일 22시,목요일,제주특별자치도 서귀포시 강정동,중상사고,0,1,0,0,차대사람 - 기타,안전운전불이행,건조,맑음,교차로 - 교차로부근,화물,남,46세,상해없음,보행자,여,46세,중상
2014021400100036,2014년 2월 14일 01시,금요일,제주특별자치도 제주시 이도이동,중상사고,0,1,0,0,차대사람 - 횡단중,보행자보호의무위반,건조,맑음,교차로 - 교차로안,승용,남,32세,상해없음,보행자,남,32세,중상
2014021400100126,2014년 2월 14일 08시,금요일,제주특별자치도 제주시 일도이동,경상사고,0,0,1,0,차대차 - 측면직각충돌,안전운전불이행,기타,맑음,단일로 - 기타,승용,남,61세,상해없음,이륜,여,31세,경상
2014021400100127,2014년 2월 14일 08시,금요일,제주특별자치도 제주시 이도이동,경상사고,0,0,1,0,차량단독 - 공작물충돌,안전운전불이행,건조,맑음,단일로 - 기타,승합,남,39세,상해없음,,,,
2014021400100128,2014년 2월 14일 08시,금요일,제주특별자치도 서귀포시 서귀동,중상사고,0,1,0,0,차대사람 - 기타,보행자보호의무위반,건조,맑음,단일로 - 횡단보도상,화물,여,53세,상해없음,보행자,여,7세,중상
2014021400100171,2014년 2월 14일 10시,금요일,제주특별자치도 제주시 애월읍,경상사고,0,0,2,0,차대차 - 추돌 - 진행중,안전운전불이행,건조,흐림,단일로 - 기타,화물,남,56세,상해없음,농기계,여,59세,경상
2014021400100197,2014년 2월 14일 11시,금요일,제주특별자치도 제주시 조천읍,경상사고,0,0,1,0,차대차 - 기타,중앙선침범,건조,맑음,단일로 - 기타,승용,남,30세,상해없음,승합,남,57세,상해없음
2014021400100274,2014년 2월 14일 14시,금요일,제주특별자치도 서귀포시 표선면,부상신고사고,0,0,0,1,차대사람 - 기타,안전운전불이행,건조,맑음,교차로 - 교차로안,승용,남,36세,상해없음,보행자,남,7세,부상신고
2014021400100298,2014년 2월 14일 15시,금요일,제주특별자치도 서귀포시 대포동,경상사고,0,0,1,0,차량단독 - 공작물충돌,안전운전불이행,건조,맑음,단일로 - 기타,승용,남,49세,상해없음,,,,
2014021400100299,2014년 2월 14일 15시,금요일,제주특별자치도 서귀포시 도순동,경상사고,0,0,3,0,차대차 - 기타,차로위반,건조,맑음,교차로 - 교차로부근,승용,여,43세,상해없음,건설기계,남,50세,상해없음
2014021400100329,2014년 2월 14일 16시,금요일,제주특별자치도 서귀포시 서귀동,부상신고사고,0,0,0,1,차대사람 - 기타,안전운전불이행,건조,맑음,교차로 - 교차로부근,화물,남,52세,상해없음,보행자,남,18세,부상신고
2014021400100391,2014년 2월 14일 18시,금요일,제주특별자치도 서귀포시 표선면,경상사고,0,0,1,0,차대차 - 기타,안전운전불이행,건조,맑음,단일로 - 기타,화물,남,66세,상해없음,승용,여,27세,경상
2014021400100392,2014년 2월 14일 18시,금요일,제주특별자치도 제주시 용담이동,경상사고,0,0,5,0,차대차 - 정면충돌,안전운전불이행,건조,맑음,단일로 - 기타,화물,남,39세,상해없음,승합,남,68세,경상
2014021400100538,2014년 2월 14일 22시,금요일,제주특별자치도 제주시 연동,경상사고,0,0,1,0,차대사람 - 기타,안전운전불이행,건조,맑음,단일로 - 기타,승합,남,29세,상해없음,보행자,남,46세,경상
2014021400100577,2014년 2월 14일 23시,금요일,제주특별자치도 제주시 노형동,경상사고,0,0,3,1,차대차 - 측면직각충돌,교차로운행방법위반,건조,맑음,교차로 - 교차로안,승용,남,43세,상해없음,승용,남,45세,상해없음
2014021500100144,2014년 2월 15일 07시,토요일,제주특별자치도 제주시 삼도이동,경상사고,0,0,2,0,차대차 - 측면직각충돌,신호위반,건조,맑음,교차로 - 교차로안,승용,남,26세,상해없음,승용,남,45세,경상
2014021500100196,2014년 2월 15일 09시,토요일,제주특별자치도 제주시 구좌읍,중상사고,0,2,0,0,차대차 - 측면직각충돌,안전운전불이행,건조,맑음,단일로 - 기타,승합,남,30세,상해없음,이륜,남,69세,중상
2014021500100265,2014년 2월 15일 12시,토요일,제주특별자치도 제주시 노형동,중상사고,0,2,0,1,차대차 - 기타,과속,건조,맑음,단일로 - 기타,승합,남,22세,부상신고,승용,여,52세,중상
2014021500100299,2014년 2월 15일 13시,토요일,제주특별자치도 서귀포시 남원읍,중상사고,0,2,0,0,차대차 - 기타,직진우회전진행방해,건조,맑음,교차로 - 교차로안,승용,남,49세,상해없음,농기계,남,79세,중상
2014021500100387,2014년 2월 15일 16시,토요일,제주특별자치도 제주시 도련일동,중상사고,0,1,0,0,차대사람 - 횡단중,보행자보호의무위반,건조,맑음,단일로 - 기타,승용,여,40세,상해없음,보행자,남,11세,중상
2014021500100388,2014년 2월 15일 16시,토요일,제주특별자치도 제주시 애월읍,경상사고,0,0,1,0,차대차 - 측면직각충돌,신호위반,건조,맑음,교차로 - 교차로안,승용,남,70세,상해없음,화물,남,40세,경상
2014021500100452,2014년 2월 15일 18시,토요일,제주특별자치도 서귀포시 성산읍,중상사고,0,1,1,0,차대차 - 기타,안전운전불이행,건조,맑음,교차로 - 교차로부근,화물,남,71세,중상,화물,남,33세,경상
2014021500100485,2014년 2월 15일 19시,토요일,제주특별자치도 제주시 연동,경상사고,0,0,1,0,차대사람 - 기타,안전운전불이행,건조,맑음,단일로 - 기타,화물,여,44세,상해없음,보행자,남,64세,경상
2014021500100521,2014년 2월 15일 20시,토요일,제주특별자치도 제주시 조천읍,경상사고,0,0,1,0,차대차 - 추돌 - 진행중,안전운전불이행,건조,맑음,교차로 - 교차로부근,승용,남,56세,상해없음,승용,여,39세,경상
2014021500100556,2014년 2월 15일 21시,토요일,제주특별자치도 제주시 노형동,부상신고사고,0,0,0,1,차대차 - 측면직각충돌,안전운전불이행,건조,맑음,단일로 - 기타,이륜,남,18세,부상신고,승용,남,51세,상해없음
2014021500100557,2014년 2월 15일 21시,토요일,제주특별자치도 제주시 한림읍,중상사고,0,3,1,0,차대차 - 기타,안전운전불이행,건조,맑음,단일로 - 기타,승용,남,42세,경상,승용,남,21세,중상
2014021500100601,2014년 2월 15일 23시,토요일,제주특별자치도 제주시 도남동,경상사고,0,0,1,0,차대사람 - 횡단중,안전운전불이행,건조,맑음,단일로 - 기타,승용,남,71세,상해없음,보행자,남,52세,경상
2014021600100217,2014년 2월 16일 12시,일요일,제주특별자치도 제주시 조천읍,중상사고,0,1,0,0,차대차 - 측면직각충돌,교차로운행방법위반,건조,맑음,교차로 - 교차로부근,승용,여,70세,상해없음,원동기,남,72세,중상
2014021600100237,2014년 2월 16일 13시,일요일,제주특별자치도 서귀포시 대정읍,경상사고,0,0,1,0,차대차 - 측면직각충돌,직진우회전진행방해,건조,맑음,교차로 - 교차로안,승합,여,44세,상해없음,원동기,남,83세,경상
2014021600100375,2014년 2월 16일 19시,일요일,제주특별자치도 제주시 용담이동,경상사고,0,0,1,0,차대차 - 추돌 - 진행중,안전거리미확보,건조,맑음,단일로 - 기타,승용,남,39세,상해없음,승용,남,50세,경상
2014021600100443,2014년 2월 16일 22시,일요일,제주특별자치도 서귀포시 상예동,부상신고사고,0,0,0,1,차대차 - 측면직각충돌,직진우회전진행방해,건조,맑음,교차로 - 교차로안,승용,남,42세,상해없음,승용,여,43세,부상신고
2014021700100009,2014년 2월 17일 00시,월요일,제주특별자치도 제주시 일도일동,경상사고,0,0,2,0,차대차 - 측면직각충돌,신호위반,건조,맑음,교차로 - 교차로안,승용,남,54세,상해없음,승용,남,50세,상해없음
2014021700100028,2014년 2월 17일 04시,월요일,제주특별자치도 제주시 오라일동,경상사고,0,0,1,0,차대사람 - 횡단중,안전운전불이행,기타,맑음,단일로 - 기타,승용,남,33세,상해없음,보행자,남,31세,경상
2014021700100091,2014년 2월 17일 08시,월요일,제주특별자치도 제주시 일도일동,경상사고,0,0,1,0,차대차 - 측면직각충돌,직진우회전진행방해,습기,비,교차로 - 교차로안,승용,남,64세,상해없음,승용,남,56세,상해없음
2014021700100092,2014년 2월 17일 08시,월요일,제주특별자치도 제주시 이도이동,중상사고,0,1,0,0,차대사람 - 횡단중,안전운전불이행,습기,비,교차로 - 교차로부근,승용,여,59세,상해없음,보행자,여,53세,중상
2014021700100159,2014년 2월 17일 11시,월요일,제주특별자치도 서귀포시 서호동,경상사고,0,0,1,0,차대차 - 추돌 - 주정차중,안전운전불이행,습기,비,단일로 - 기타,승용,남,69세,상해없음,승용,남,29세,상해없음
2014021700100160,2014년 2월 17일 11시,월요일,제주특별자치도 제주시 노형동,중상사고,0,1,0,0,차대사람 - 횡단중,안전운전불이행,습기,비,교차로 - 교차로안,승용,남,57세,상해없음,보행자,여,86세,중상
2014021700100211,2014년 2월 17일 13시,월요일,제주특별자치도 제주시 도두일동,중상사고,0,1,0,0,차대차 - 추돌 - 진행중,교차로운행방법위반,건조,맑음,교차로 - 교차로안,승용,남,74세,중상,승용,남,42세,상해없음
2014021700100257,2014년 2월 17일 15시,월요일,제주특별자치도 제주시 화북이동,중상사고,0,2,3,0,차대차 - 추돌 - 주정차중,안전운전불이행,기타,흐림,단일로 - 기타,승용,남,46세,상해없음,승용,남,46세,중상
2014021700100282,2014년 2월 17일 16시,월요일,제주특별자치도 제주시 건입동,경상사고,0,0,2,0,차대차 - 측면직각충돌,교차로운행방법위반,습기,비,교차로 - 교차로안,승용,남,45세,상해없음,승용,여,29세,경상
2014021700100394,2014년 2월 17일 19시,월요일,제주특별자치도 제주시 연동,중상사고,0,1,0,0,차대사람 - 횡단중,보행자보호의무위반,습기,비,교차로 - 교차로부근,화물,남,36세,상해없음,보행자,여,24세,중상
2014021700100429,2014년 2월 17일 20시,월요일,제주특별자치도 제주시 이도이동,경상사고,0,0,1,0,차대사람 - 횡단중,보행자보호의무위반,건조,맑음,단일로 - 기타,승용,남,57세,상해없음,보행자,남,32세,경상
2014021700100465,2014년 2월 17일 21시,월요일,제주특별자치도 서귀포시 남원읍,경상사고,0,0,1,0,차대차 - 기타,안전운전불이행,습기,비,교차로 - 교차로안,화물,남,64세,상해없음,승용,남,39세,경상
2014021700100492,2014년 2월 17일 22시,월요일,제주특별자치도 제주시 노형동,경상사고,0,0,1,0,차대차 - 정면충돌,안전운전불이행,습기,비,교차로 - 교차로안,승용,남,36세,상해없음,승합,남,50세,경상
2014021700100513,2014년 2월 17일 23시,월요일,제주특별자치도 제주시 노형동,경상사고,0,0,1,0,차대사람 - 기타,보행자보호의무위반,습기,비,단일로 - 기타,승용,남,45세,기타불명,보행자,여,28세,경상
2014021700100514,2014년 2월 17일 23시,월요일,제주특별자치도 제주시 노형동,중상사고,0,3,0,0,차대차 - 추돌 - 진행중,직진우회전진행방해,습기,비,교차로 - 교차로안,승용,남,38세,상해없음,승용,남,60세,상해없음
2014021800100037,2014년 2월 18일 02시,화요일,제주특별자치도 제주시 연동,경상사고,0,0,1,0,차대차 - 추돌 - 진행중,안전운전불이행,건조,맑음,단일로 - 기타,승용,남,44세,상해없음,승용,남,47세,경상
2014021800100044,2014년 2월 18일 03시,화요일,제주특별자치도 제주시 일도이동,경상사고,0,0,1,0,차대차 - 측면직각충돌,안전운전불이행,건조,기타,교차로 - 교차로부근,승용,남,37세,상해없음,승용,여,53세,경상
2014021800100045,2014년 2월 18일 03시,화요일,제주특별자치도 제주시 연동,중상사고,0,1,0,0,차대사람 - 횡단중,안전운전불이행,습기,비,단일로 - 기타,승용,남,45세,상해없음,보행자,남,44세,중상
2014021800100046,2014년 2월 18일 03시,화요일,제주특별자치도 제주시 도두일동,경상사고,0,0,3,0,차대차 - 기타,안전운전불이행,습기,비,단일로 - 기타,승용,여,41세,경상,승용,여,41세,경상
2014021800100120,2014년 2월 18일 09시,화요일,제주특별자치도 제주시 한림읍,중상사고,0,1,3,0,차대차 - 추돌 - 진행중,안전운전불이행,건조,맑음,단일로 - 기타,승합,남,53세,상해없음,승용,여,38세,경상
2014021800100185,2014년 2월 18일 12시,화요일,제주특별자치도 제주시 구좌읍,경상사고,0,0,1,0,차대차 - 정면충돌,교차로운행방법위반,건조,맑음,교차로 - 교차로안,농기계,남,63세,경상,화물,남,44세,상해없음
2014021800100300,2014년 2월 18일 17시,화요일,제주특별자치도 제주시 아라일동,경상사고,0,0,1,0,차대차 - 측면직각충돌,안전운전불이행,건조,맑음,단일로 - 기타,승용,여,53세,상해없음,이륜,남,25세,경상
2014021800100367,2014년 2월 18일 19시,화요일,제주특별자치도 제주시 외도일동,경상사고,0,0,1,0,차대사람 - 횡단중,보행자보호의무위반,건조,맑음,단일로 - 횡단보도상,승용,남,67세,상해없음,보행자,여,66세,경상
2014021800100395,2014년 2월 18일 20시,화요일,제주특별자치도 제주시 삼도일동,경상사고,0,0,1,0,차대사람 - 횡단중,안전운전불이행,건조,맑음,단일로 - 횡단보도상,승용,여,32세,상해없음,보행자,여,38세,경상
2014021800100396,2014년 2월 18일 20시,화요일,제주특별자치도 제주시 오라이동,경상사고,0,0,1,0,차대차 - 측면직각충돌,안전운전불이행,건조,맑음,교차로 - 교차로부근,승용,여,41세,경상,승용,여,32세,상해없음
2014021800100425,2014년 2월 18일 21시,화요일,제주특별자치도 서귀포시 남원읍,경상사고,0,0,2,0,차대차 - 추돌 - 진행중,직진우회전진행방해,건조,맑음,교차로 - 교차로안,승용,남,22세,상해없음,원동기,남,18세,경상
2014021900100020,2014년 2월 19일 01시,수요일,제주특별자치도 제주시 노형동,경상사고,0,0,1,0,차대차 - 추돌 - 주정차중,안전운전불이행,건조,맑음,단일로 - 기타,승용,남,45세,상해없음,승용,여,29세,경상
2014021900100067,2014년 2월 19일 06시,수요일,제주특별자치도 제주시 이도이동,사망사고,1,0,0,0,차대사람 - 횡단중,안전운전불이행,건조,맑음,교차로 - 교차로안,승용,남,30세,상해없음,보행자,여,47세,사망
2014021900100089,2014년 2월 19일 07시,수요일,제주특별자치도 제주시 연동,경상사고,0,0,1,0,차대차 - 추돌 - 진행중,안전운전불이행,건조,맑음,교차로 - 교차로부근,승용,남,22세,상해없음,승용,남,58세,경상
2014021900100105,2014년 2월 19일 08시,수요일,제주특별자치도 제주시 아라일동,부상신고사고,0,0,0,2,차대차 - 측면직각충돌,안전거리미확보,건조,흐림,단일로 - 기타,승용,여,39세,상해없음,승용,여,23세,부상신고
2014021900100106,2014년 2월 19일 08시,수요일,제주특별자치도 제주시 연동,경상사고,0,0,1,0,차대차 - 추돌 - 진행중,안전거리미확보,건조,흐림,단일로 - 기타,승용,남,51세,상해없음,승용,여,52세,경상
2014021900100222,2014년 2월 19일 13시,수요일,제주특별자치도 제주시 도두일동,경상사고,0,0,1,0,차대차 - 추돌 - 주정차중,안전운전불이행,건조,맑음,교차로 - 교차로안,승합,남,63세,상해없음,승합,남,34세,경상
2014021900100290,2014년 2월 19일 16시,수요일,제주특별자치도 제주시 도남동,중상사고,0,1,0,0,차대사람 - 횡단중,안전운전불이행,건조,맑음,단일로 - 기타,승용,여,28세,상해없음,보행자,남,6세,중상
2014021900100355,2014년 2월 19일 18시,수요일,제주특별자치도 제주시 애월읍,경상사고,0,0,3,0,차대차 - 추돌 - 진행중,안전거리미확보,건조,맑음,단일로 - 기타,이륜,남,37세,경상,승용,남,55세,경상
2014021900100398,2014년 2월 19일 19시,수요일,제주특별자치도 제주시 한경면,중상사고,0,1,0,0,차대사람 - 기타,안전운전불이행,건조,맑음,단일로 - 기타,화물,남,57세,상해없음,보행자,남,20세,중상
2014021900100494,2014년 2월 19일 23시,수요일,제주특별자치도 제주시 이도이동,경상사고,0,0,1,0,차대차 - 추돌 - 주정차중,안전운전불이행,기타,맑음,단일로 - 기타,승용,남,37세,상해없음,승용,남,35세,경상
2014021900100495,2014년 2월 19일 23시,수요일,제주특별자치도 제주시 연동,중상사고,0,1,1,0,차대차 - 측면직각충돌,직진우회전진행방해,건조,맑음,교차로 - 교차로안,승용,남,22세,상해없음,승용,여,39세,중상
2014022000100150,2014년 2월 20일 08시,목요일,제주특별자치도 제주시 아라일동,경상사고,0,0,2,0,차대차 - 측면직각충돌,안전운전불이행,건조,맑음,교차로 - 교차로안,승용,여,26세,상해없음,승용,남,29세,경상
2014022000100176,2014년 2월 20일 09시,목요일,제주특별자치도 제주시 노형동,경상사고,0,0,2,0,차대차 - 추돌 - 진행중,안전운전불이행,건조,맑음,교차로 - 교차로안,승용,남,25세,상해없음,승용,남,66세,경상
2014022000100277,2014년 2월 20일 14시,목요일,제주특별자치도 서귀포시 안덕면,중상사고,0,1,1,0,차대차 - 기타,안전거리미확보,건조,맑음,단일로 - 기타,화물,남,37세,경상,승합,남,40세,상해없음
2014022000100333,2014년 2월 20일 16시,목요일,제주특별자치도 제주시 이도일동,경상사고,0,0,1,0,차대차 - 측면직각충돌,기타,건조,맑음,단일로 - 기타,승용,남,63세,상해없음,승용,남,47세,경상
2014022000100366,2014년 2월 20일 17시,목요일,제주특별자치도 서귀포시 서홍동,중상사고,0,1,0,0,차대사람 - 횡단중,안전운전불이행,건조,맑음,단일로 - 기타,승용,여,48세,상해없음,보행자,남,13세,중상
2014022000100399,2014년 2월 20일 18시,목요일,제주특별자치도 서귀포시 상예동,중상사고,0,2,0,0,차대차 - 기타,신호위반,건조,맑음,교차로 - 교차로안,승용,남,23세,상해없음,승용,여,52세,중상
2014022000100463,2014년 2월 20일 21시,목요일,제주특별자치도 제주시 이도일동,부상신고사고,0,0,0,1,차대차 - 측면직각충돌,안전운전불이행,건조,맑음,교차로 - 교차로안,이륜,남,40세,부상신고,승용,남,49세,상해없음
2014022000100489,2014년 2월 20일 22시,목요일,제주특별자치도 제주시 화북일동,사망사고,1,0,0,0,차량단독 - 공작물충돌,안전운전불이행,건조,기타,단일로 - 기타,승용,남,38세,사망,,,,