사고번호,사고일시,요일,시군구,사고내용,사망자수,중상자수,경상자수,부상신고자수,사고유형,법규위반,노면상태,기상상태,도로형태,가해운전자 차종,가해운전자 성별,가해운전자 연령,가해운전자 상해정도,피해운전자 차종,피해운전자 성별,피해운전자 연령,피해운전자 상해정도
2014030300100317,2014년 3월 3일 14시,월요일,제주특별자치도 서귀포시 하원동,사망사고,1,4,8,0,차대차 - 추돌 - 진행중,보행자보호의무위반,건조,맑음,단일로 - 기타,건설기계,남,61세,상해없음,승용,남,40세,상해없음
2014030300100348,2014년 3월 3일 15시,월요일,제주특별자치도 제주시 영평동,경상사고,0,0,1,0,차량단독 - 공작물충돌,안전운전불이행,건조,맑음,단일로 - 기타,승용,남,45세,경상,,,,
2014030300100415,2014년 3월 3일 17시,월요일,제주특별자치도 제주시 조천읍,경상사고,0,0,1,0,차대차 - 측면직각충돌,안전거리미확보,건조,맑음,교차로 - 교차로부근,이륜,남,54세,경상,승용,남,34세,상해없음
2014030300100416,2014년 3월 3일 17시,월요일,제주특별자치도 서귀포시 남원읍,경상사고,0,0,1,0,차대차 - 추돌 - 주정차중,안전거리미확보,건조,맑음,단일로 - 기타,화물,남,29세,상해없음,승용,남,45세,상해없음
2014030300100446,2014년 3월 3일 18시,월요일,제주특별자치도 제주시 이도일동,중상사고,0,1,1,0,차대차 - 측면직각충돌,안전운전불이행,건조,맑음,단일로 - 기타,이륜,남,46세,중상,승합,남,44세,상해없음
2014030300100447,2014년 3월 3일 18시,월요일,제주특별자치도 서귀포시 남원읍,중상사고,0,1,1,1,차대차 - 기타,중앙선침범,건조,맑음,단일로 - 기타,승용,여,29세,부상신고,화물,남,32세,상해없음
2014030300100482,2014년 3월 3일 19시,월요일,제주특별자치도 서귀포시 서귀동,경상사고,0,0,1,1,차대차 - 정면충돌,중앙선침범,건조,맑음,단일로 - 기타,농기계,남,79세,부상신고,승용,여,44세,경상
2014030400100015,2014년 3월 4일 01시,화요일,제주특별자치도 서귀포시 강정동,중상사고,0,1,0,0,차대사람 - 기타,안전운전불이행,건조,맑음,교차로 - 교차로부근,승용,남,53세,상해없음,보행자,남,54세,중상
2014030400100027,2014년 3월 4일 02시,화요일,제주특별자치도 제주시 연동,중상사고,0,1,0,0,차대사람 - 횡단중,보행자보호의무위반,건조,맑음,단일로 - 기타,승용,남,61세,상해없음,보행자,여,45세,중상
2014030400100119,2014년 3월 4일 09시,화요일,제주특별자치도 서귀포시 안덕면,중상사고,0,2,0,0,차대차 - 추돌 - 진행중,안전운전불이행,건조,흐림,교차로 - 교차로부근,농기계,남,78세,상해없음,승용,여,30세,중상
2014030400100120,2014년 3월 4일 09시,화요일,제주특별자치도 제주시 용담이동,중상사고,0,2,0,0,차대차 - 추돌 - 진행중,안전운전불이행,건조,흐림,단일로 - 기타,승합,남,27세,상해없음,승용,남,37세,중상
2014030400100163,2014년 3월 4일 11시,화요일,제주특별자치도 서귀포시 하효동,경상사고,0,0,2,0,차대차 - 측면직각충돌,직진우회전진행방해,습기,비,교차로 - 교차로안,승용,남,67세,상해없음,화물,남,44세,경상
2014030400100197,2014년 3월 4일 12시,화요일,제주특별자치도 제주시 한경면,경상사고,0,0,1,0,차대차 - 추돌 - 진행중,안전운전불이행,습기,비,교차로 - 교차로안,화물,여,72세,상해없음,농기계,남,82세,경상
2014030400100233,2014년 3월 4일 14시,화요일,제주특별자치도 제주시 연동,경상사고,0,0,2,0,차대차 - 추돌 - 진행중,안전운전불이행,습기,비,교차로 - 교차로안,승용,여,47세,경상,승용,남,49세,경상
2014030400100261,2014년 3월 4일 15시,화요일,제주특별자치도 서귀포시 대포동,중상사고,0,2,2,0,차대차 - 측면직각충돌,직진우회전진행방해,습기,비,교차로 - 교차로안,승용,여,49세,경상,승용,남,51세,중상
2014030400100262,2014년 3월 4일 15시,화요일,제주특별자치도 서귀포시 법환동,경상사고,0,0,1,0,차대사람 - 기타,안전운전불이행,습기,비,단일로 - 기타,승용,여,40세,상해없음,보행자,여,42세,경상
2014030400100347,2014년 3월 4일 18시,화요일,제주특별자치도 제주시 일도일동,경상사고,0,0,1,0,차대차 - 측면직각충돌,신호위반,습기,비,교차로 - 교차로안,승용,여,51세,상해없음,승용,여,34세,경상
2014030400100348,2014년 3월 4일 18시,화요일,제주특별자치도 제주시 연동,중상사고,0,1,0,0,차량단독 - 기타,안전운전불이행,습기,비,단일로 - 기타,승합,남,39세,상해없음,,,,
2014030400100428,2014년 3월 4일 20시,화요일,제주특별자치도 제주시 오라이동,경상사고,0,0,2,1,차대차 - 측면직각충돌,교차로운행방법위반,기타,비,교차로 - 교차로안,승용,여,46세,부상신고,승용,남,42세,경상
2014030500100017,2014년 3월 5일 00시,수요일,제주특별자치도 제주시 구좌읍,경상사고,0,0,1,0,차량단독 - 공작물충돌,안전운전불이행,건조,맑음,교차로 - 교차로부근,승용,여,51세,경상,,,,
2014030500100018,2014년 3월 5일 00시,수요일,제주특별자치도 제주시 노형동,사망사고,1,0,0,0,차대사람 - 횡단중,과속,습기,비,단일로 - 기타,승합,남,62세,상해없음,보행자,여,17세,사망
2014030500100030,2014년 3월 5일 01시,수요일,제주특별자치도 제주시 연동,경상사고,0,0,1,0,차대차 - 기타,중앙선침범,건조,맑음,단일로 - 기타,승용,남,30세,상해없음,승용,남,60세,경상
2014030500100100,2014년 3월 5일 07시,수요일,제주특별자치도 서귀포시 동홍동,경상사고,0,0,1,0,차대차 - 기타,직진우회전진행방해,건조,맑음,교차로 - 교차로안,화물,남,23세,상해없음,승용,남,55세,경상
2014030500100193,2014년 3월 5일 10시,수요일,제주특별자치도 제주시 오라이동,경상사고,0,0,2,0,차대차 - 측면직각충돌,안전거리미확보,건조,맑음,교차로 - 교차로부근,승용,남,59세,상해없음,승용,남,44세,경상
2014030500100398,2014년 3월 5일 17시,수요일,제주특별자치도 제주시 애월읍,경상사고,0,0,2,0,차대차 - 추돌 - 진행중,안전거리미확보,건조,맑음,단일로 - 기타,건설기계,남,49세,상해없음,승용,남,58세,경상
2014030500100399,2014년 3월 5일 17시,수요일,제주특별자치도 제주시 한림읍,경상사고,0,0,1,0,차대사람 - 기타,안전운전불이행,건조,맑음,단일로 - 기타,승용,여,49세,상해없음,보행자,남,9세,경상
2014030500100475,2014년 3월 5일 19시,수요일,제주특별자치도 제주시 연동,경상사고,0,0,2,0,차대차 - 추돌 - 진행중,직진우회전진행방해,건조,맑음,교차로 - 교차로안,승용,남,54세,상해없음,승용,여,20세,경상
2014030500100516,2014년 3월 5일 20시,수요일,제주특별자치도 서귀포시 서귀동,중상사고,0,1,0,0,차대사람 - 기타,보행자보호의무위반,건조,맑음,교차로 - 교차로부근,승용,남,57세,상해없음,보행자,여,62세,중상
2014030500100574,2014년 3월 5일 22시,수요일,제주특별자치도 제주시 삼도일동,경상사고,0,0,1,0,차대차 - 측면직각충돌,기타,건조,흐림,단일로 - 기타,승용,남,45세,상해없음,이륜,남,26세,경상
2014030600100094,2014년 3월 6일 07시,목요일,제주특별자치도 서귀포시 법환동,중상사고,0,1,1,0,차대차 - 기타,직진우회전진행방해,건조,맑음,교차로 - 교차로안,승용,남,69세,상해없음,승용,남,22세,중상
2014030600100095,2014년 3월 6일 07시,목요일,제주특별자치도 제주시 이호이동,중상사고,0,1,0,0,차대사람 - 기타,안전운전불이행,건조,맑음,단일로 - 기타,승용,남,46세,기타불명,보행자,남,50세,중상
2014030600100183,2014년 3월 6일 10시,목요일,제주특별자치도 제주시 일도이동,중상사고,0,1,0,0,차대차 - 측면직각충돌,안전운전불이행,건조,맑음,교차로 - 교차로부근,승용,남,28세,상해없음,원동기,여,54세,중상
2014030600100208,2014년 3월 6일 11시,목요일,제주특별자치도 서귀포시 서호동,중상사고,0,1,2,0,차대차 - 추돌 - 주정차중,안전운전불이행,건조,맑음,단일로 - 기타,화물,남,44세,중상,승용,남,47세,경상
2014030600100361,2014년 3월 6일 17시,목요일,제주특별자치도 서귀포시 서귀동,경상사고,0,0,1,0,차대사람 - 기타,안전운전불이행,건조,맑음,교차로 - 교차로안,화물,남,33세,상해없음,보행자,여,60세,경상
2014030700100161,2014년 3월 7일 09시,금요일,제주특별자치도 제주시 조천읍,중상사고,0,1,0,0,차대차 - 측면직각충돌,교차로운행방법위반,건조,맑음,교차로 - 교차로부근,건설기계,남,41세,상해없음,농기계,남,71세,중상
2014030700100254,2014년 3월 7일 13시,금요일,제주특별자치도 제주시 노형동,중상사고,0,1,0,0,차대차 - 추돌 - 진행중,직진우회전진행방해,건조,맑음,교차로 - 교차로안,승용,여,52세,상해없음,이륜,남,18세,중상
2014030700100282,2014년 3월 7일 14시,금요일,제주특별자치도 서귀포시 대정읍,경상사고,0,0,1,0,차대차 - 기타,안전운전불이행,건조,맑음,단일로 - 기타,승용,남,58세,상해없음,화물,남,38세,상해없음
2014030700100396,2014년 3월 7일 18시,금요일,제주특별자치도 제주시 용담이동,경상사고,0,0,1,0,차대차 - 추돌 - 진행중,안전운전불이행,건조,맑음,기타 - 기타,승용,남,50세,상해없음,승용,여,43세,경상
2014030700100466,2014년 3월 7일 20시,금요일,제주특별자치도 제주시 한경면,사망사고,1,0,0,0,차대사람 - 기타,안전운전불이행,건조,맑음,단일로 - 기타,승용,여,35세,상해없음,보행자,남,47세,사망
2014030700100535,2014년 3월 7일 22시,금요일,제주특별자치도 제주시 노형동,경상사고,0,0,1,0,차대차 - 측면직각충돌,직진우회전진행방해,건조,맑음,교차로 - 교차로안,승용,여,49세,상해없음,자전거,남,31세,경상
2014030800100066,2014년 3월 8일 02시,토요일,제주특별자치도 제주시 한경면,경상사고,0,0,3,0,차대차 - 기타,안전운전불이행,건조,맑음,단일로 - 기타,승용,남,70세,경상,승용,남,37세,경상
2014030800100163,2014년 3월 8일 09시,토요일,제주특별자치도 서귀포시 남원읍,경상사고,0,0,1,0,차대차 - 측면직각충돌,기타,건조,맑음,교차로 - 교차로안,승용,남,49세,상해없음,승용,남,36세,경상
2014030800100239,2014년 3월 8일 12시,토요일,제주특별자치도 제주시 구좌읍,경상사고,0,0,1,1,차량단독 - 도로외이탈 - 추락,안전운전불이행,건조,맑음,단일로 - 기타,승용,여,28세,부상신고,,,,
2014030800100240,2014년 3월 8일 12시,토요일,제주특별자치도 서귀포시 남원읍,부상신고사고,0,0,0,2,차대차 - 측면직각충돌,기타,건조,맑음,교차로 - 교차로안,승용,여,36세,부상신고,승용,남,47세,부상신고
2014030800100320,2014년 3월 8일 15시,토요일,제주특별자치도 제주시 우도면,경상사고,0,0,1,0,차량단독 - 공작물충돌,안전운전불이행,건조,맑음,단일로 - 기타,원동기,남,35세,경상,,,,
2014030800100370,2014년 3월 8일 17시,토요일,제주특별자치도 서귀포시 안덕면,중상사고,0,3,2,0,차대차 - 기타,안전운전불이행,건조,맑음,교차로 - 교차로안,기타불명,기타불명,기타불명,기타불명,승용,여,72세,중상
2014030800100404,2014년 3월 8일 18시,토요일,제주특별자치도 제주시 이도일동,경상사고,0,0,1,0,차대차 - 기타,안전운전불이행,건조,맑음,단일로 - 기타,이륜,남,21세,경상,승용,남,43세,상해없음
2014030800100405,2014년 3월 8일 18시,토요일,제주특별자치도 서귀포시 안덕면,경상사고,0,0,1,0,차대차 - 정면충돌,중앙선침범,건조,맑음,교차로 - 교차로부근,이륜,남,58세,경상,화물,남,43세,상해없음
2014030800100447,2014년 3월 8일 19시,토요일,제주특별자치도 제주시 일도이동,경상사고,0,0,1,0,차대차 - 측면직각충돌,안전운전불이행,건조,맑음,교차로 - 교차로안,승용,남,44세,상해없음,이륜,남,21세,경상
2014030800100448,2014년 3월 8일 19시,토요일,제주특별자치도 서귀포시 표선면,부상신고사고,0,0,0,1,차량단독 - 기타,안전운전불이행,건조,맑음,단일로 - 기타,승용,남,32세,상해없음,,,,
2014030900100045,2014년 3월 9일 01시,일요일,제주특별자치도 제주시 화북일동,경상사고,0,0,1,1,차대차 - 측면직각충돌,안전운전불이행,건조,맑음,교차로 - 교차로부근,승용,남,44세,부상신고,승용,남,62세,경상
2014030900100046,2014년 3월 9일 01시,일요일,제주특별자치도 제주시 연동,경상사고,0,0,1,0,차대사람 - 횡단중,보행자보호의무위반,건조,맑음,단일로 - 횡단보도상,승용,여,27세,상해없음,보행자,남,37세,경상
2014030900100082,2014년 3월 9일 03시,일요일,제주특별자치도 서귀포시 대정읍,부상신고사고,0,0,0,1,차량단독 - 공작물충돌,안전운전불이행,건조,맑음,교차로 - 교차로부근,승용,여,49세,부상신고,,,,
2014030900100155,2014년 3월 9일 09시,일요일,제주특별자치도 제주시 애월읍,부상신고사고,0,0,0,1,차량단독 - 공작물충돌,안전운전불이행,건조,맑음,교차로 - 교차로안,화물,남,46세,부상신고,,,,
2014030900100335,2014년 3월 9일 17시,일요일,제주특별자치도 서귀포시 서귀동,경상사고,0,0,3,0,차대차 - 측면직각충돌,교차로운행방법위반,건조,맑음,교차로 - 교차로안,화물,남,59세,상해없음,승용,남,33세,경상
2014030900100393,2014년 3월 9일 19시,일요일,제주특별자치도 제주시 오라일동,경상사고,0,0,3,0,차대차 - 측면직각충돌,안전운전불이행,기타,맑음,단일로 - 기타,승용,남,36세,상해없음,승용,여,42세,경상
2014030900100420,2014년 3월 9일 20시,일요일,제주특별자치도 제주시 도남동,경상사고,0,0,1,0,차대차 - 추돌 - 진행중,중앙선침범,건조,맑음,교차로 - 교차로안,화물,남,58세,상해없음,승용,여,46세,경상
2014030900100475,2014년 3월 9일 22시,일요일,제주특별자치도 제주시 연동,경상사고,0,0,1,0,차대차 - 측면직각충돌,교차로운행방법위반,건조,맑음,교차로 - 교차로안,승용,남,53세,상해없음,승용,남,43세,상해없음
2014030900100494,2014년 3월 9일 23시,일요일,제주특별자치도 제주시 조천읍,중상사고,0,1,1,0,차량단독 - 공작물충돌,안전운전불이행,건조,맑음,단일로 - 기타,승용,남,53세,경상,,,,
2014031000100034,2014년 3월 10일 02시,월요일,제주특별자치도 제주시 삼양일동,경상사고,0,0,3,0,차대차 - 측면직각충돌,교차로운행방법위반,건조,맑음,교차로 - 교차로안,승용,남,28세,상해없음,승용,여,50세,경상
2014031000100094,2014년 3월 10일 07시,월요일,제주특별자치도 제주시 영평동,경상사고,0,0,1,0,차대차 - 측면직각충돌,안전운전불이행,기타,맑음,단일로 - 횡단보도상,화물,남,46세,상해없음,자전거,여,16세,경상
2014031000100134,2014년 3월 10일 08시,월요일,제주특별자치도 서귀포시 서호동,중상사고,0,1,0,0,차대차 - 기타,안전운전불이행,건조,맑음,단일로 - 기타,승용,남,26세,상해없음,농기계,남,65세,중상
2014031000100173,2014년 3월 10일 09시,월요일,제주특별자치도 제주시 노형동,경상사고,0,0,1,1,차대차 - 추돌 - 진행중,안전운전불이행,건조,맑음,교차로 - 교차로안,승용,여,43세,부상신고,승용,여,30세,경상
2014031000100251,2014년 3월 10일 12시,월요일,제주특별자치도 제주시 조천읍,경상사고,0,0,4,0,차대차 - 측면직각충돌,신호위반,건조,맑음,교차로 - 교차로안,승용,남,64세,경상,승용,여,44세,경상
2014031000100252,2014년 3월 10일 12시,월요일,제주특별자치도 서귀포시 동홍동,경상사고,0,0,2,0,차대차 - 기타,신호위반,건조,맑음,교차로 - 교차로안,승용,여,51세,상해없음,승용,여,38세,경상
2014031000100309,2014년 3월 10일 14시,월요일,제주특별자치도 서귀포시 색달동,경상사고,0,0,2,0,차대차 - 기타,직진우회전진행방해,건조,맑음,교차로 - 교차로안,화물,여,57세,상해없음,승용,남,32세,상해없음
2014031000100339,2014년 3월 10일 15시,월요일,제주특별자치도 제주시 연동,중상사고,0,1,0,0,차대사람 - 횡단중,보행자보호의무위반,건조,맑음,교차로 - 교차로부근,승용,여,53세,상해없음,보행자,남,7세,중상
2014031000100370,2014년 3월 10일 16시,월요일,제주특별자치도 제주시 이도이동,중상사고,0,1,0,0,차량단독 - 전도전복,안전운전불이행,건조,맑음,교차로 - 교차로안,농기계,남,72세,중상,,,,
2014031000100371,2014년 3월 10일 16시,월요일,제주특별자치도 제주시 연동,부상신고사고,0,0,0,1,차량단독 - 기타,기타,건조,맑음,단일로 - 기타,승합,남,37세,상해없음,,,,
2014031000100372,2014년 3월 10일 16시,월요일,제주특별자치도 제주시 연동,경상사고,0,0,1,0,차대차 - 추돌 - 진행중,안전운전불이행,건조,맑음,단일로 - 기타,승용,남,61세,상해없음,승용,남,33세,경상
2014031000100373,2014년 3월 10일 16시,월요일,제주특별자치도 제주시 노형동,경상사고,0,0,2,0,차대차 - 기타,안전운전불이행,건조,맑음,교차로 - 교차로안,승용,여,54세,경상,화물,남,41세,경상
2014031000100405,2014년 3월 10일 17시,월요일,제주특별자치도 제주시 아라일동,중상사고,0,1,0,0,차대차 - 측면직각충돌,안전운전불이행,건조,맑음,단일로 - 기타,화물,남,56세,상해없음,이륜,남,74세,중상
2014031000100406,2014년 3월 10일 17시,월요일,제주특별자치도 서귀포시 상효동,경상사고,0,0,3,0,차대차 - 기타,신호위반,건조,맑음,교차로 - 교차로안,승용,남,61세,경상,승용,남,28세,경상
2014031000100496,2014년 3월 10일 19시,월요일,제주특별자치도 서귀포시 법환동,중상사고,0,2,0,0,차대사람 - 횡단중,보행자보호의무위반,건조,맑음,교차로 - 교차로안,승용,남,45세,상해없음,보행자,여,27세,중상
2014031000100620,2014년 3월 10일 23시,월요일,제주특별자치도 제주시 연동,경상사고,0,0,1,0,차대차 - 추돌 - 진행중,신호위반,건조,맑음,교차로 - 교차로안,승용,여,21세,상해없음,승용,남,64세,경상
2014031100100026,2014년 3월 11일 01시,화요일,제주특별자치도 서귀포시 안덕면,중상사고,0,1,1,0,차량단독 - 전도전복,안전운전불이행,건조,맑음,단일로 - 기타,이륜,여,56세,경상,,,,
2014031100100090,2014년 3월 11일 07시,화요일,제주특별자치도 서귀포시 안덕면,중상사고,0,1,0,0,차대차 - 기타,직진우회전진행방해,건조,맑음,교차로 - 교차로안,화물,남,65세,상해없음,건설기계,남,50세,상해없음
2014031100100125,2014년 3월 11일 08시,화요일,제주특별자치도 제주시 아라일동,경상사고,0,0,1,1,차대차 - 측면직각충돌,안전거리미확보,건조,맑음,기타 - 기타,승용,남,38세,부상신고,화물,남,39세,경상
2014031100100189,2014년 3월 11일 11시,화요일,제주특별자치도 제주시 노형동,경상사고,0,0,4,0,차대차 - 추돌 - 진행중,안전운전불이행,건조,맑음,단일로 - 기타,승합,남,39세,상해없음,승합,남,54세,경상
2014031100100217,2014년 3월 11일 12시,화요일,제주특별자치도 제주시 오라일동,경상사고,0,0,2,0,차대차 - 측면직각충돌,안전운전불이행,건조,맑음,단일로 - 기타,화물,남,58세,상해없음,화물,남,45세,경상
2014031100100277,2014년 3월 11일 14시,화요일,제주특별자치도 서귀포시 남원읍,중상사고,0,1,0,0,차량단독 - 공작물충돌,안전운전불이행,건조,맑음,교차로 - 교차로부근,화물,남,81세,상해없음,,,,
2014031100100278,2014년 3월 11일 14시,화요일,제주특별자치도 제주시 오라삼동,경상사고,0,0,1,0,차대차 - 추돌 - 진행중,안전운전불이행,건조,맑음,교차로 - 교차로부근,화물,남,52세,상해없음,승용,여,61세,경상
2014031100100279,2014년 3월 11일 14시,화요일,제주특별자치도 제주시 한림읍,경상사고,0,0,1,0,차량단독 - 전도전복,안전운전불이행,건조,맑음,단일로 - 기타,승합,남,23세,경상,,,,
2014031100100363,2014년 3월 11일 17시,화요일,제주특별자치도 제주시 한림읍,경상사고,0,0,1,1,차대차 - 기타,안전운전불이행,건조,맑음,단일로 - 기타,원동기,남,23세,경상,화물,남,51세,상해없음
2014031100100385,2014년 3월 11일 18시,화요일,제주특별자치도 제주시 용담이동,부상신고사고,0,0,0,1,차대사람 - 기타,안전운전불이행,건조,맑음,단일로 - 기타,기타불명,기타불명,기타불명,기타불명,보행자,남,14세,부상신고
2014031100100447,2014년 3월 11일 20시,화요일,제주특별자치도 서귀포시 남원읍,중상사고,0,1,1,0,차대차 - 측면직각충돌,직진우회전진행방해,건조,맑음,교차로 - 교차로안,승용,남,68세,경상,승용,여,51세,상해없음
2014031200100093,2014년 3월 12일 07시,수요일,제주특별자치도 제주시 아라일동,경상사고,0,0,1,0,차대차 - 측면직각충돌,안전운전불이행,습기,비,단일로 - 기타,승용,여,25세,상해없음,승용,여,41세,경상
2014031200100145,2014년 3월 12일 09시,수요일,제주특별자치도 제주시 노형동,경상사고,0,0,2,0,차대차 - 측면직각충돌,신호위반,건조,맑음,교차로 - 교차로안,승용,여,36세,상해없음,승용,남,51세,경상
2014031200100202,2014년 3월 12일 11시,수요일,제주특별자치도 제주시 노형동,경상사고,0,0,1,0,차대사람 - 횡단중,안전운전불이행,건조,맑음,교차로 - 교차로안,화물,남,52세,상해없음,보행자,여,46세,경상
2014031200100244,2014년 3월 12일 13시,수요일,제주특별자치도 제주시 한림읍,중상사고,0,1,1,0,차대차 - 추돌 - 진행중,직진우회전진행방해,건조,맑음,교차로 - 교차로안,승용,여,53세,경상,승합,남,72세,중상
2014031200100322,2014년 3월 12일 15시,수요일,제주특별자치도 서귀포시 색달동,경상사고,0,0,1,0,차대차 - 측면직각충돌,직진우회전진행방해,습기,비,교차로 - 교차로안,승용,남,59세,상해없음,승용,남,53세,상해없음
2014031200100354,2014년 3월 12일 16시,수요일,제주특별자치도 제주시 이도이동,경상사고,0,0,2,0,차대차 - 측면직각충돌,교차로운행방법위반,습기,비,교차로 - 교차로안,승용,여,49세,상해없음,승용,여,41세,경상
2014031200100355,2014년 3월 12일 16시,수요일,제주특별자치도 제주시 도두일동,경상사고,0,0,1,0,차대사람 - 기타,안전운전불이행,습기,흐림,단일로 - 기타,승용,남,58세,상해없음,보행자,남,68세,경상
2014031200100507,2014년 3월 12일 19시,수요일,제주특별자치도 서귀포시 안덕면,경상사고,0,0,1,0,차대차 - 기타,안전운전불이행,습기,비,교차로 - 교차로안,기타불명,기타불명,기타불명,기타불명,승용,남,46세,경상
2014031200100508,2014년 3월 12일 19시,수요일,제주특별자치도 제주시 애월읍,사망사고,1,0,0,0,차대차 - 기타,안전운전불이행,습기,비,교차로 - 교차로안,승용,여,52세,상해없음,승용,여,44세,상해없음
2014031200100509,2014년 3월 12일 19시,수요일,제주특별자치도 제주시 연동,중상사고,0,1,0,0,차대차 - 기타,안전운전불이행,건조,맑음,단일로 - 기타,승용,여,46세,상해없음,이륜,남,21세,중상
2014031200100569,2014년 3월 12일 20시,수요일,제주특별자치도 제주시 노형동,경상사고,0,0,1,0,차대사람 - 기타,안전운전불이행,습기,비,단일로 - 기타,승용,남,54세,기타불명,보행자,여,20세,경상
2014031200100570,2014년 3월 12일 20시,수요일,제주특별자치도 제주시 노형동,경상사고,0,0,1,0,차대사람 - 횡단중,보행자보호의무위반,습기,비,단일로 - 횡단보도상,승용,남,58세,상해없음,보행자,여,16세,경상
2014031200100675,2014년 3월 12일 22시,수요일,제주특별자치도 제주시 애월읍,중상사고,0,1,0,0,차대사람 - 기타,안전운전불이행,습기,비,단일로 - 기타,화물,여,54세,상해없음,보행자,남,48세,중상
2014031200100676,2014년 3월 12일 22시,수요일,제주특별자치도 제주시 용담이동,부상신고사고,0,0,0,1,차대차 - 기타,안전운전불이행,습기,비,교차로 - 교차로안,이륜,남,16세,부상신고,승합,남,54세,상해없음
2014031300100058,2014년 3월 13일 02시,목요일,제주특별자치도 서귀포시 동홍동,중상사고,0,1,0,0,차대사람 - 횡단중,안전운전불이행,습기,비,단일로 - 기타,기타불명,기타불명,기타불명,기타불명,보행자,남,52세,중상
2014031300100103,2014년 3월 13일 06시,목요일,제주특별자치도 제주시 건입동,경상사고,0,0,2,0,차대차 - 측면직각충돌,교차로운행방법위반,건조,맑음,교차로 - 교차로안,승용,여,56세,경상,승용,여,63세,경상
2014031300100104,2014년 3월 13일 06시,목요일,제주특별자치도 제주시 연동,경상사고,0,0,1,0,차대차 - 추돌 - 진행중,안전거리미확보,건조,맑음,단일로 - 기타,승용,남,61세,상해없음,이륜,남,39세,경상
2014031300100217,2014년 3월 13일 10시,목요일,제주특별자치도 제주시 오라일동,경상사고,0,0,1,0,차대사람 - 횡단중,안전운전불이행,건조,맑음,단일로 - 기타,승용,남,42세,상해없음,보행자,여,83세,경상
2014031300100245,2014년 3월 13일 11시,목요일,제주특별자치도 서귀포시 표선면,경상사고,0,0,2,0,차대차 - 추돌 - 진행중,직진우회전진행방해,건조,맑음,교차로 - 교차로안,승합,여,50세,경상,특수,남,31세,경상
2014031300100276,2014년 3월 13일 12시,목요일,제주특별자치도 제주시 연동,경상사고,0,0,1,0,차대차 - 기타,안전운전불이행,건조,흐림,교차로 - 교차로안,원동기,남,35세,경상,승합,남,53세,상해없음
2014031300100326,2014년 3월 13일 14시,목요일,제주특별자치도 제주시 용담일동,경상사고,0,0,2,0,차대차 - 측면직각충돌,교차로운행방법위반,건조,맑음,교차로 - 교차로안,승용,남,64세,상해없음,화물,남,35세,경상
2014031300100327,2014년 3월 13일 14시,목요일,제주특별자치도 서귀포시 성산읍,부상신고사고,0,0,0,1,차량단독 - 공작물충돌,안전운전불이행,건조,맑음,단일로 - 기타,화물,남,61세,부상신고,,,,
2014031300100377,2014년 3월 13일 16시,목요일,제주특별자치도 서귀포시 성산읍,부상신고사고,0,0,0,1,차대차 - 추돌 - 주정차중,안전운전불이행,건조,맑음,단일로 - 기타,이륜,여,21세,부상신고,승용,남,37세,상해없음
2014031300100378,2014년 3월 13일 16시,목요일,제주특별자치도 제주시 노형동,경상사고,0,0,1,0,차대차 - 기타,안전운전불이행,건조,맑음,단일로 - 기타,승용,여,49세,상해없음,화물,남,41세,경상
2014031300100412,2014년 3월 13일 17시,목요일,제주특별자치도 제주시 오라일동,경상사고,0,0,1,0,차대차 - 측면직각충돌,교차로운행방법위반,기타,맑음,단일로 - 기타,승용,남,43세,상해없음,승용,남,33세,경상
2014031300100456,2014년 3월 13일 18시,목요일,제주특별자치도 서귀포시 강정동,중상사고,0,1,0,0,차대사람 - 횡단중,안전운전불이행,건조,맑음,단일로 - 기타,승용,여,44세,상해없음,보행자,남,73세,중상
2014031300100542,2014년 3월 13일 20시,목요일,제주특별자치도 제주시 이도이동,중상사고,0,1,0,0,차대차 - 측면직각충돌,신호위반,건조,맑음,교차로 - 교차로안,승용,남,56세,상해없음,이륜,남,38세,중상
2014031300100543,2014년 3월 13일 20시,목요일,제주특별자치도 서귀포시 강정동,중상사고,0,1,0,0,차대차 - 기타,안전운전불이행,건조,맑음,교차로 - 교차로부근,승합,기타불명,기타불명,기타불명,이륜,남,30세,중상
2014031400100055,2014년 3월 14일 03시,금요일,제주특별자치도 제주시 한림읍,경상사고,0,0,1,0,차대차 - 추돌 - 진행중,중앙선침범,건조,맑음,단일로 - 기타,승용,여,46세,상해없음,승용,남,64세,경상
2014031400100157,2014년 3월 14일 08시,금요일,제주특별자치도 제주시 오라삼동,경상사고,0,0,1,0,차대차 - 측면직각충돌,교차로운행방법위반,건조,맑음,교차로 - 교차로안,승용,남,52세,상해없음,승용,남,35세,경상
2014031400100192,2014년 3월 14일 09시,금요일,제주특별자치도 제주시 이도이동,경상사고,0,0,2,0,차대차 - 측면직각충돌,안전운전불이행,건조,맑음,단일로 - 기타,승합,남,39세,상해없음,승용,남,42세,경상
2014031400100252,2014년 3월 14일 11시,금요일,제주특별자치도 제주시 용담삼동,중상사고,0,1,0,0,차대차 - 추돌 - 진행중,안전운전불이행,건조,맑음,단일로 - 기타,승용,여,31세,상해없음,자전거,남,55세,중상
2014031400100309,2014년 3월 14일 13시,금요일,제주특별자치도 제주시 용담이동,경상사고,0,0,1,0,차대차 - 기타,안전운전불이행,건조,맑음,단일로 - 기타,승용,여,23세,상해없음,자전거,여,47세,경상