사고번호,사고일시,요일,시군구,사고내용,사망자수,중상자수,경상자수,부상신고자수,사고유형,법규위반,노면상태,기상상태,도로형태,가해운전자 차종,가해운전자 성별,가해운전자 연령,가해운전자 상해정도,피해운전자 차종,피해운전자 성별,피해운전자 연령,피해운전자 상해정도
2014032500100024,2014년 3월 25일 01시,화요일,제주특별자치도 서귀포시 서귀동,중상사고,0,3,1,0,차대차 - 측면직각충돌,직진우회전진행방해,건조,맑음,교차로 - 교차로안,승용,남,34세,상해없음,승용,남,50세,상해없음
2014032500100077,2014년 3월 25일 06시,화요일,제주특별자치도 서귀포시 동홍동,중상사고,0,1,0,0,차대차 - 측면직각충돌,신호위반,건조,맑음,교차로 - 교차로안,이륜,남,16세,중상,화물,남,64세,상해없음
2014032500100172,2014년 3월 25일 10시,화요일,제주특별자치도 제주시 오라일동,경상사고,0,0,2,0,차대차 - 측면직각충돌,직진우회전진행방해,건조,흐림,교차로 - 교차로안,승용,남,57세,상해없음,승용,남,56세,상해없음
2014032500100197,2014년 3월 25일 11시,화요일,제주특별자치도 제주시 연동,중상사고,0,1,1,0,차대차 - 추돌 - 진행중,직진우회전진행방해,습기,비,교차로 - 교차로안,승용,여,39세,경상,화물,남,51세,중상
2014032500100240,2014년 3월 25일 13시,화요일,제주특별자치도 제주시 노형동,중상사고,0,1,1,0,차대사람 - 횡단중,보행자보호의무위반,습기,비,교차로 - 교차로부근,승용,남,72세,상해없음,보행자,여,46세,중상
2014032500100326,2014년 3월 25일 16시,화요일,제주특별자치도 서귀포시 토평동,중상사고,0,1,0,0,차대차 - 추돌 - 주정차중,안전운전불이행,습기,비,교차로 - 교차로부근,화물,남,71세,상해없음,화물,남,39세,중상
2014032500100360,2014년 3월 25일 17시,화요일,제주특별자치도 제주시 노형동,경상사고,0,0,4,0,차대차 - 기타,안전거리미확보,습기,비,단일로 - 기타,승용,남,55세,상해없음,승용,여,29세,경상
2014032500100456,2014년 3월 25일 19시,화요일,제주특별자치도 제주시 이도일동,경상사고,0,0,1,0,차대차 - 측면직각충돌,안전운전불이행,기타,맑음,단일로 - 기타,승용,남,30세,상해없음,이륜,남,34세,경상
2014032500100538,2014년 3월 25일 21시,화요일,제주특별자치도 서귀포시 토평동,경상사고,0,0,1,0,차량단독 - 기타,안전운전불이행,건조,맑음,교차로 - 교차로부근,승용,남,51세,상해없음,,,,
2014032600100185,2014년 3월 26일 08시,수요일,제주특별자치도 서귀포시 대정읍,부상신고사고,0,0,0,1,차량단독 - 전도전복,안전운전불이행,습기,비,단일로 - 기타,승용,여,38세,부상신고,,,,
2014032600100216,2014년 3월 26일 09시,수요일,제주특별자치도 제주시 건입동,중상사고,0,1,0,0,차대차 - 추돌 - 진행중,안전거리미확보,건조,흐림,단일로 - 기타,건설기계,남,27세,상해없음,승용,여,53세,중상
2014032600100217,2014년 3월 26일 09시,수요일,제주특별자치도 제주시 오라삼동,경상사고,0,0,1,0,차대차 - 추돌 - 진행중,안전운전불이행,건조,맑음,교차로 - 교차로부근,승용,남,28세,상해없음,승용,남,31세,경상
2014032600100243,2014년 3월 26일 10시,수요일,제주특별자치도 제주시 화북이동,부상신고사고,0,0,0,1,차대차 - 추돌 - 진행중,안전운전불이행,건조,흐림,단일로 - 기타,농기계,남,74세,부상신고,승용,여,57세,상해없음
2014032600100313,2014년 3월 26일 13시,수요일,제주특별자치도 제주시 아라일동,경상사고,0,0,1,0,차대차 - 측면직각충돌,중앙선침범,기타,맑음,단일로 - 기타,승합,여,26세,상해없음,화물,남,59세,경상
2014032600100314,2014년 3월 26일 13시,수요일,제주특별자치도 서귀포시 상예동,경상사고,0,0,1,0,차대차 - 추돌 - 진행중,안전운전불이행,건조,맑음,단일로 - 기타,승용,남,25세,상해없음,농기계,남,44세,경상
2014032600100315,2014년 3월 26일 13시,수요일,제주특별자치도 서귀포시 안덕면,중상사고,0,1,0,0,차대차 - 추돌 - 진행중,안전운전불이행,건조,맑음,단일로 - 기타,승용,여,49세,상해없음,승용,남,40세,중상
2014032600100576,2014년 3월 26일 20시,수요일,제주특별자치도 제주시 아라일동,중상사고,0,1,0,0,차대사람 - 횡단중,안전운전불이행,건조,흐림,교차로 - 교차로부근,승용,여,54세,상해없음,보행자,여,41세,중상
2014032600100632,2014년 3월 26일 22시,수요일,제주특별자치도 서귀포시 대정읍,경상사고,0,0,1,0,차대차 - 추돌 - 진행중,안전운전불이행,건조,맑음,교차로 - 교차로부근,승용,남,49세,상해없음,승용,여,47세,경상
2014032600100659,2014년 3월 26일 23시,수요일,제주특별자치도 제주시 건입동,중상사고,0,1,0,0,차대사람 - 횡단중,안전운전불이행,건조,맑음,기타 - 기타,승용,남,49세,상해없음,보행자,남,29세,중상
2014032600100660,2014년 3월 26일 23시,수요일,제주특별자치도 제주시 애월읍,중상사고,0,1,0,0,차대차 - 정면충돌,중앙선침범,건조,맑음,단일로 - 기타,승용,남,44세,상해없음,승용,여,39세,중상
2014032700100034,2014년 3월 27일 01시,목요일,제주특별자치도 서귀포시 하효동,중상사고,0,1,0,1,차량단독 - 공작물충돌,안전운전불이행,건조,맑음,단일로 - 기타,승용,남,22세,부상신고,,,,
2014032700100079,2014년 3월 27일 06시,목요일,제주특별자치도 서귀포시 강정동,중상사고,0,3,0,0,차대차 - 추돌 - 진행중,교차로운행방법위반,건조,맑음,교차로 - 교차로안,화물,남,44세,상해없음,승용,남,46세,상해없음
2014032700100105,2014년 3월 27일 07시,목요일,제주특별자치도 제주시 일도일동,중상사고,0,1,0,0,차대차 - 측면직각충돌,교차로운행방법위반,건조,맑음,교차로 - 교차로안,승용,남,53세,상해없음,자전거,남,55세,중상
2014032700100147,2014년 3월 27일 08시,목요일,제주특별자치도 제주시 연동,경상사고,0,0,1,0,차대사람 - 횡단중,안전운전불이행,건조,맑음,단일로 - 기타,승용,여,56세,상해없음,보행자,여,5세,경상
2014032700100181,2014년 3월 27일 09시,목요일,제주특별자치도 제주시 오라이동,경상사고,0,0,1,0,차대차 - 측면직각충돌,안전운전불이행,건조,맑음,기타 - 기타,승용,남,55세,상해없음,화물,남,33세,경상
2014032700100182,2014년 3월 27일 09시,목요일,제주특별자치도 제주시 한림읍,부상신고사고,0,0,0,1,차대차 - 추돌 - 진행중,교차로운행방법위반,건조,맑음,교차로 - 교차로안,승용,남,58세,상해없음,농기계,남,83세,부상신고
2014032700100205,2014년 3월 27일 10시,목요일,제주특별자치도 제주시 봉개동,경상사고,0,0,1,0,차대차 - 추돌 - 진행중,안전운전불이행,기타,맑음,단일로 - 기타,화물,남,40세,상해없음,이륜,남,79세,경상
2014032700100295,2014년 3월 27일 14시,목요일,제주특별자치도 제주시 용담이동,경상사고,0,0,1,0,차대차 - 기타,직진우회전진행방해,건조,맑음,교차로 - 교차로안,이륜,남,76세,경상,승용,여,29세,상해없음
2014032700100296,2014년 3월 27일 14시,목요일,제주특별자치도 제주시 도두일동,경상사고,0,0,1,0,차대차 - 기타,불법유턴,건조,맑음,단일로 - 기타,승용,남,42세,상해없음,승용,여,56세,경상
2014032700100334,2014년 3월 27일 15시,목요일,제주특별자치도 제주시 건입동,경상사고,0,0,1,0,차대차 - 측면직각충돌,신호위반,건조,맑음,교차로 - 교차로안,승용,남,40세,상해없음,승용,여,53세,경상
2014032700100403,2014년 3월 27일 17시,목요일,제주특별자치도 서귀포시 서홍동,경상사고,0,0,1,0,차대차 - 정면충돌,중앙선침범,건조,맑음,단일로 - 기타,화물,남,68세,상해없음,승용,남,36세,경상
2014032700100528,2014년 3월 27일 21시,목요일,제주특별자치도 제주시 이도이동,중상사고,0,1,0,0,차대사람 - 횡단중,안전운전불이행,건조,맑음,단일로 - 기타,승용,여,42세,상해없음,보행자,남,36세,중상
2014032700100529,2014년 3월 27일 21시,목요일,제주특별자치도 제주시 노형동,경상사고,0,0,2,0,차대차 - 추돌 - 진행중,안전운전불이행,건조,맑음,교차로 - 교차로부근,승용,남,69세,경상,승용,여,34세,경상
2014032700100559,2014년 3월 27일 22시,목요일,제주특별자치도 서귀포시 서귀동,중상사고,0,1,0,0,차대차 - 측면직각충돌,직진우회전진행방해,건조,맑음,교차로 - 교차로안,승용,남,57세,상해없음,승용,남,55세,상해없음
2014032800100032,2014년 3월 28일 01시,금요일,제주특별자치도 제주시 노형동,부상신고사고,0,0,0,1,차량단독 - 공작물충돌,안전운전불이행,건조,맑음,단일로 - 기타,승용,여,40세,부상신고,,,,
2014032800100097,2014년 3월 28일 07시,금요일,제주특별자치도 제주시 건입동,경상사고,0,0,1,0,차대차 - 측면직각충돌,안전운전불이행,건조,맑음,단일로 - 기타,승용,남,49세,상해없음,자전거,남,16세,경상
2014032800100169,2014년 3월 28일 09시,금요일,제주특별자치도 제주시 일도이동,중상사고,0,1,0,0,차대사람 - 횡단중,안전운전불이행,기타,맑음,단일로 - 기타,화물,남,67세,상해없음,보행자,여,81세,중상
2014032800100241,2014년 3월 28일 12시,금요일,제주특별자치도 제주시 애월읍,경상사고,0,0,1,0,차대차 - 추돌 - 진행중,안전운전불이행,건조,맑음,단일로 - 기타,승용,남,60세,상해없음,화물,남,34세,경상
2014032800100275,2014년 3월 28일 13시,금요일,제주특별자치도 제주시 일도이동,경상사고,0,0,1,0,차대사람 - 횡단중,안전운전불이행,건조,맑음,단일로 - 기타,화물,남,48세,상해없음,보행자,남,8세,경상
2014032800100276,2014년 3월 28일 13시,금요일,제주특별자치도 제주시 우도면,경상사고,0,0,1,0,차대차 - 측면직각충돌,안전운전불이행,건조,맑음,단일로 - 기타,이륜,여,39세,경상,승용,남,27세,상해없음
2014032800100277,2014년 3월 28일 13시,금요일,제주특별자치도 제주시 오라이동,경상사고,0,0,1,0,차대차 - 측면직각충돌,교차로운행방법위반,건조,맑음,교차로 - 교차로부근,화물,남,34세,기타불명,승용,여,37세,경상
2014032800100446,2014년 3월 28일 18시,금요일,제주특별자치도 제주시 한경면,중상사고,0,2,0,0,차대차 - 측면직각충돌,신호위반,건조,맑음,교차로 - 교차로안,승용,남,42세,중상,승용,남,59세,중상
2014032800100493,2014년 3월 28일 19시,금요일,제주특별자치도 제주시 용담일동,경상사고,0,0,1,0,차대차 - 측면직각충돌,안전운전불이행,습기,비,단일로 - 기타,승합,남,60세,상해없음,승용,여,30세,경상
2014032800100530,2014년 3월 28일 20시,금요일,제주특별자치도 서귀포시 남원읍,중상사고,0,1,0,0,차대차 - 추돌 - 주정차중,안전운전불이행,습기,비,교차로 - 교차로부근,화물,남,57세,상해없음,승용,여,37세,중상
2014032800100572,2014년 3월 28일 21시,금요일,제주특별자치도 서귀포시 남원읍,중상사고,0,2,0,0,차대차 - 기타,직진우회전진행방해,기타,흐림,교차로 - 교차로안,승용,남,52세,중상,화물,남,64세,상해없음
2014032800100614,2014년 3월 28일 22시,금요일,제주특별자치도 제주시 이도이동,사망사고,1,0,0,0,차대사람 - 횡단중,안전운전불이행,건조,기타,단일로 - 기타,승용,남,50세,상해없음,보행자,남,47세,사망
2014032800100615,2014년 3월 28일 22시,금요일,제주특별자치도 제주시 조천읍,중상사고,0,1,0,0,차대사람 - 횡단중,안전운전불이행,건조,흐림,단일로 - 기타,승용,남,25세,상해없음,보행자,남,15세,중상
2014032800100616,2014년 3월 28일 22시,금요일,제주특별자치도 서귀포시 남원읍,경상사고,0,0,1,0,차대차 - 기타,중앙선침범,습기,비,단일로 - 기타,승용,남,24세,상해없음,승용,남,60세,경상
2014032800100617,2014년 3월 28일 22시,금요일,제주특별자치도 제주시 용담이동,경상사고,0,0,2,1,차대차 - 정면충돌,중앙선침범,건조,맑음,단일로 - 기타,승용,남,28세,상해없음,승용,남,29세,경상
2014032900100089,2014년 3월 29일 03시,토요일,제주특별자치도 제주시 삼도일동,경상사고,0,0,1,0,차대차 - 추돌 - 진행중,안전운전불이행,습기,비,단일로 - 기타,승용,남,38세,상해없음,승용,남,54세,경상
2014032900100245,2014년 3월 29일 11시,토요일,제주특별자치도 제주시 아라이동,경상사고,0,0,1,0,차대차 - 측면직각충돌,안전거리미확보,건조,맑음,단일로 - 기타,승용,여,49세,상해없음,화물,남,34세,경상
2014032900100246,2014년 3월 29일 11시,토요일,제주특별자치도 제주시 오라이동,중상사고,0,1,0,0,차대차 - 측면직각충돌,안전거리미확보,건조,맑음,단일로 - 기타,승합,남,41세,상해없음,화물,남,49세,중상
2014032900100303,2014년 3월 29일 13시,토요일,제주특별자치도 제주시 연동,경상사고,0,0,1,0,차대차 - 기타,안전운전불이행,건조,맑음,교차로 - 교차로부근,승용,남,55세,상해없음,자전거,남,12세,경상
2014032900100343,2014년 3월 29일 14시,토요일,제주특별자치도 제주시 화북일동,경상사고,0,0,1,0,차대차 - 측면직각충돌,신호위반,습기,비,교차로 - 교차로안,이륜,남,16세,경상,승용,남,43세,상해없음
2014032900100375,2014년 3월 29일 15시,토요일,제주특별자치도 서귀포시 동홍동,경상사고,0,0,4,0,차대차 - 추돌 - 진행중,안전운전불이행,습기,비,단일로 - 기타,화물,남,31세,상해없음,승용,여,41세,경상
2014032900100408,2014년 3월 29일 16시,토요일,제주특별자치도 제주시 삼양일동,경상사고,0,0,1,0,차대차 - 측면직각충돌,안전거리미확보,기타,맑음,단일로 - 기타,승용,남,21세,상해없음,이륜,남,35세,경상
2014032900100604,2014년 3월 29일 21시,토요일,제주특별자치도 제주시 삼도이동,경상사고,0,0,2,0,차대차 - 측면직각충돌,안전운전불이행,습기,비,단일로 - 기타,승용,남,42세,상해없음,승용,여,40세,경상
2014032900100640,2014년 3월 29일 22시,토요일,제주특별자치도 제주시 이도일동,경상사고,0,0,1,0,차대차 - 측면직각충돌,교차로운행방법위반,습기,비,교차로 - 교차로안,승용,여,59세,경상,승용,남,60세,상해없음
2014033000100072,2014년 3월 30일 02시,일요일,제주특별자치도 제주시 삼도일동,경상사고,0,0,1,0,차대차 - 측면직각충돌,교차로운행방법위반,건조,맑음,교차로 - 교차로안,승용,여,63세,상해없음,승용,남,57세,경상
2014033000100134,2014년 3월 30일 07시,일요일,제주특별자치도 제주시 삼도이동,경상사고,0,0,1,0,차대차 - 측면직각충돌,신호위반,건조,흐림,교차로 - 교차로안,승용,남,64세,상해없음,승용,여,54세,경상
2014033000100168,2014년 3월 30일 09시,일요일,제주특별자치도 제주시 건입동,중상사고,0,1,0,0,차대차 - 추돌 - 주정차중,안전운전불이행,건조,맑음,교차로 - 교차로안,승용,남,30세,상해없음,승용,남,48세,중상
2014033000100281,2014년 3월 30일 13시,일요일,제주특별자치도 서귀포시 성산읍,중상사고,0,1,0,0,차대차 - 측면직각충돌,직진우회전진행방해,건조,맑음,교차로 - 교차로안,승합,남,50세,상해없음,원동기,여,62세,중상
2014033000100308,2014년 3월 30일 14시,일요일,제주특별자치도 서귀포시 보목동,부상신고사고,0,0,0,1,차대차 - 기타,안전운전불이행,건조,맑음,교차로 - 교차로안,원동기,남,53세,부상신고,승용,남,54세,상해없음
2014033000100309,2014년 3월 30일 14시,일요일,제주특별자치도 제주시 애월읍,부상신고사고,0,0,0,1,차대차 - 추돌 - 진행중,안전운전불이행,건조,흐림,단일로 - 기타,자전거,남,16세,부상신고,승용,남,47세,상해없음
2014033000100342,2014년 3월 30일 15시,일요일,제주특별자치도 서귀포시 성산읍,경상사고,0,0,4,0,차대차 - 측면직각충돌,안전운전불이행,건조,맑음,교차로 - 교차로안,승용,여,35세,상해없음,승합,남,47세,경상
2014033000100428,2014년 3월 30일 18시,일요일,제주특별자치도 제주시 이도일동,경상사고,0,0,1,0,차대차 - 측면직각충돌,안전운전불이행,건조,흐림,단일로 - 기타,화물,남,24세,상해없음,이륜,남,18세,경상
2014033000100429,2014년 3월 30일 18시,일요일,제주특별자치도 서귀포시 서귀동,경상사고,0,0,1,0,차대차 - 기타,직진우회전진행방해,건조,맑음,교차로 - 교차로안,승용,남,48세,상해없음,농기계,남,62세,경상
2014033000100482,2014년 3월 30일 20시,일요일,제주특별자치도 제주시 노형동,경상사고,0,0,1,0,차대사람 - 횡단중,보행자보호의무위반,건조,맑음,단일로 - 횡단보도상,승용,여,26세,상해없음,보행자,여,47세,경상
2014033100100035,2014년 3월 31일 03시,월요일,제주특별자치도 제주시 건입동,경상사고,0,0,1,0,차대차 - 추돌 - 주정차중,안전운전불이행,건조,맑음,교차로 - 교차로부근,승용,남,48세,상해없음,승용,남,52세,경상
2014033100100145,2014년 3월 31일 09시,월요일,제주특별자치도 서귀포시 대정읍,부상신고사고,0,0,0,1,차대차 - 기타,안전운전불이행,건조,맑음,단일로 - 기타,원동기,여,72세,부상신고,승용,여,45세,상해없음
2014033100100177,2014년 3월 31일 10시,월요일,제주특별자치도 서귀포시 서귀동,부상신고사고,0,0,0,1,차대차 - 기타,중앙선침범,건조,맑음,단일로 - 기타,원동기,남,53세,부상신고,승용,여,34세,상해없음
2014033100100194,2014년 3월 31일 11시,월요일,제주특별자치도 서귀포시 토평동,경상사고,0,0,1,0,차대차 - 추돌 - 진행중,안전거리미확보,건조,맑음,단일로 - 기타,승합,남,49세,상해없음,승용,남,75세,상해없음
2014033100100244,2014년 3월 31일 13시,월요일,제주특별자치도 제주시 노형동,경상사고,0,0,1,0,차대차 - 추돌 - 진행중,신호위반,건조,맑음,교차로 - 교차로안,화물,남,69세,상해없음,승합,남,56세,상해없음
2014033100100342,2014년 3월 31일 16시,월요일,제주특별자치도 제주시 우도면,경상사고,0,0,1,0,차대차 - 측면직각충돌,안전운전불이행,건조,맑음,단일로 - 기타,자전거,여,29세,경상,승용,여,27세,상해없음
2014033100100471,2014년 3월 31일 20시,월요일,제주특별자치도 제주시 일도이동,경상사고,0,0,1,0,차대사람 - 횡단중,안전운전불이행,건조,맑음,단일로 - 기타,기타불명,기타불명,기타불명,기타불명,보행자,여,14세,경상
2014033100100566,2014년 3월 31일 23시,월요일,제주특별자치도 제주시 연동,경상사고,0,0,1,0,차대차 - 추돌 - 진행중,안전운전불이행,건조,맑음,단일로 - 기타,승용,남,22세,상해없음,승용,남,22세,경상
2014040100100040,2014년 4월 1일 01시,화요일,제주특별자치도 제주시 삼도일동,경상사고,0,0,1,0,차대사람 - 횡단중,안전운전불이행,건조,맑음,단일로 - 기타,승용,남,56세,상해없음,보행자,남,57세,경상
2014040100100109,2014년 4월 1일 07시,화요일,제주특별자치도 제주시 일도이동,경상사고,0,0,1,0,차대차 - 추돌 - 진행중,안전운전불이행,기타,맑음,단일로 - 기타,승용,여,45세,상해없음,승용,남,26세,경상
2014040100100229,2014년 4월 1일 11시,화요일,제주특별자치도 제주시 애월읍,중상사고,0,1,0,0,차대차 - 추돌 - 진행중,안전운전불이행,건조,맑음,교차로 - 교차로안,농기계,남,65세,상해없음,이륜,남,64세,중상
2014040100100319,2014년 4월 1일 14시,화요일,제주특별자치도 제주시 이도이동,중상사고,0,1,0,0,차대차 - 측면직각충돌,안전운전불이행,기타,맑음,단일로 - 기타,승용,남,29세,상해없음,이륜,남,28세,중상
2014040100100320,2014년 4월 1일 14시,화요일,제주특별자치도 제주시 애월읍,경상사고,0,0,1,0,차대차 - 추돌 - 진행중,안전거리미확보,건조,맑음,단일로 - 기타,건설기계,남,44세,상해없음,승용,남,49세,경상
2014040100100353,2014년 4월 1일 15시,화요일,제주특별자치도 제주시 우도면,경상사고,0,0,1,0,차대차 - 측면직각충돌,안전운전불이행,건조,맑음,단일로 - 기타,농기계,남,65세,상해없음,승용,여,26세,상해없음
2014040100100354,2014년 4월 1일 15시,화요일,제주특별자치도 제주시 연동,부상신고사고,0,0,0,1,차대차 - 추돌 - 진행중,안전운전불이행,건조,맑음,단일로 - 기타,승용,남,57세,상해없음,승용,남,61세,상해없음
2014040100100395,2014년 4월 1일 16시,화요일,제주특별자치도 서귀포시 대정읍,경상사고,0,0,1,0,차대차 - 측면직각충돌,신호위반,건조,맑음,교차로 - 교차로안,승용,여,55세,상해없음,승용,여,40세,경상
2014040100100396,2014년 4월 1일 16시,화요일,제주특별자치도 제주시 한경면,중상사고,0,1,0,0,차대차 - 기타,안전운전불이행,건조,맑음,단일로 - 기타,승용,남,22세,상해없음,원동기,남,49세,중상
2014040100100397,2014년 4월 1일 16시,화요일,제주특별자치도 제주시 애월읍,경상사고,0,0,1,0,차대사람 - 횡단중,안전운전불이행,건조,맑음,교차로 - 교차로안,승용,남,52세,상해없음,보행자,남,8세,경상
2014040100100444,2014년 4월 1일 17시,화요일,제주특별자치도 제주시 조천읍,부상신고사고,0,0,0,1,차량단독 - 전도전복,안전운전불이행,건조,맑음,단일로 - 기타,원동기,남,64세,부상신고,,,,
2014040100100445,2014년 4월 1일 17시,화요일,제주특별자치도 제주시 일도이동,경상사고,0,0,1,0,차대차 - 기타,안전운전불이행,건조,맑음,단일로 - 횡단보도상,승용,남,38세,상해없음,자전거,남,12세,경상
2014040100100446,2014년 4월 1일 17시,화요일,제주특별자치도 제주시 연동,경상사고,0,0,1,0,차대차 - 추돌 - 진행중,안전운전불이행,건조,맑음,단일로 - 기타,승용,남,27세,상해없음,자전거,남,49세,경상
2014040100100554,2014년 4월 1일 20시,화요일,제주특별자치도 제주시 이호이동,중상사고,0,1,0,0,차대사람 - 기타,안전운전불이행,건조,맑음,교차로 - 교차로부근,원동기,남,18세,상해없음,보행자,여,59세,중상
2014040100100605,2014년 4월 1일 22시,화요일,제주특별자치도 제주시 아라일동,경상사고,0,0,2,0,차대차 - 측면직각충돌,중앙선침범,건조,맑음,단일로 - 기타,승용,여,44세,상해없음,원동기,남,24세,경상
2014040200100093,2014년 4월 2일 07시,수요일,제주특별자치도 제주시 도남동,중상사고,0,1,0,0,차대사람 - 횡단중,안전운전불이행,건조,맑음,교차로 - 교차로부근,승용,여,38세,상해없음,보행자,남,17세,중상
2014040200100128,2014년 4월 2일 08시,수요일,제주특별자치도 제주시 용담일동,중상사고,0,1,0,0,차대사람 - 횡단중,안전운전불이행,건조,맑음,단일로 - 기타,승용,남,56세,상해없음,보행자,여,61세,중상
2014040200100241,2014년 4월 2일 12시,수요일,제주특별자치도 제주시 용담이동,부상신고사고,0,0,0,1,차대사람 - 횡단중,안전운전불이행,건조,맑음,단일로 - 기타,승용,남,41세,상해없음,보행자,남,66세,부상신고
2014040200100305,2014년 4월 2일 14시,수요일,제주특별자치도 제주시 한경면,경상사고,0,0,1,0,차대차 - 추돌 - 진행중,중앙선침범,건조,맑음,단일로 - 기타,이륜,남,73세,경상,승용,여,38세,상해없음
2014040200100437,2014년 4월 2일 18시,수요일,제주특별자치도 제주시 건입동,경상사고,0,0,2,0,차량단독 - 공작물충돌,안전운전불이행,건조,맑음,단일로 - 기타,승용,남,63세,상해없음,,,,
2014040200100438,2014년 4월 2일 18시,수요일,제주특별자치도 제주시 연동,경상사고,0,0,1,1,차대차 - 측면직각충돌,안전운전불이행,건조,맑음,단일로 - 기타,이륜,남,17세,부상신고,승용,남,61세,상해없음
2014040200100529,2014년 4월 2일 20시,수요일,제주특별자치도 제주시 용담삼동,경상사고,0,0,1,0,차대차 - 측면직각충돌,안전운전불이행,건조,맑음,교차로 - 교차로부근,승용,남,50세,상해없음,원동기,남,50세,경상
2014040200100579,2014년 4월 2일 21시,수요일,제주특별자치도 제주시 내도동,경상사고,0,0,1,1,차대차 - 추돌 - 진행중,안전운전불이행,건조,맑음,교차로 - 교차로부근,승용,남,32세,상해없음,승합,남,48세,경상
2014040200100605,2014년 4월 2일 22시,수요일,제주특별자치도 서귀포시 서호동,경상사고,0,0,1,0,차대차 - 기타,교차로운행방법위반,건조,흐림,교차로 - 교차로안,자전거,남,18세,경상,승용,여,38세,상해없음
2014040200100627,2014년 4월 2일 23시,수요일,제주특별자치도 제주시 일도이동,중상사고,0,1,1,0,차대사람 - 횡단중,보행자보호의무위반,건조,맑음,교차로 - 교차로부근,화물,남,22세,경상,보행자,남,50세,중상
2014040300100075,2014년 4월 3일 06시,목요일,제주특별자치도 제주시 이도이동,경상사고,0,0,1,0,차대차 - 측면직각충돌,안전운전불이행,건조,맑음,교차로 - 교차로안,승용,여,56세,상해없음,승용,남,48세,경상
2014040300100101,2014년 4월 3일 07시,목요일,제주특별자치도 제주시 영평동,경상사고,0,0,1,0,차대차 - 측면직각충돌,안전운전불이행,건조,흐림,단일로 - 기타,승용,남,45세,상해없음,자전거,남,75세,경상
2014040300100137,2014년 4월 3일 08시,목요일,제주특별자치도 제주시 조천읍,경상사고,0,0,1,0,차량단독 - 공작물충돌,안전운전불이행,건조,맑음,단일로 - 기타,승용,여,29세,경상,,,,
2014040300100168,2014년 4월 3일 09시,목요일,제주특별자치도 제주시 한림읍,사망사고,1,0,0,0,차대차 - 기타,안전운전불이행,건조,맑음,단일로 - 기타,이륜,남,66세,사망,승용,여,44세,상해없음
2014040300100214,2014년 4월 3일 11시,목요일,제주특별자치도 제주시 일도이동,중상사고,0,1,1,0,차대차 - 측면직각충돌,교차로운행방법위반,건조,맑음,교차로 - 교차로안,승합,남,64세,중상,승용,남,68세,경상
2014040300100215,2014년 4월 3일 11시,목요일,제주특별자치도 제주시 용담이동,경상사고,0,0,2,0,차대차 - 추돌 - 진행중,안전운전불이행,건조,맑음,단일로 - 기타,승용,여,63세,경상,화물,남,57세,경상
2014040300100310,2014년 4월 3일 14시,목요일,제주특별자치도 제주시 오라이동,경상사고,0,0,1,0,차대사람 - 횡단중,보행자보호의무위반,건조,맑음,단일로 - 기타,화물,남,57세,상해없음,보행자,여,8세,경상
2014040300100328,2014년 4월 3일 15시,목요일,제주특별자치도 서귀포시 남원읍,부상신고사고,0,0,0,1,차량단독 - 공작물충돌,안전운전불이행,건조,맑음,단일로 - 기타,화물,남,22세,부상신고,,,,
2014040300100356,2014년 4월 3일 16시,목요일,제주특별자치도 제주시 건입동,중상사고,0,1,0,0,차대사람 - 횡단중,안전운전불이행,건조,맑음,단일로 - 기타,승용,남,65세,상해없음,보행자,남,46세,중상
2014040300100357,2014년 4월 3일 16시,목요일,제주특별자치도 제주시 연동,경상사고,0,0,1,0,차대차 - 기타,안전운전불이행,건조,맑음,단일로 - 기타,승용,남,54세,상해없음,자전거,남,13세,경상
2014040300100386,2014년 4월 3일 17시,목요일,제주특별자치도 제주시 한림읍,중상사고,0,1,0,0,차대사람 - 기타,보행자보호의무위반,건조,맑음,단일로 - 횡단보도상,화물,남,69세,상해없음,보행자,남,6세,중상
2014040300100462,2014년 4월 3일 19시,목요일,제주특별자치도 제주시 이도이동,경상사고,0,0,1,0,차대차 - 측면직각충돌,안전거리미확보,건조,맑음,교차로 - 교차로안,승합,남,44세,상해없음,승용,남,48세,경상
2014040300100536,2014년 4월 3일 21시,목요일,제주특별자치도 서귀포시 성산읍,중상사고,0,1,0,0,차량단독 - 공작물충돌,안전운전불이행,건조,맑음,단일로 - 기타,화물,남,72세,중상,,,,
2014040300100617,2014년 4월 3일 23시,목요일,제주특별자치도 제주시 한림읍,중상사고,0,1,2,0,차대차 - 기타,신호위반,건조,맑음,교차로 - 교차로안,승용,여,24세,경상,승합,남,55세,중상
2014040400100059,2014년 4월 4일 02시,금요일,제주특별자치도 제주시 이도이동,경상사고,0,0,1,0,차대사람 - 길가장자리구역통행중,안전운전불이행,건조,기타,교차로 - 교차로안,승용,남,40세,상해없음,보행자,남,47세,경상
2014040400100060,2014년 4월 4일 02시,금요일,제주특별자치도 제주시 오라일동,경상사고,0,0,1,0,차대차 - 측면직각충돌,안전거리미확보,건조,맑음,교차로 - 교차로부근,승용,남,31세,상해없음,승용,남,51세,경상
2014040400100071,2014년 4월 4일 03시,금요일,제주특별자치도 제주시 용담이동,중상사고,0,1,0,0,차대차 - 기타,중앙선침범,건조,맑음,교차로 - 교차로부근,승용,남,32세,상해없음,승용,남,36세,중상