사고번호,사고일시,요일,시군구,사고내용,사망자수,중상자수,경상자수,부상신고자수,사고유형,법규위반,노면상태,기상상태,도로형태,가해운전자 차종,가해운전자 성별,가해운전자 연령,가해운전자 상해정도,피해운전자 차종,피해운전자 성별,피해운전자 연령,피해운전자 상해정도
2014040400100158,2014년 4월 4일 08시,금요일,제주특별자치도 제주시 삼도일동,경상사고,0,0,7,0,차대차 - 측면직각충돌,안전거리미확보,건조,맑음,단일로 - 기타,승용,여,36세,상해없음,승합,남,55세,상해없음
2014040400100185,2014년 4월 4일 09시,금요일,제주특별자치도 제주시 용담이동,경상사고,0,0,2,0,차대차 - 추돌 - 진행중,안전운전불이행,건조,맑음,단일로 - 기타,승용,여,31세,상해없음,승용,남,30세,상해없음
2014040400100278,2014년 4월 4일 12시,금요일,제주특별자치도 제주시 아라일동,중상사고,0,1,0,0,차대사람 - 횡단중,안전운전불이행,건조,맑음,단일로 - 기타,승용,남,63세,상해없음,보행자,여,72세,중상
2014040400100339,2014년 4월 4일 14시,금요일,제주특별자치도 제주시 해안동,중상사고,0,2,0,0,차대차 - 추돌 - 진행중,안전운전불이행,건조,맑음,단일로 - 기타,화물,남,25세,상해없음,화물,여,52세,중상
2014040400100380,2014년 4월 4일 15시,금요일,제주특별자치도 제주시 구좌읍,중상사고,0,1,0,0,차대차 - 측면직각충돌,교차로운행방법위반,기타,맑음,교차로 - 교차로안,원동기,여,23세,중상,승용,남,57세,상해없음
2014040400100381,2014년 4월 4일 15시,금요일,제주특별자치도 제주시 노형동,중상사고,0,1,0,0,차대사람 - 횡단중,안전운전불이행,건조,맑음,교차로 - 교차로안,승합,남,59세,상해없음,보행자,남,68세,중상
2014040400100420,2014년 4월 4일 16시,금요일,제주특별자치도 제주시 구좌읍,중상사고,0,1,0,0,차량단독 - 공작물충돌,안전운전불이행,기타,맑음,단일로 - 기타,승합,남,55세,상해없음,,,,
2014040400100461,2014년 4월 4일 17시,금요일,제주특별자치도 제주시 애월읍,경상사고,0,0,1,0,차대사람 - 기타,안전운전불이행,건조,맑음,단일로 - 기타,승용,남,38세,상해없음,보행자,여,90세 이상,경상
2014040400100507,2014년 4월 4일 18시,금요일,제주특별자치도 서귀포시 안덕면,중상사고,0,2,2,0,차대차 - 측면직각충돌,직진우회전진행방해,건조,맑음,교차로 - 교차로안,승용,여,25세,경상,승용,여,30세,중상
2014040500100018,2014년 4월 5일 00시,토요일,제주특별자치도 제주시 연동,경상사고,0,0,2,0,차대차 - 기타,안전거리미확보,건조,맑음,단일로 - 기타,승용,남,46세,상해없음,승용,여,43세,경상
2014040500100171,2014년 4월 5일 09시,토요일,제주특별자치도 제주시 이호이동,중상사고,0,1,1,0,차대차 - 측면직각충돌,안전거리미확보,건조,맑음,교차로 - 교차로안,이륜,남,68세,경상,화물,여,49세,상해없음
2014040500100195,2014년 4월 5일 10시,토요일,제주특별자치도 서귀포시 성산읍,중상사고,0,1,0,0,차대차 - 기타,안전거리미확보,건조,맑음,단일로 - 기타,원동기,남,43세,중상,화물,남,28세,상해없음
2014040500100293,2014년 4월 5일 13시,토요일,제주특별자치도 제주시 연동,중상사고,0,1,0,0,차대사람 - 기타,중앙선침범,건조,맑음,단일로 - 기타,화물,남,43세,상해없음,보행자,남,47세,중상
2014040500100321,2014년 4월 5일 14시,토요일,제주특별자치도 제주시 도두일동,경상사고,0,0,2,0,차대차 - 추돌 - 진행중,안전거리미확보,건조,맑음,단일로 - 기타,승용,여,42세,상해없음,승용,남,45세,경상
2014040500100365,2014년 4월 5일 15시,토요일,제주특별자치도 서귀포시 강정동,경상사고,0,0,1,0,차대사람 - 기타,안전운전불이행,건조,맑음,단일로 - 기타,승용,남,42세,상해없음,보행자,남,49세,경상
2014040500100397,2014년 4월 5일 16시,토요일,제주특별자치도 제주시 오라삼동,경상사고,0,0,2,0,차대차 - 추돌 - 주정차중,안전운전불이행,건조,맑음,교차로 - 교차로부근,승합,남,45세,상해없음,승용,남,35세,경상
2014040500100433,2014년 4월 5일 17시,토요일,제주특별자치도 서귀포시 대정읍,중상사고,0,1,0,0,차대차 - 기타,중앙선침범,건조,맑음,단일로 - 기타,승용,여,37세,상해없음,승용,여,50세,중상
2014040500100500,2014년 4월 5일 19시,토요일,제주특별자치도 제주시 오등동,경상사고,0,0,2,0,차대차 - 추돌 - 진행중,중앙선침범,건조,맑음,기타 - 기타,승용,남,44세,상해없음,승용,남,44세,경상
2014040500100501,2014년 4월 5일 19시,토요일,제주특별자치도 제주시 연동,부상신고사고,0,0,0,1,차대차 - 기타,안전운전불이행,건조,맑음,단일로 - 기타,승용,남,39세,부상신고,승용,남,23세,상해없음
2014040500100537,2014년 4월 5일 20시,토요일,제주특별자치도 제주시 건입동,경상사고,0,0,1,0,차대차 - 측면직각충돌,차로위반,건조,맑음,교차로 - 교차로부근,승용,여,47세,경상,승용,남,27세,상해없음
2014040500100538,2014년 4월 5일 20시,토요일,제주특별자치도 제주시 일도이동,중상사고,0,2,0,0,차대차 - 측면직각충돌,안전운전불이행,건조,맑음,교차로 - 교차로부근,승용,여,65세,상해없음,승합,남,26세,중상
2014040500100632,2014년 4월 5일 23시,토요일,제주특별자치도 제주시 이도이동,경상사고,0,0,1,0,차대사람 - 기타,안전운전불이행,건조,맑음,교차로 - 교차로안,승용,남,29세,상해없음,보행자,남,37세,경상
2014040500100633,2014년 4월 5일 23시,토요일,제주특별자치도 제주시 연동,경상사고,0,0,1,3,차대차 - 기타,중앙선침범,건조,맑음,교차로 - 교차로부근,승용,남,45세,상해없음,승용,남,53세,경상
2014040600100075,2014년 4월 6일 07시,일요일,제주특별자치도 제주시 용담이동,중상사고,0,1,1,0,차대차 - 추돌 - 진행중,기타,건조,맑음,단일로 - 기타,승합,남,59세,기타불명,승용,남,21세,중상
2014040600100112,2014년 4월 6일 09시,일요일,제주특별자치도 제주시 한경면,중상사고,0,1,0,0,차대사람 - 횡단중,안전운전불이행,건조,맑음,교차로 - 교차로안,승합,남,53세,상해없음,보행자,남,56세,중상
2014040600100193,2014년 4월 6일 12시,일요일,제주특별자치도 제주시 일도이동,중상사고,0,1,0,0,차대차 - 기타,안전거리미확보,기타,맑음,단일로 - 기타,기타불명,기타불명,기타불명,기타불명,승합,남,54세,상해없음
2014040600100224,2014년 4월 6일 13시,일요일,제주특별자치도 서귀포시 남원읍,중상사고,0,1,0,0,차대차 - 기타,안전거리미확보,건조,맑음,단일로 - 기타,건설기계,남,41세,상해없음,승용,남,45세,중상
2014040600100284,2014년 4월 6일 15시,일요일,제주특별자치도 제주시 우도면,중상사고,0,1,0,0,차량단독 - 전도전복,안전운전불이행,건조,맑음,교차로 - 교차로부근,자전거,여,23세,중상,,,,
2014040600100285,2014년 4월 6일 15시,일요일,제주특별자치도 제주시 연동,경상사고,0,0,1,0,차량단독 - 기타,안전운전불이행,건조,맑음,교차로 - 교차로안,승용,남,60세,상해없음,,,,
2014040600100356,2014년 4월 6일 17시,일요일,제주특별자치도 제주시 노형동,경상사고,0,0,1,0,차대차 - 기타,직진우회전진행방해,건조,맑음,교차로 - 교차로안,승용,여,46세,상해없음,승용,남,66세,상해없음
2014040600100379,2014년 4월 6일 18시,일요일,제주특별자치도 제주시 용담일동,경상사고,0,0,1,0,차대사람 - 길가장자리구역통행중,안전운전불이행,건조,맑음,단일로 - 기타,승용,여,24세,상해없음,보행자,여,53세,경상
2014040600100380,2014년 4월 6일 18시,일요일,제주특별자치도 서귀포시 표선면,경상사고,0,0,3,0,차대차 - 추돌 - 진행중,안전거리미확보,건조,맑음,단일로 - 기타,화물,남,68세,상해없음,승용,여,22세,경상
2014040600100412,2014년 4월 6일 19시,일요일,제주특별자치도 제주시 삼도이동,경상사고,0,0,1,0,차대사람 - 횡단중,안전운전불이행,건조,맑음,교차로 - 교차로부근,승용,여,44세,상해없음,보행자,남,65세,경상
2014040600100470,2014년 4월 6일 21시,일요일,제주특별자치도 제주시 조천읍,경상사고,0,0,2,0,차량단독 - 공작물충돌,안전운전불이행,건조,맑음,교차로 - 교차로안,승용,여,26세,경상,,,,
2014040600100471,2014년 4월 6일 21시,일요일,제주특별자치도 제주시 노형동,중상사고,0,1,3,1,차대차 - 추돌 - 주정차중,안전운전불이행,건조,맑음,단일로 - 기타,승합,남,54세,상해없음,화물,남,38세,경상
2014040700100124,2014년 4월 7일 08시,월요일,제주특별자치도 서귀포시 남원읍,중상사고,0,1,0,0,차대차 - 기타,안전운전불이행,건조,맑음,교차로 - 교차로부근,화물,남,46세,상해없음,승용,여,25세,중상
2014040700100161,2014년 4월 7일 09시,월요일,제주특별자치도 서귀포시 표선면,중상사고,0,1,0,0,차대차 - 기타,기타,건조,흐림,단일로 - 기타,이륜,여,71세,중상,승용,남,31세,상해없음
2014040700100162,2014년 4월 7일 09시,월요일,제주특별자치도 서귀포시 안덕면,경상사고,0,0,1,0,차대차 - 측면직각충돌,직진우회전진행방해,건조,맑음,교차로 - 교차로안,승합,남,57세,상해없음,승용,여,27세,경상
2014040700100196,2014년 4월 7일 11시,월요일,제주특별자치도 제주시 삼도일동,경상사고,0,0,3,0,차대차 - 측면직각충돌,교차로운행방법위반,건조,맑음,교차로 - 교차로안,승용,여,29세,상해없음,승용,남,69세,경상
2014040700100289,2014년 4월 7일 14시,월요일,제주특별자치도 서귀포시 법환동,경상사고,0,0,1,0,차대사람 - 기타,안전운전불이행,건조,맑음,기타 - 기타,승합,남,53세,상해없음,보행자,남,20세,경상
2014040700100405,2014년 4월 7일 17시,월요일,제주특별자치도 제주시 조천읍,부상신고사고,0,0,0,1,차량단독 - 전도전복,안전운전불이행,건조,맑음,단일로 - 기타,이륜,남,46세,부상신고,,,,
2014040700100441,2014년 4월 7일 18시,월요일,제주특별자치도 서귀포시 대포동,경상사고,0,0,2,0,차대차 - 측면직각충돌,직진우회전진행방해,건조,맑음,교차로 - 교차로안,승용,남,63세,상해없음,화물,남,40세,경상
2014040700100442,2014년 4월 7일 18시,월요일,제주특별자치도 제주시 연동,중상사고,0,1,0,0,차대사람 - 횡단중,보행자보호의무위반,건조,맑음,단일로 - 횡단보도상,승용,여,64세,상해없음,보행자,여,36세,중상
2014040700100534,2014년 4월 7일 21시,월요일,제주특별자치도 제주시 조천읍,중상사고,0,1,0,0,차대사람 - 횡단중,안전운전불이행,건조,맑음,단일로 - 기타,승용,남,53세,상해없음,보행자,남,51세,중상
2014040700100535,2014년 4월 7일 21시,월요일,제주특별자치도 제주시 연동,경상사고,0,0,1,0,차대사람 - 기타,안전운전불이행,건조,맑음,교차로 - 교차로안,승용,남,58세,상해없음,보행자,여,31세,경상
2014040800100014,2014년 4월 8일 00시,화요일,제주특별자치도 제주시 노형동,경상사고,0,0,1,0,차대사람 - 횡단중,보행자보호의무위반,건조,맑음,교차로 - 교차로부근,승용,남,64세,상해없음,보행자,여,15세,경상
2014040800100045,2014년 4월 8일 04시,화요일,제주특별자치도 제주시 이도이동,경상사고,0,0,1,0,차대차 - 측면직각충돌,신호위반,건조,맑음,교차로 - 교차로안,승합,남,54세,상해없음,승용,여,57세,경상
2014040800100139,2014년 4월 8일 08시,화요일,제주특별자치도 제주시 도남동,경상사고,0,0,1,0,차대차 - 기타,차로위반,건조,맑음,단일로 - 기타,승용,기타불명,기타불명,기타불명,승합,남,52세,상해없음
2014040800100140,2014년 4월 8일 08시,화요일,제주특별자치도 서귀포시 안덕면,부상신고사고,0,0,0,1,차대차 - 측면직각충돌,신호위반,건조,맑음,교차로 - 교차로안,승용,남,42세,부상신고,건설기계,남,42세,상해없음
2014040800100173,2014년 4월 8일 09시,화요일,제주특별자치도 서귀포시 남원읍,중상사고,0,1,0,0,차대차 - 측면직각충돌,직진우회전진행방해,건조,맑음,교차로 - 교차로안,승용,남,30세,상해없음,승용,남,78세,상해없음
2014040800100196,2014년 4월 8일 10시,화요일,제주특별자치도 제주시 노형동,경상사고,0,0,1,0,차대차 - 기타,안전거리미확보,건조,맑음,단일로 - 기타,승용,남,50세,상해없음,승용,여,35세,경상
2014040800100308,2014년 4월 8일 14시,화요일,제주특별자치도 제주시 삼도이동,중상사고,0,1,4,1,차대차 - 측면직각충돌,신호위반,건조,맑음,교차로 - 교차로안,승용,남,67세,상해없음,승용,여,30세,경상
2014040800100399,2014년 4월 8일 16시,화요일,제주특별자치도 제주시 구좌읍,경상사고,0,0,1,0,차대차 - 측면직각충돌,직진우회전진행방해,건조,맑음,교차로 - 교차로안,이륜,남,72세,경상,화물,여,55세,상해없음
2014040800100400,2014년 4월 8일 16시,화요일,제주특별자치도 제주시 외도일동,경상사고,0,0,3,0,차대차 - 기타,안전거리미확보,건조,맑음,단일로 - 기타,승용,남,42세,경상,승용,여,25세,경상
2014040800100611,2014년 4월 8일 22시,화요일,제주특별자치도 제주시 일도이동,경상사고,0,0,1,0,차대차 - 측면직각충돌,안전운전불이행,건조,맑음,단일로 - 기타,승용,남,34세,상해없음,승합,남,46세,상해없음
2014040800100647,2014년 4월 8일 23시,화요일,제주특별자치도 제주시 조천읍,경상사고,0,0,1,0,차대차 - 추돌 - 진행중,안전운전불이행,건조,맑음,교차로 - 교차로안,승용,남,51세,상해없음,승용,여,45세,경상
2014040900100019,2014년 4월 9일 00시,수요일,제주특별자치도 서귀포시 호근동,경상사고,0,0,2,2,차대차 - 측면직각충돌,직진우회전진행방해,건조,맑음,교차로 - 교차로안,승용,여,53세,부상신고,승용,남,43세,부상신고
2014040900100102,2014년 4월 9일 07시,수요일,제주특별자치도 제주시 이도일동,사망사고,1,0,0,0,차대사람 - 횡단중,보행자보호의무위반,건조,맑음,교차로 - 교차로안,화물,남,34세,상해없음,보행자,여,69세,사망
2014040900100138,2014년 4월 9일 08시,수요일,제주특별자치도 제주시 삼도이동,부상신고사고,0,0,0,1,차대차 - 측면직각충돌,안전운전불이행,건조,맑음,단일로 - 기타,자전거,남,12세,부상신고,승합,남,35세,상해없음
2014040900100223,2014년 4월 9일 11시,수요일,제주특별자치도 서귀포시 강정동,부상신고사고,0,0,0,2,차대차 - 측면직각충돌,안전운전불이행,건조,맑음,교차로 - 교차로안,승용,남,53세,상해없음,원동기,여,62세,부상신고
2014040900100245,2014년 4월 9일 12시,수요일,제주특별자치도 제주시 이도이동,중상사고,0,1,0,0,차대사람 - 기타,안전운전불이행,건조,맑음,교차로 - 교차로부근,승합,남,39세,상해없음,보행자,남,40세,중상
2014040900100246,2014년 4월 9일 12시,수요일,제주특별자치도 제주시 건입동,경상사고,0,0,2,0,차대차 - 측면직각충돌,안전거리미확보,건조,맑음,교차로 - 교차로부근,특수,남,28세,상해없음,승용,여,41세,경상
2014040900100369,2014년 4월 9일 16시,수요일,제주특별자치도 제주시 일도이동,경상사고,0,0,1,0,차대차 - 측면직각충돌,안전운전불이행,건조,맑음,기타 - 기타,승용,여,45세,상해없음,자전거,여,58세,경상
2014040900100370,2014년 4월 9일 16시,수요일,제주특별자치도 서귀포시 토평동,경상사고,0,0,2,0,차대차 - 추돌 - 진행중,안전거리미확보,건조,맑음,교차로 - 교차로부근,화물,남,74세,상해없음,승용,남,35세,상해없음
2014040900100371,2014년 4월 9일 16시,수요일,제주특별자치도 서귀포시 서귀동,경상사고,0,0,1,0,차대차 - 측면직각충돌,기타,건조,맑음,교차로 - 교차로안,원동기,남,51세,경상,승용,남,46세,상해없음
2014040900100410,2014년 4월 9일 17시,수요일,제주특별자치도 서귀포시 남원읍,중상사고,0,3,0,0,차대차 - 추돌 - 진행중,안전거리미확보,건조,맑음,교차로 - 교차로부근,화물,남,35세,상해없음,승용,여,42세,중상
2014040900100450,2014년 4월 9일 18시,수요일,제주특별자치도 제주시 이도이동,경상사고,0,0,1,0,차대차 - 기타,안전운전불이행,건조,맑음,교차로 - 교차로부근,승용,남,61세,상해없음,자전거,남,32세,경상
2014040900100497,2014년 4월 9일 19시,수요일,제주특별자치도 제주시 노형동,경상사고,0,0,1,0,차대사람 - 기타,보행자보호의무위반,건조,맑음,단일로 - 기타,승용,남,46세,상해없음,보행자,여,21세,경상
2014040900100498,2014년 4월 9일 19시,수요일,제주특별자치도 제주시 연동,중상사고,0,1,1,0,차대차 - 기타,신호위반,건조,맑음,교차로 - 교차로안,승용,여,34세,중상,승용,남,34세,경상
2014040900100531,2014년 4월 9일 20시,수요일,제주특별자치도 제주시 연동,경상사고,0,0,3,0,차대차 - 측면직각충돌,직진우회전진행방해,건조,맑음,교차로 - 교차로안,승용,남,33세,경상,승용,남,48세,경상
2014041000100091,2014년 4월 10일 07시,목요일,제주특별자치도 제주시 내도동,중상사고,0,2,3,0,차대차 - 측면직각충돌,직진우회전진행방해,건조,맑음,교차로 - 교차로안,화물,남,38세,경상,승용,여,24세,중상
2014041000100134,2014년 4월 10일 08시,목요일,제주특별자치도 제주시 오라이동,경상사고,0,0,2,0,차대차 - 추돌 - 진행중,안전운전불이행,건조,맑음,교차로 - 교차로부근,승용,여,46세,상해없음,승용,여,48세,경상
2014041000100135,2014년 4월 10일 08시,목요일,제주특별자치도 제주시 용담이동,경상사고,0,0,2,0,차대차 - 기타,안전거리미확보,건조,맑음,단일로 - 기타,승합,남,32세,상해없음,승용,남,34세,상해없음
2014041000100170,2014년 4월 10일 09시,목요일,제주특별자치도 서귀포시 표선면,중상사고,0,2,0,0,차대차 - 기타,직진우회전진행방해,건조,맑음,교차로 - 교차로안,승합,남,52세,상해없음,승용,여,22세,중상
2014041000100290,2014년 4월 10일 14시,목요일,제주특별자치도 서귀포시 남원읍,부상신고사고,0,0,0,1,차량단독 - 기타,안전운전불이행,건조,맑음,단일로 - 기타,승용,남,23세,부상신고,,,,
2014041000100345,2014년 4월 10일 16시,목요일,제주특별자치도 제주시 노형동,경상사고,0,0,1,0,차대차 - 기타,안전운전불이행,건조,맑음,단일로 - 기타,승용,남,64세,상해없음,승용,여,57세,경상
2014041000100380,2014년 4월 10일 17시,목요일,제주특별자치도 제주시 화북이동,경상사고,0,0,10,0,차대차 - 측면직각충돌,안전운전불이행,건조,맑음,단일로 - 기타,승용,남,42세,경상,승용,남,23세,경상
2014041000100381,2014년 4월 10일 17시,목요일,제주특별자치도 제주시 도남동,경상사고,0,0,1,0,차량단독 - 공작물충돌,안전운전불이행,건조,맑음,단일로 - 기타,승용,남,43세,상해없음,,,,
2014041000100382,2014년 4월 10일 17시,목요일,제주특별자치도 제주시 아라일동,중상사고,0,1,0,0,차대차 - 기타,안전운전불이행,건조,맑음,단일로 - 기타,기타불명,기타불명,기타불명,기타불명,자전거,남,42세,중상
2014041000100415,2014년 4월 10일 18시,목요일,제주특별자치도 제주시 삼도일동,경상사고,0,0,1,0,차대차 - 측면직각충돌,직진우회전진행방해,건조,맑음,교차로 - 교차로안,승용,남,58세,상해없음,승합,남,60세,상해없음
2014041000100486,2014년 4월 10일 20시,목요일,제주특별자치도 제주시 조천읍,경상사고,0,0,1,0,차대차 - 측면직각충돌,신호위반,건조,맑음,교차로 - 교차로안,화물,여,58세,상해없음,승용,남,29세,상해없음
2014041000100487,2014년 4월 10일 20시,목요일,제주특별자치도 제주시 외도일동,경상사고,0,0,1,0,차대차 - 기타,안전운전불이행,건조,맑음,단일로 - 기타,승용,여,49세,상해없음,자전거,남,49세,경상
2014041000100550,2014년 4월 10일 22시,목요일,제주특별자치도 제주시 아라이동,경상사고,0,0,1,0,차대차 - 기타,안전운전불이행,건조,맑음,단일로 - 기타,승용,남,39세,상해없음,승용,남,29세,경상
2014041000100551,2014년 4월 10일 22시,목요일,제주특별자치도 제주시 용담이동,중상사고,0,2,2,0,차대차 - 측면직각충돌,안전운전불이행,건조,맑음,단일로 - 기타,승용,남,53세,경상,승용,남,37세,중상
2014041100100014,2014년 4월 11일 00시,금요일,제주특별자치도 제주시 오라일동,경상사고,0,0,1,0,차대차 - 측면직각충돌,신호위반,건조,맑음,교차로 - 교차로안,원동기,남,42세,경상,승용,남,61세,상해없음
2014041100100031,2014년 4월 11일 02시,금요일,제주특별자치도 제주시 일도이동,경상사고,0,0,1,0,차량단독 - 공작물충돌,안전운전불이행,기타,맑음,단일로 - 기타,원동기,남,32세,경상,,,,
2014041100100061,2014년 4월 11일 05시,금요일,제주특별자치도 제주시 노형동,경상사고,0,0,2,0,차대차 - 기타,안전운전불이행,건조,맑음,단일로 - 기타,승용,남,39세,상해없음,승용,여,56세,경상
2014041100100071,2014년 4월 11일 06시,금요일,제주특별자치도 제주시 이도일동,중상사고,0,1,0,0,차대사람 - 횡단중,보행자보호의무위반,건조,맑음,단일로 - 횡단보도상,승용,남,71세,상해없음,보행자,남,64세,중상
2014041100100093,2014년 4월 11일 07시,금요일,제주특별자치도 제주시 도남동,중상사고,0,1,0,0,차대차 - 측면직각충돌,안전운전불이행,건조,맑음,기타 - 기타,화물,남,37세,상해없음,자전거,남,36세,중상
2014041100100094,2014년 4월 11일 07시,금요일,제주특별자치도 서귀포시 강정동,중상사고,0,1,2,0,차대차 - 기타,안전운전불이행,건조,맑음,단일로 - 기타,승용,남,53세,중상,승용,남,58세,경상
2014041100100228,2014년 4월 11일 12시,금요일,제주특별자치도 서귀포시 성산읍,중상사고,0,1,0,0,차대차 - 측면직각충돌,직진우회전진행방해,건조,맑음,교차로 - 교차로안,승용,남,53세,상해없음,원동기,여,26세,중상
2014041100100229,2014년 4월 11일 12시,금요일,제주특별자치도 서귀포시 대정읍,경상사고,0,0,1,0,차대차 - 기타,안전운전불이행,건조,맑음,단일로 - 기타,승합,남,43세,상해없음,승용,남,50세,경상
2014041100100262,2014년 4월 11일 13시,금요일,제주특별자치도 제주시 도남동,중상사고,0,1,0,0,차대사람 - 횡단중,안전운전불이행,건조,맑음,교차로 - 교차로안,화물,남,49세,상해없음,보행자,여,70세,중상
2014041100100326,2014년 4월 11일 15시,금요일,제주특별자치도 제주시 영평동,경상사고,0,0,1,0,차대차 - 추돌 - 진행중,안전거리미확보,건조,맑음,단일로 - 기타,화물,남,30세,경상,화물,남,42세,상해없음
2014041100100362,2014년 4월 11일 16시,금요일,제주특별자치도 제주시 한림읍,경상사고,0,0,1,0,차대차 - 측면직각충돌,교차로운행방법위반,건조,맑음,교차로 - 교차로안,승용,남,70세,경상,건설기계,남,35세,상해없음
2014041100100363,2014년 4월 11일 16시,금요일,제주특별자치도 제주시 연동,경상사고,0,0,1,0,차대차 - 기타,안전운전불이행,건조,맑음,단일로 - 기타,승용,여,62세,기타불명,승용,남,52세,경상
2014041100100434,2014년 4월 11일 18시,금요일,제주특별자치도 제주시 용담이동,경상사고,0,0,1,0,차대차 - 기타,안전운전불이행,건조,맑음,단일로 - 기타,원동기,남,24세,경상,화물,남,55세,상해없음
2014041100100487,2014년 4월 11일 19시,금요일,제주특별자치도 제주시 봉개동,경상사고,0,0,1,0,차대차 - 측면직각충돌,안전거리미확보,건조,맑음,단일로 - 기타,이륜,남,69세,경상,승용,남,49세,상해없음
2014041100100488,2014년 4월 11일 19시,금요일,제주특별자치도 서귀포시 성산읍,사망사고,1,0,0,0,차대사람 - 기타,안전운전불이행,기타,흐림,단일로 - 기타,승용,남,64세,상해없음,보행자,여,87세,사망
2014041100100489,2014년 4월 11일 19시,금요일,제주특별자치도 서귀포시 남원읍,경상사고,0,0,1,0,차대사람 - 기타,안전운전불이행,건조,맑음,단일로 - 기타,승용,남,52세,상해없음,보행자,남,86세,경상
2014041100100490,2014년 4월 11일 19시,금요일,제주특별자치도 서귀포시 동홍동,경상사고,0,0,1,0,차대사람 - 기타,안전운전불이행,건조,기타,교차로 - 교차로부근,화물,남,54세,상해없음,보행자,여,67세,경상
2014041100100527,2014년 4월 11일 20시,금요일,제주특별자치도 제주시 노형동,경상사고,0,0,1,0,차대차 - 기타,신호위반,건조,맑음,교차로 - 교차로안,승용,여,29세,상해없음,승용,남,40세,경상
2014041100100643,2014년 4월 11일 23시,금요일,제주특별자치도 제주시 이도이동,경상사고,0,0,1,0,차대차 - 측면직각충돌,교차로운행방법위반,건조,맑음,교차로 - 교차로안,이륜,남,20세,경상,승용,남,40세,상해없음
2014041200100048,2014년 4월 12일 01시,토요일,제주특별자치도 제주시 노형동,경상사고,0,0,5,0,차대차 - 기타,신호위반,건조,맑음,교차로 - 교차로안,승용,남,25세,경상,승용,남,47세,경상
2014041200100073,2014년 4월 12일 02시,토요일,제주특별자치도 제주시 노형동,부상신고사고,0,0,0,1,차량단독 - 기타,안전운전불이행,건조,맑음,단일로 - 기타,원동기,남,50세,부상신고,,,,
2014041200100135,2014년 4월 12일 07시,토요일,제주특별자치도 제주시 도남동,경상사고,0,0,1,0,차대차 - 측면직각충돌,안전운전불이행,기타,맑음,단일로 - 기타,승용,여,58세,경상,승용,여,37세,상해없음
2014041200100156,2014년 4월 12일 08시,토요일,제주특별자치도 제주시 화북이동,경상사고,0,0,1,0,차대차 - 측면직각충돌,안전운전불이행,기타,맑음,단일로 - 기타,승용,남,37세,상해없음,화물,남,26세,상해없음
2014041200100217,2014년 4월 12일 10시,토요일,제주특별자치도 제주시 일도일동,경상사고,0,0,2,0,차대차 - 측면직각충돌,교차로운행방법위반,기타,맑음,교차로 - 교차로안,이륜,남,34세,경상,승용,여,36세,경상
2014041200100218,2014년 4월 12일 10시,토요일,제주특별자치도 제주시 한림읍,중상사고,0,2,0,0,차량단독 - 공작물충돌,안전운전불이행,건조,흐림,교차로 - 교차로부근,승용,남,36세,중상,,,,
2014041200100219,2014년 4월 12일 10시,토요일,제주특별자치도 제주시 용담이동,중상사고,0,1,0,0,차대차 - 추돌 - 주정차중,안전운전불이행,건조,맑음,단일로 - 기타,승용,남,61세,상해없음,승용,남,27세,중상
2014041200100307,2014년 4월 12일 13시,토요일,제주특별자치도 제주시 도련이동,부상신고사고,0,0,0,1,차대차 - 측면직각충돌,안전운전불이행,건조,흐림,교차로 - 교차로부근,이륜,남,45세,부상신고,승용,여,28세,상해없음
2014041200100308,2014년 4월 12일 13시,토요일,제주특별자치도 제주시 건입동,경상사고,0,0,1,0,차대차 - 측면직각충돌,안전운전불이행,건조,맑음,단일로 - 기타,승용,남,55세,상해없음,승용,남,65세,경상
2014041200100332,2014년 4월 12일 14시,토요일,제주특별자치도 제주시 봉개동,부상신고사고,0,0,0,1,차대차 - 측면직각충돌,안전운전불이행,건조,맑음,교차로 - 교차로부근,승용,남,51세,상해없음,승용,남,47세,부상신고
2014041200100432,2014년 4월 12일 17시,토요일,제주특별자치도 서귀포시 안덕면,중상사고,0,2,1,0,차대차 - 기타,안전거리미확보,건조,맑음,교차로 - 교차로안,건설기계,남,58세,상해없음,승용,여,32세,중상
2014041200100530,2014년 4월 12일 20시,토요일,제주특별자치도 서귀포시 하효동,중상사고,0,1,1,0,차대차 - 기타,직진우회전진행방해,습기,비,교차로 - 교차로안,승용,남,22세,경상,승합,남,39세,상해없음
2014041200100556,2014년 4월 12일 21시,토요일,제주특별자치도 제주시 한림읍,부상신고사고,0,0,0,1,차대사람 - 기타,안전운전불이행,습기,비,교차로 - 교차로부근,승용,남,44세,상해없음,보행자,남,48세,부상신고
2014041200100614,2014년 4월 12일 23시,토요일,제주특별자치도 서귀포시 서귀동,경상사고,0,0,1,0,차대사람 - 기타,보행자보호의무위반,습기,비,교차로 - 교차로부근,승용,남,51세,상해없음,보행자,여,17세,경상
2014041300100047,2014년 4월 13일 02시,일요일,제주특별자치도 제주시 이도일동,중상사고,0,1,0,0,차대사람 - 횡단중,보행자보호의무위반,습기,비,단일로 - 기타,승용,남,44세,상해없음,보행자,여,50세,중상