사고번호,사고일시,요일,시군구,사고내용,사망자수,중상자수,경상자수,부상신고자수,사고유형,법규위반,노면상태,기상상태,도로형태,가해운전자 차종,가해운전자 성별,가해운전자 연령,가해운전자 상해정도,피해운전자 차종,피해운전자 성별,피해운전자 연령,피해운전자 상해정도
2014041300100086,2014년 4월 13일 05시,일요일,제주특별자치도 서귀포시 서귀동,경상사고,0,0,1,0,차대차 - 기타,직진우회전진행방해,습기,비,교차로 - 교차로안,승용,남,45세,상해없음,승용,남,37세,경상
2014041300100154,2014년 4월 13일 09시,일요일,제주특별자치도 서귀포시 성산읍,중상사고,0,1,1,0,차대차 - 정면충돌,신호위반,습기,비,교차로 - 교차로안,승용,여,50세,중상,화물,여,63세,경상
2014041300100155,2014년 4월 13일 09시,일요일,제주특별자치도 제주시 연동,경상사고,0,0,1,0,차대차 - 기타,안전운전불이행,건조,맑음,단일로 - 기타,화물,여,50세,상해없음,화물,여,39세,경상
2014041300100156,2014년 4월 13일 09시,일요일,제주특별자치도 제주시 한경면,중상사고,0,1,1,0,차대차 - 기타,신호위반,습기,비,교차로 - 교차로안,화물,남,34세,경상,건설기계,남,31세,중상
2014041300100251,2014년 4월 13일 13시,일요일,제주특별자치도 서귀포시 성산읍,중상사고,0,1,0,0,차대차 - 기타,안전운전불이행,건조,맑음,단일로 - 기타,원동기,남,69세,중상,화물,남,46세,상해없음
2014041300100291,2014년 4월 13일 14시,일요일,제주특별자치도 서귀포시 토평동,중상사고,0,3,1,0,차대차 - 측면직각충돌,안전운전불이행,건조,맑음,단일로 - 기타,화물,남,58세,중상,승용,남,25세,경상
2014041300100292,2014년 4월 13일 14시,일요일,제주특별자치도 서귀포시 안덕면,경상사고,0,0,3,0,차대차 - 기타,안전운전불이행,건조,맑음,단일로 - 기타,건설기계,남,48세,상해없음,화물,남,47세,경상
2014041300100521,2014년 4월 13일 21시,일요일,제주특별자치도 서귀포시 서귀동,중상사고,0,1,0,0,차대사람 - 기타,안전운전불이행,건조,맑음,단일로 - 기타,승용,남,46세,상해없음,보행자,남,51세,중상
2014041300100522,2014년 4월 13일 21시,일요일,제주특별자치도 제주시 애월읍,경상사고,0,0,2,0,차대차 - 기타,신호위반,건조,맑음,교차로 - 교차로안,승용,남,41세,경상,승용,여,23세,경상
2014041400100017,2014년 4월 14일 01시,월요일,제주특별자치도 제주시 애월읍,경상사고,0,0,2,0,차대차 - 기타,안전운전불이행,건조,맑음,단일로 - 기타,승용,여,26세,상해없음,승용,남,22세,경상
2014041400100093,2014년 4월 14일 07시,월요일,제주특별자치도 제주시 애월읍,경상사고,0,0,1,0,차대차 - 추돌 - 진행중,안전거리미확보,건조,맑음,단일로 - 기타,승용,여,42세,경상,화물,남,47세,상해없음
2014041400100132,2014년 4월 14일 08시,월요일,제주특별자치도 제주시 이도이동,중상사고,0,1,0,0,차대사람 - 횡단중,안전운전불이행,건조,맑음,교차로 - 교차로안,승용,남,35세,상해없음,보행자,여,69세,중상
2014041400100162,2014년 4월 14일 09시,월요일,제주특별자치도 제주시 연동,경상사고,0,0,1,0,차대차 - 기타,직진우회전진행방해,건조,맑음,교차로 - 교차로부근,승용,여,56세,상해없음,승합,남,39세,상해없음
2014041400100193,2014년 4월 14일 10시,월요일,제주특별자치도 제주시 아라일동,경상사고,0,0,2,0,차대차 - 측면직각충돌,교차로운행방법위반,건조,맑음,교차로 - 교차로안,승용,남,47세,경상,승용,남,25세,경상
2014041400100231,2014년 4월 14일 11시,월요일,제주특별자치도 제주시 한림읍,중상사고,0,1,1,0,차대차 - 추돌 - 진행중,신호위반,건조,맑음,교차로 - 교차로안,승용,여,45세,상해없음,승용,남,42세,상해없음
2014041400100267,2014년 4월 14일 12시,월요일,제주특별자치도 제주시 한림읍,경상사고,0,0,1,0,차대차 - 추돌 - 진행중,교차로운행방법위반,건조,맑음,교차로 - 교차로안,화물,남,65세,상해없음,화물,남,37세,경상
2014041400100328,2014년 4월 14일 14시,월요일,제주특별자치도 제주시 구좌읍,경상사고,0,0,1,0,차대차 - 측면직각충돌,교차로운행방법위반,기타,맑음,교차로 - 교차로안,승용,남,25세,상해없음,화물,남,50세,경상
2014041400100366,2014년 4월 14일 15시,월요일,제주특별자치도 제주시 애월읍,중상사고,0,1,1,0,차대차 - 추돌 - 진행중,직진우회전진행방해,건조,맑음,교차로 - 교차로안,승용,남,61세,상해없음,이륜,남,23세,경상
2014041400100441,2014년 4월 14일 17시,월요일,제주특별자치도 제주시 화북일동,중상사고,0,1,1,0,차대차 - 측면직각충돌,신호위반,건조,맑음,교차로 - 교차로부근,승용,남,45세,상해없음,원동기,남,24세,중상
2014041400100442,2014년 4월 14일 17시,월요일,제주특별자치도 제주시 화북이동,경상사고,0,0,1,0,차대차 - 측면직각충돌,안전거리미확보,건조,맑음,교차로 - 교차로부근,승용,남,24세,상해없음,승용,여,35세,경상
2014041400100443,2014년 4월 14일 17시,월요일,제주특별자치도 제주시 도남동,경상사고,0,0,2,0,차대차 - 측면직각충돌,안전거리미확보,기타,맑음,단일로 - 기타,화물,남,49세,상해없음,승용,여,44세,경상
2014041400100531,2014년 4월 14일 19시,월요일,제주특별자치도 제주시 도남동,경상사고,0,0,1,0,차대차 - 측면직각충돌,안전운전불이행,건조,맑음,교차로 - 교차로부근,승용,남,34세,상해없음,승합,남,58세,경상
2014041400100557,2014년 4월 14일 20시,월요일,제주특별자치도 제주시 이도이동,중상사고,0,1,1,0,차대차 - 정면충돌,중앙선침범,건조,맑음,단일로 - 기타,승용,여,54세,경상,승용,남,48세,중상
2014041400100630,2014년 4월 14일 23시,월요일,제주특별자치도 제주시 노형동,경상사고,0,0,1,0,차대차 - 추돌 - 주정차중,안전운전불이행,건조,맑음,단일로 - 기타,승용,남,31세,경상,승용,남,47세,기타불명
2014041500100078,2014년 4월 15일 06시,화요일,제주특별자치도 제주시 조천읍,중상사고,0,3,2,0,차대차 - 측면직각충돌,신호위반,건조,맑음,교차로 - 교차로안,승용,남,54세,상해없음,승용,남,57세,중상
2014041500100165,2014년 4월 15일 08시,화요일,제주특별자치도 제주시 연동,경상사고,0,0,1,0,차대차 - 추돌 - 진행중,직진우회전진행방해,건조,맑음,교차로 - 교차로안,승용,남,22세,상해없음,화물,남,43세,경상
2014041500100193,2014년 4월 15일 09시,화요일,제주특별자치도 서귀포시 남원읍,경상사고,0,0,2,0,차대차 - 기타,안전운전불이행,건조,맑음,교차로 - 교차로안,화물,남,49세,경상,승용,여,34세,상해없음
2014041500100245,2014년 4월 15일 11시,화요일,제주특별자치도 서귀포시 서귀동,경상사고,0,0,2,1,차대차 - 추돌 - 진행중,직진우회전진행방해,건조,맑음,교차로 - 교차로안,승용,남,72세,부상신고,승용,여,50세,경상
2014041500100246,2014년 4월 15일 11시,화요일,제주특별자치도 서귀포시 남원읍,중상사고,0,2,2,0,차대차 - 기타,안전운전불이행,건조,맑음,교차로 - 교차로부근,화물,남,31세,상해없음,화물,남,56세,경상
2014041500100297,2014년 4월 15일 13시,화요일,제주특별자치도 제주시 도련일동,중상사고,0,1,0,0,차대차 - 측면직각충돌,안전운전불이행,건조,맑음,단일로 - 기타,화물,남,42세,상해없음,자전거,남,76세,중상
2014041500100298,2014년 4월 15일 13시,화요일,제주특별자치도 서귀포시 성산읍,부상신고사고,0,0,0,1,차대사람 - 기타,안전운전불이행,건조,맑음,단일로 - 기타,화물,남,65세,상해없음,보행자,남,47세,부상신고
2014041500100416,2014년 4월 15일 17시,화요일,제주특별자치도 서귀포시 안덕면,중상사고,0,2,1,0,차대차 - 기타,안전운전불이행,건조,맑음,단일로 - 기타,자전거,여,70세,중상,자전거,여,61세,경상
2014041500100450,2014년 4월 15일 18시,화요일,제주특별자치도 서귀포시 안덕면,경상사고,0,0,2,0,차대차 - 기타,안전운전불이행,건조,맑음,교차로 - 교차로부근,화물,남,37세,상해없음,승용,남,36세,경상
2014041500100451,2014년 4월 15일 18시,화요일,제주특별자치도 서귀포시 남원읍,경상사고,0,0,2,0,차대차 - 기타,중앙선침범,건조,맑음,단일로 - 기타,승용,남,55세,상해없음,승용,남,36세,경상
2014041600100039,2014년 4월 16일 03시,수요일,제주특별자치도 제주시 이도이동,경상사고,0,0,1,0,차대차 - 측면직각충돌,안전거리미확보,건조,맑음,단일로 - 기타,승용,남,54세,상해없음,이륜,남,58세,경상
2014041600100129,2014년 4월 16일 08시,수요일,제주특별자치도 서귀포시 성산읍,경상사고,0,0,1,0,차대차 - 기타,안전운전불이행,건조,맑음,교차로 - 교차로안,승용,남,35세,상해없음,이륜,여,61세,경상
2014041600100158,2014년 4월 16일 09시,수요일,제주특별자치도 서귀포시 안덕면,중상사고,0,1,0,0,차대사람 - 기타,안전운전불이행,건조,맑음,단일로 - 기타,화물,남,72세,상해없음,보행자,여,44세,중상
2014041600100262,2014년 4월 16일 13시,수요일,제주특별자치도 서귀포시 중문동,부상신고사고,0,0,0,1,차대차 - 기타,안전운전불이행,건조,맑음,단일로 - 기타,화물,남,57세,부상신고,화물,남,32세,상해없음
2014041600100397,2014년 4월 16일 17시,수요일,제주특별자치도 제주시 이도이동,중상사고,0,1,2,0,차대차 - 측면직각충돌,신호위반,건조,맑음,단일로 - 기타,화물,남,55세,경상,승용,남,40세,상해없음
2014041600100398,2014년 4월 16일 17시,수요일,제주특별자치도 제주시 삼양일동,경상사고,0,0,2,0,차대차 - 추돌 - 주정차중,안전거리미확보,건조,맑음,단일로 - 기타,승용,여,49세,상해없음,승용,남,37세,경상
2014041600100443,2014년 4월 16일 18시,수요일,제주특별자치도 제주시 조천읍,중상사고,0,1,3,0,차대차 - 측면직각충돌,중앙선침범,건조,맑음,단일로 - 기타,원동기,남,65세,중상,승용,남,32세,경상
2014041600100482,2014년 4월 16일 19시,수요일,제주특별자치도 제주시 애월읍,부상신고사고,0,0,0,1,차대차 - 기타,안전운전불이행,건조,맑음,단일로 - 교량,승용,남,51세,부상신고,화물,남,30세,상해없음
2014041600100553,2014년 4월 16일 21시,수요일,제주특별자치도 제주시 일도이동,경상사고,0,0,1,0,차대사람 - 횡단중,기타,건조,맑음,기타 - 기타,승용,남,35세,상해없음,보행자,남,33세,경상
2014041600100607,2014년 4월 16일 23시,수요일,제주특별자치도 서귀포시 동홍동,중상사고,0,1,0,0,차대차 - 기타,직진우회전진행방해,건조,맑음,교차로 - 교차로안,승합,여,35세,상해없음,화물,여,56세,중상
2014041700100094,2014년 4월 17일 07시,목요일,제주특별자치도 제주시 일도이동,경상사고,0,0,1,0,차대차 - 측면직각충돌,직진우회전진행방해,건조,맑음,교차로 - 교차로안,기타불명,기타불명,기타불명,기타불명,자전거,남,12세,경상
2014041700100131,2014년 4월 17일 08시,목요일,제주특별자치도 제주시 연동,경상사고,0,0,4,0,차대차 - 추돌 - 진행중,안전거리미확보,건조,맑음,단일로 - 기타,승용,남,37세,상해없음,승용,남,42세,경상
2014041700100274,2014년 4월 17일 13시,목요일,제주특별자치도 서귀포시 서귀동,중상사고,0,1,0,0,차량단독 - 기타,안전운전불이행,기타,기타,단일로 - 기타,승합,남,48세,기타불명,,,,
2014041700100302,2014년 4월 17일 14시,목요일,제주특별자치도 제주시 용담이동,경상사고,0,0,2,0,차대차 - 추돌 - 진행중,안전운전불이행,습기,비,단일로 - 기타,승용,남,54세,상해없음,승용,남,63세,경상
2014041700100409,2014년 4월 17일 17시,목요일,제주특별자치도 제주시 이도이동,경상사고,0,0,1,0,차대차 - 측면직각충돌,안전운전불이행,건조,맑음,단일로 - 기타,승용,여,41세,상해없음,승용,여,37세,경상
2014041700100410,2014년 4월 17일 17시,목요일,제주특별자치도 제주시 연동,부상신고사고,0,0,0,1,차량단독 - 기타,안전운전불이행,건조,맑음,교차로 - 교차로부근,승용,남,57세,상해없음,,,,
2014041700100594,2014년 4월 17일 20시,목요일,제주특별자치도 제주시 연동,부상신고사고,0,0,0,1,차대사람 - 기타,안전운전불이행,습기,비,단일로 - 기타,기타불명,기타불명,기타불명,기타불명,보행자,남,41세,부상신고
2014041700100659,2014년 4월 17일 21시,목요일,제주특별자치도 제주시 이도일동,경상사고,0,0,1,0,차대사람 - 차도통행중,보행자보호의무위반,습기,비,단일로 - 횡단보도상,승용,남,23세,상해없음,보행자,남,52세,경상
2014041700100660,2014년 4월 17일 21시,목요일,제주특별자치도 서귀포시 안덕면,경상사고,0,0,1,0,차대사람 - 기타,안전운전불이행,습기,흐림,단일로 - 기타,승합,남,46세,상해없음,보행자,남,43세,경상
2014041700100714,2014년 4월 17일 22시,목요일,제주특별자치도 제주시 아라일동,경상사고,0,0,1,0,차대차 - 측면직각충돌,안전거리미확보,습기,비,단일로 - 기타,승용,남,33세,경상,승용,남,22세,기타불명
2014041800100043,2014년 4월 18일 02시,금요일,제주특별자치도 서귀포시 서홍동,경상사고,0,0,1,0,차대차 - 추돌 - 진행중,안전운전불이행,습기,흐림,단일로 - 기타,승용,남,29세,상해없음,승용,여,44세,경상
2014041800100149,2014년 4월 18일 08시,금요일,제주특별자치도 제주시 연동,경상사고,0,0,1,0,차대차 - 추돌 - 진행중,안전거리미확보,건조,맑음,교차로 - 교차로부근,승용,여,44세,기타불명,승용,남,47세,상해없음
2014041800100150,2014년 4월 18일 08시,금요일,제주특별자치도 제주시 용담삼동,경상사고,0,0,2,0,차대차 - 기타,안전운전불이행,습기,비,교차로 - 교차로부근,화물,남,32세,기타불명,승용,여,28세,경상
2014041800100198,2014년 4월 18일 10시,금요일,제주특별자치도 서귀포시 서홍동,중상사고,0,1,1,0,차대차 - 측면직각충돌,직진우회전진행방해,건조,맑음,교차로 - 교차로안,승용,여,37세,상해없음,승용,여,29세,경상
2014041800100199,2014년 4월 18일 10시,금요일,제주특별자치도 제주시 연동,경상사고,0,0,1,0,차대사람 - 기타,안전운전불이행,건조,맑음,단일로 - 기타,승용,남,37세,상해없음,보행자,남,32세,경상
2014041800100227,2014년 4월 18일 11시,금요일,제주특별자치도 제주시 삼도이동,중상사고,0,1,0,0,차대사람 - 횡단중,안전운전불이행,습기,비,교차로 - 교차로부근,승용,남,48세,상해없음,보행자,남,61세,중상
2014041800100254,2014년 4월 18일 12시,금요일,제주특별자치도 제주시 삼도이동,경상사고,0,0,1,0,차대차 - 측면직각충돌,안전운전불이행,건조,맑음,단일로 - 기타,승용,남,54세,상해없음,승용,여,63세,경상
2014041800100255,2014년 4월 18일 12시,금요일,제주특별자치도 서귀포시 안덕면,중상사고,0,3,1,3,차대차 - 측면직각충돌,직진우회전진행방해,건조,맑음,교차로 - 교차로안,승용,여,27세,부상신고,승용,남,39세,경상
2014041800100325,2014년 4월 18일 14시,금요일,제주특별자치도 제주시 일도이동,중상사고,0,1,0,0,차대사람 - 길가장자리구역통행중,안전운전불이행,건조,맑음,교차로 - 교차로부근,승용,남,48세,상해없음,보행자,여,85세,중상
2014041800100326,2014년 4월 18일 14시,금요일,제주특별자치도 제주시 한림읍,경상사고,0,0,1,0,차대차 - 추돌 - 주정차중,안전운전불이행,건조,맑음,단일로 - 기타,승용,여,49세,상해없음,승합,남,57세,경상
2014041800100355,2014년 4월 18일 15시,금요일,제주특별자치도 서귀포시 대정읍,경상사고,0,0,1,0,차대사람 - 기타,안전운전불이행,건조,맑음,단일로 - 기타,승용,여,40세,상해없음,보행자,남,13세,경상
2014041800100511,2014년 4월 18일 20시,금요일,제주특별자치도 제주시 일도일동,경상사고,0,0,1,0,차대차 - 측면직각충돌,안전운전불이행,건조,맑음,교차로 - 교차로부근,승용,남,61세,상해없음,승용,남,37세,경상
2014041800100512,2014년 4월 18일 20시,금요일,제주특별자치도 제주시 연동,부상신고사고,0,0,0,3,차대차 - 기타,안전운전불이행,건조,맑음,교차로 - 교차로부근,승용,남,52세,부상신고,승용,여,28세,상해없음
2014041800100513,2014년 4월 18일 20시,금요일,제주특별자치도 제주시 용담이동,경상사고,0,0,1,0,차대차 - 추돌 - 진행중,안전거리미확보,건조,맑음,단일로 - 기타,승용,남,23세,상해없음,승용,여,33세,경상
2014041800100543,2014년 4월 18일 21시,금요일,제주특별자치도 제주시 노형동,중상사고,0,1,0,0,차대사람 - 기타,안전운전불이행,건조,맑음,단일로 - 기타,화물,남,55세,상해없음,보행자,남,45세,중상
2014041900100128,2014년 4월 19일 08시,토요일,제주특별자치도 제주시 연동,경상사고,0,0,1,0,차대차 - 기타,직진우회전진행방해,건조,흐림,교차로 - 교차로안,승용,남,55세,상해없음,승용,남,57세,경상
2014041900100207,2014년 4월 19일 11시,토요일,제주특별자치도 제주시 노형동,경상사고,0,0,1,0,차대차 - 기타,기타,습기,비,교차로 - 교차로안,승용,남,71세,기타불명,자전거,남,53세,경상
2014041900100208,2014년 4월 19일 11시,토요일,제주특별자치도 제주시 용담이동,부상신고사고,0,0,0,1,차량단독 - 기타,안전운전불이행,습기,비,단일로 - 기타,이륜,남,43세,부상신고,,,,
2014041900100266,2014년 4월 19일 13시,토요일,제주특별자치도 제주시 노형동,경상사고,0,0,1,0,차대차 - 기타,안전운전불이행,습기,비,단일로 - 기타,승용,여,42세,상해없음,승용,여,31세,경상
2014041900100293,2014년 4월 19일 14시,토요일,제주특별자치도 제주시 도남동,경상사고,0,0,1,0,차대차 - 측면직각충돌,안전거리미확보,습기,비,단일로 - 기타,화물,여,42세,상해없음,승용,남,31세,상해없음
2014041900100294,2014년 4월 19일 14시,토요일,제주특별자치도 제주시 조천읍,경상사고,0,0,1,0,차대차 - 측면직각충돌,안전운전불이행,기타,맑음,단일로 - 기타,화물,남,42세,상해없음,화물,남,56세,경상
2014041900100295,2014년 4월 19일 14시,토요일,제주특별자치도 제주시 아라이동,경상사고,0,0,1,1,차대차 - 측면직각충돌,안전운전불이행,건조,맑음,기타 - 기타,승용,여,39세,부상신고,승용,여,42세,경상
2014041900100352,2014년 4월 19일 16시,토요일,제주특별자치도 제주시 건입동,경상사고,0,0,1,0,차대차 - 추돌 - 주정차중,안전거리미확보,건조,맑음,교차로 - 교차로부근,승용,여,33세,상해없음,승용,여,22세,경상
2014041900100455,2014년 4월 19일 19시,토요일,제주특별자치도 제주시 삼도이동,중상사고,0,1,0,0,차대사람 - 횡단중,안전운전불이행,건조,맑음,단일로 - 기타,승용,남,53세,상해없음,보행자,남,49세,중상
2014041900100490,2014년 4월 19일 20시,토요일,제주특별자치도 제주시 애월읍,경상사고,0,0,1,0,차량단독 - 기타,기타,건조,맑음,단일로 - 기타,승합,남,32세,경상,,,,
2014041900100551,2014년 4월 19일 22시,토요일,제주특별자치도 제주시 조천읍,사망사고,1,0,0,0,차대사람 - 횡단중,안전운전불이행,건조,맑음,교차로 - 교차로안,승용,남,30세,상해없음,보행자,남,83세,사망
2014042000100015,2014년 4월 20일 00시,일요일,제주특별자치도 제주시 도남동,경상사고,0,0,1,0,차대차 - 측면직각충돌,교차로운행방법위반,습기,비,교차로 - 교차로안,승용,여,24세,상해없음,승용,남,46세,상해없음
2014042000100050,2014년 4월 20일 02시,일요일,제주특별자치도 제주시 노형동,경상사고,0,0,3,0,차대차 - 추돌 - 주정차중,중앙선침범,건조,맑음,교차로 - 교차로부근,승합,남,47세,상해없음,승용,남,34세,경상
2014042000100062,2014년 4월 20일 03시,일요일,제주특별자치도 제주시 이도이동,경상사고,0,0,2,0,차대차 - 측면직각충돌,안전거리미확보,습기,비,단일로 - 기타,승용,남,52세,상해없음,승용,남,44세,경상
2014042000100087,2014년 4월 20일 05시,일요일,제주특별자치도 제주시 도남동,경상사고,0,0,1,0,차대사람 - 횡단중,안전운전불이행,습기,비,교차로 - 교차로안,기타불명,기타불명,기타불명,기타불명,보행자,여,27세,경상
2014042000100236,2014년 4월 20일 13시,일요일,제주특별자치도 제주시 이도이동,경상사고,0,0,1,0,차대차 - 측면직각충돌,안전거리미확보,건조,맑음,교차로 - 교차로안,승용,여,47세,상해없음,승용,남,22세,경상
2014042000100262,2014년 4월 20일 14시,일요일,제주특별자치도 제주시 연동,경상사고,0,0,1,0,차대차 - 측면직각충돌,중앙선침범,건조,맑음,교차로 - 교차로부근,자전거,남,11세,경상,승용,남,55세,상해없음
2014042000100321,2014년 4월 20일 16시,일요일,제주특별자치도 제주시 도남동,경상사고,0,0,2,0,차대차 - 측면직각충돌,안전운전불이행,건조,맑음,기타 - 기타,화물,남,60세,상해없음,승용,남,43세,상해없음
2014042000100322,2014년 4월 20일 16시,일요일,제주특별자치도 제주시 한림읍,경상사고,0,0,3,0,차대차 - 기타,안전운전불이행,건조,맑음,단일로 - 기타,화물,남,44세,상해없음,승용,남,40세,경상
2014042100100078,2014년 4월 21일 07시,월요일,제주특별자치도 제주시 조천읍,경상사고,0,0,4,0,차대차 - 측면직각충돌,교차로운행방법위반,건조,맑음,교차로 - 교차로안,승용,남,45세,경상,승용,남,47세,경상
2014042100100079,2014년 4월 21일 07시,월요일,제주특별자치도 서귀포시 중문동,중상사고,0,1,0,0,차대차 - 기타,직진우회전진행방해,건조,맑음,교차로 - 교차로안,화물,남,53세,상해없음,원동기,남,55세,중상
2014042100100153,2014년 4월 21일 09시,월요일,제주특별자치도 서귀포시 성산읍,중상사고,0,1,0,0,차대사람 - 기타,안전운전불이행,건조,맑음,단일로 - 기타,승용,여,40세,상해없음,보행자,남,83세,중상
2014042100100293,2014년 4월 21일 14시,월요일,제주특별자치도 제주시 일도이동,경상사고,0,0,1,0,차대차 - 측면직각충돌,교차로운행방법위반,건조,맑음,교차로 - 교차로안,승용,남,62세,상해없음,승용,남,33세,경상
2014042100100294,2014년 4월 21일 14시,월요일,제주특별자치도 제주시 연동,경상사고,0,0,1,0,차대차 - 추돌 - 진행중,직진우회전진행방해,건조,맑음,교차로 - 교차로부근,승용,여,56세,상해없음,이륜,남,60세,경상
2014042100100391,2014년 4월 21일 17시,월요일,제주특별자치도 제주시 조천읍,중상사고,0,1,0,0,차대사람 - 횡단중,중앙선침범,건조,맑음,단일로 - 기타,승용,남,54세,상해없음,보행자,여,13세,중상
2014042100100392,2014년 4월 21일 17시,월요일,제주특별자치도 제주시 노형동,경상사고,0,0,3,0,차대차 - 기타,안전거리미확보,건조,맑음,교차로 - 교차로안,승용,남,37세,상해없음,승용,여,36세,경상
2014042100100446,2014년 4월 21일 19시,월요일,제주특별자치도 제주시 일도이동,경상사고,0,0,1,0,차대차 - 측면직각충돌,중앙선침범,건조,맑음,단일로 - 횡단보도부근,승용,남,44세,상해없음,이륜,남,57세,경상
2014042100100447,2014년 4월 21일 19시,월요일,제주특별자치도 제주시 연동,경상사고,0,0,1,0,차대차 - 기타,안전운전불이행,건조,맑음,단일로 - 기타,승용,남,27세,상해없음,승용,여,46세,경상
2014042200100144,2014년 4월 22일 08시,화요일,제주특별자치도 제주시 노형동,경상사고,0,0,1,0,차대차 - 추돌 - 주정차중,안전운전불이행,건조,맑음,단일로 - 기타,승용,남,33세,상해없음,승용,여,22세,경상
2014042200100234,2014년 4월 22일 11시,화요일,제주특별자치도 서귀포시 대정읍,중상사고,0,1,1,0,차대차 - 기타,신호위반,건조,맑음,교차로 - 교차로안,화물,남,62세,상해없음,화물,남,37세,상해없음
2014042200100272,2014년 4월 22일 13시,화요일,제주특별자치도 서귀포시 안덕면,경상사고,0,0,1,0,차대차 - 기타,직진우회전진행방해,건조,맑음,교차로 - 교차로안,이륜,남,85세,경상,화물,남,40세,상해없음
2014042200100296,2014년 4월 22일 14시,화요일,제주특별자치도 서귀포시 월평동,중상사고,0,2,0,0,차대차 - 기타,신호위반,건조,맑음,교차로 - 교차로안,화물,남,59세,상해없음,승용,남,26세,중상
2014042200100297,2014년 4월 22일 14시,화요일,제주특별자치도 제주시 노형동,중상사고,0,1,0,0,차대차 - 기타,중앙선침범,건조,맑음,단일로 - 기타,승용,남,44세,상해없음,승용,남,58세,중상
2014042200100338,2014년 4월 22일 15시,화요일,제주특별자치도 제주시 도남동,경상사고,0,0,1,0,차대차 - 측면직각충돌,안전운전불이행,건조,맑음,단일로 - 기타,자전거,남,11세,경상,승용,여,48세,상해없음
2014042200100359,2014년 4월 22일 16시,화요일,제주특별자치도 제주시 삼도이동,경상사고,0,0,1,0,차대차 - 측면직각충돌,신호위반,건조,맑음,교차로 - 교차로안,화물,남,28세,상해없음,승용,남,50세,경상
2014042200100444,2014년 4월 22일 18시,화요일,제주특별자치도 제주시 노형동,중상사고,0,1,3,0,차대차 - 측면직각충돌,직진우회전진행방해,건조,맑음,교차로 - 교차로안,이륜,남,16세,중상,승용,여,44세,경상
2014042200100483,2014년 4월 22일 19시,화요일,제주특별자치도 제주시 아라일동,경상사고,0,0,1,0,차대차 - 측면직각충돌,안전운전불이행,건조,맑음,단일로 - 기타,자전거,남,14세,경상,화물,남,56세,상해없음
2014042200100572,2014년 4월 22일 22시,화요일,제주특별자치도 제주시 건입동,경상사고,0,0,1,0,차대차 - 측면직각충돌,교차로운행방법위반,건조,맑음,교차로 - 교차로안,승용,남,22세,상해없음,승용,남,63세,상해없음
2014042200100573,2014년 4월 22일 22시,화요일,제주특별자치도 제주시 오라삼동,경상사고,0,0,1,0,차대차 - 추돌 - 진행중,중앙선침범,건조,흐림,단일로 - 기타,승용,남,30세,상해없음,승용,여,27세,경상
2014042200100574,2014년 4월 22일 22시,화요일,제주특별자치도 제주시 애월읍,경상사고,0,0,2,0,차대차 - 추돌 - 진행중,안전운전불이행,건조,맑음,단일로 - 횡단보도상,승용,남,42세,상해없음,승용,남,30세,경상
2014042300100074,2014년 4월 23일 05시,수요일,제주특별자치도 제주시 연동,경상사고,0,0,2,0,차대차 - 추돌 - 진행중,안전운전불이행,건조,맑음,교차로 - 교차로안,승합,남,39세,기타불명,승용,남,24세,경상
2014042300100083,2014년 4월 23일 06시,수요일,제주특별자치도 서귀포시 서귀동,중상사고,0,1,0,0,차대차 - 기타,직진우회전진행방해,건조,맑음,교차로 - 교차로안,화물,남,62세,상해없음,승용,남,69세,상해없음
2014042300100108,2014년 4월 23일 07시,수요일,제주특별자치도 제주시 이도이동,경상사고,0,0,1,1,차대차 - 측면직각충돌,직진우회전진행방해,건조,맑음,교차로 - 교차로안,승용,여,32세,부상신고,승용,여,42세,경상
2014042300100254,2014년 4월 23일 12시,수요일,제주특별자치도 서귀포시 동홍동,중상사고,0,1,0,0,차대차 - 기타,안전운전불이행,건조,맑음,단일로 - 기타,특수,남,54세,상해없음,원동기,여,61세,중상
2014042300100321,2014년 4월 23일 15시,수요일,제주특별자치도 서귀포시 안덕면,중상사고,0,1,0,0,차량단독 - 기타,안전운전불이행,건조,맑음,단일로 - 기타,승합,남,51세,상해없음,,,,
2014042300100387,2014년 4월 23일 17시,수요일,제주특별자치도 제주시 구좌읍,경상사고,0,0,1,0,차대차 - 측면직각충돌,안전운전불이행,건조,맑음,단일로 - 기타,화물,남,58세,상해없음,승합,남,59세,상해없음
2014042300100447,2014년 4월 23일 19시,수요일,제주특별자치도 제주시 조천읍,중상사고,0,2,3,0,차대차 - 정면충돌,중앙선침범,건조,맑음,단일로 - 기타,승용,여,37세,경상,승용,남,50세,경상
2014042300100479,2014년 4월 23일 20시,수요일,제주특별자치도 서귀포시 동홍동,부상신고사고,0,0,0,1,차대차 - 추돌 - 진행중,안전운전불이행,건조,맑음,단일로 - 기타,화물,여,32세,상해없음,승용,남,59세,부상신고
2014042300100540,2014년 4월 23일 22시,수요일,제주특별자치도 제주시 노형동,경상사고,0,0,1,0,차대차 - 기타,신호위반,건조,맑음,교차로 - 교차로안,승용,남,32세,상해없음,승용,여,27세,경상