사고번호,사고일시,요일,시군구,사고내용,사망자수,중상자수,경상자수,부상신고자수,사고유형,법규위반,노면상태,기상상태,도로형태,가해운전자 차종,가해운전자 성별,가해운전자 연령,가해운전자 상해정도,피해운전자 차종,피해운전자 성별,피해운전자 연령,피해운전자 상해정도
2014042300100570,2014년 4월 23일 23시,수요일,제주특별자치도 제주시 이도이동,중상사고,0,1,1,0,차대차 - 측면직각충돌,안전거리미확보,건조,맑음,단일로 - 기타,승용,여,49세,상해없음,원동기,남,18세,경상
2014042300100571,2014년 4월 23일 23시,수요일,제주특별자치도 제주시 연동,사망사고,1,0,0,0,차대사람 - 기타,안전운전불이행,건조,맑음,단일로 - 기타,승용,남,28세,상해없음,보행자,남,71세,사망
2014042400100033,2014년 4월 24일 02시,목요일,제주특별자치도 제주시 아라이동,경상사고,0,0,1,0,차량단독 - 공작물충돌,안전운전불이행,건조,맑음,단일로 - 기타,승용,여,45세,상해없음,,,,
2014042400100088,2014년 4월 24일 07시,목요일,제주특별자치도 서귀포시 동홍동,중상사고,0,1,0,0,차대차 - 기타,안전운전불이행,건조,맑음,교차로 - 교차로안,원동기,여,64세,중상,승합,남,62세,상해없음
2014042400100186,2014년 4월 24일 10시,목요일,제주특별자치도 제주시 용담이동,중상사고,0,1,0,0,차대차 - 기타,교차로운행방법위반,건조,맑음,교차로 - 교차로안,기타불명,기타불명,기타불명,기타불명,이륜,남,46세,중상
2014042400100222,2014년 4월 24일 11시,목요일,제주특별자치도 제주시 연동,경상사고,0,0,1,0,차대차 - 기타,안전운전불이행,건조,맑음,교차로 - 교차로부근,승용,여,22세,상해없음,승용,여,44세,경상
2014042400100297,2014년 4월 24일 14시,목요일,제주특별자치도 제주시 이도이동,경상사고,0,0,1,0,차대사람 - 횡단중,안전운전불이행,건조,맑음,단일로 - 기타,승용,여,60세,상해없음,보행자,남,48세,경상
2014042400100458,2014년 4월 24일 18시,목요일,제주특별자치도 제주시 이도이동,경상사고,0,0,1,0,차대차 - 측면직각충돌,신호위반,건조,맑음,교차로 - 교차로안,화물,남,39세,상해없음,승용,여,39세,경상
2014042400100459,2014년 4월 24일 18시,목요일,제주특별자치도 제주시 노형동,경상사고,0,0,1,0,차대사람 - 횡단중,안전운전불이행,건조,맑음,단일로 - 기타,승용,여,32세,상해없음,보행자,남,14세,경상
2014042400100494,2014년 4월 24일 19시,목요일,제주특별자치도 서귀포시 대정읍,사망사고,1,0,0,0,차대차 - 측면직각충돌,과속,건조,맑음,교차로 - 교차로안,화물,남,58세,상해없음,자전거,여,82세,사망
2014042400100525,2014년 4월 24일 20시,목요일,제주특별자치도 제주시 화북이동,중상사고,0,1,0,0,차대차 - 측면직각충돌,신호위반,건조,맑음,교차로 - 교차로안,승용,남,26세,상해없음,승합,남,56세,중상
2014042400100558,2014년 4월 24일 21시,목요일,제주특별자치도 제주시 한림읍,중상사고,0,2,3,1,차량단독 - 전도전복,안전운전불이행,건조,맑음,단일로 - 기타,승용,여,34세,부상신고,,,,
2014042500100068,2014년 4월 25일 05시,금요일,제주특별자치도 제주시 조천읍,부상신고사고,0,0,0,1,차량단독 - 공작물충돌,안전운전불이행,건조,맑음,단일로 - 기타,승용,남,22세,부상신고,,,,
2014042500100171,2014년 4월 25일 09시,금요일,제주특별자치도 제주시 이도이동,경상사고,0,0,1,0,차대차 - 측면직각충돌,직진우회전진행방해,건조,맑음,교차로 - 교차로안,승용,남,48세,상해없음,기타불명,기타불명,기타불명,기타불명
2014042500100172,2014년 4월 25일 09시,금요일,제주특별자치도 제주시 노형동,경상사고,0,0,3,0,차대차 - 추돌 - 진행중,안전거리미확보,건조,맑음,교차로 - 교차로안,승용,남,40세,상해없음,승용,남,57세,경상
2014042500100224,2014년 4월 25일 11시,금요일,제주특별자치도 제주시 노형동,경상사고,0,0,1,0,차대차 - 추돌 - 주정차중,안전운전불이행,건조,맑음,교차로 - 교차로부근,건설기계,남,58세,상해없음,승용,남,29세,경상
2014042500100247,2014년 4월 25일 12시,금요일,제주특별자치도 제주시 조천읍,경상사고,0,0,1,0,차량단독 - 공작물충돌,안전운전불이행,건조,맑음,단일로 - 기타,승용,남,25세,경상,,,,
2014042500100248,2014년 4월 25일 12시,금요일,제주특별자치도 제주시 애월읍,중상사고,0,1,0,0,차대사람 - 횡단중,보행자보호의무위반,건조,맑음,교차로 - 교차로안,화물,남,65세,상해없음,보행자,여,72세,중상
2014042500100266,2014년 4월 25일 13시,금요일,제주특별자치도 제주시 오라이동,경상사고,0,0,1,0,차대차 - 추돌 - 진행중,안전운전불이행,건조,맑음,기타 - 기타,승용,남,31세,상해없음,원동기,남,25세,경상
2014042500100267,2014년 4월 25일 13시,금요일,제주특별자치도 서귀포시 서귀동,경상사고,0,0,1,0,차대차 - 측면직각충돌,안전운전불이행,건조,맑음,단일로 - 기타,화물,남,48세,상해없음,화물,남,33세,경상
2014042500100341,2014년 4월 25일 15시,금요일,제주특별자치도 서귀포시 동홍동,부상신고사고,0,0,0,1,차대차 - 추돌 - 진행중,직진우회전진행방해,건조,맑음,교차로 - 교차로안,승용,여,58세,부상신고,승용,남,43세,상해없음
2014042500100342,2014년 4월 25일 15시,금요일,제주특별자치도 제주시 연동,경상사고,0,0,2,0,차대차 - 기타,안전운전불이행,건조,맑음,단일로 - 기타,승용,남,26세,상해없음,자전거,남,14세,경상
2014042500100387,2014년 4월 25일 16시,금요일,제주특별자치도 서귀포시 표선면,경상사고,0,0,2,0,차대차 - 추돌 - 진행중,직진우회전진행방해,건조,맑음,교차로 - 교차로안,승용,여,32세,상해없음,화물,남,51세,상해없음
2014042500100388,2014년 4월 25일 16시,금요일,제주특별자치도 제주시 노형동,부상신고사고,0,0,0,1,차대차 - 기타,안전운전불이행,건조,맑음,단일로 - 횡단보도상,승용,남,79세,상해없음,자전거,남,12세,부상신고
2014042500100434,2014년 4월 25일 17시,금요일,제주특별자치도 제주시 도남동,경상사고,0,0,1,0,차대차 - 추돌 - 진행중,안전거리미확보,건조,맑음,단일로 - 기타,승용,여,49세,상해없음,승용,여,52세,경상
2014042500100629,2014년 4월 25일 22시,금요일,제주특별자치도 제주시 노형동,경상사고,0,0,1,0,차대차 - 기타,안전운전불이행,건조,맑음,교차로 - 교차로부근,승용,남,29세,상해없음,승용,남,48세,경상
2014042600100023,2014년 4월 26일 00시,토요일,제주특별자치도 제주시 삼도일동,경상사고,0,0,2,0,차대차 - 측면직각충돌,안전운전불이행,건조,맑음,교차로 - 교차로부근,승용,남,42세,경상,승용,남,49세,경상
2014042600100058,2014년 4월 26일 02시,토요일,제주특별자치도 제주시 연동,경상사고,0,0,1,0,차대사람 - 차도통행중,안전운전불이행,건조,맑음,단일로 - 기타,승용,남,63세,상해없음,보행자,여,23세,경상
2014042600100099,2014년 4월 26일 05시,토요일,제주특별자치도 서귀포시 성산읍,부상신고사고,0,0,0,1,차대차 - 추돌 - 주정차중,안전운전불이행,건조,맑음,단일로 - 기타,화물,남,58세,부상신고,화물,남,57세,기타불명
2014042600100100,2014년 4월 26일 05시,토요일,제주특별자치도 서귀포시 표선면,사망사고,1,0,0,0,차대차 - 추돌 - 주정차중,안전운전불이행,건조,맑음,단일로 - 기타,승용,남,56세,상해없음,농기계,남,63세,사망
2014042600100121,2014년 4월 26일 07시,토요일,제주특별자치도 서귀포시 보목동,중상사고,0,1,0,1,차대차 - 추돌 - 진행중,안전운전불이행,건조,맑음,단일로 - 기타,화물,여,58세,부상신고,화물,남,60세,상해없음
2014042600100161,2014년 4월 26일 09시,토요일,제주특별자치도 서귀포시 대정읍,중상사고,0,1,0,0,차대차 - 측면직각충돌,중앙선침범,건조,맑음,단일로 - 기타,원동기,여,69세,중상,화물,남,30세,상해없음
2014042600100288,2014년 4월 26일 13시,토요일,제주특별자치도 서귀포시 성산읍,중상사고,0,1,0,0,차대사람 - 기타,안전운전불이행,건조,맑음,교차로 - 교차로안,승용,여,54세,상해없음,보행자,여,83세,중상
2014042600100395,2014년 4월 26일 16시,토요일,제주특별자치도 제주시 화북일동,중상사고,0,1,0,0,차대사람 - 횡단중,안전운전불이행,건조,맑음,단일로 - 기타,승용,남,39세,상해없음,보행자,여,7세,중상
2014042600100441,2014년 4월 26일 17시,토요일,제주특별자치도 제주시 화북일동,경상사고,0,0,1,0,차대차 - 측면직각충돌,안전운전불이행,기타,맑음,단일로 - 기타,승용,남,18세,상해없음,승용,남,42세,경상
2014042600100442,2014년 4월 26일 17시,토요일,제주특별자치도 제주시 용담이동,경상사고,0,0,1,0,차대차 - 기타,안전운전불이행,건조,맑음,교차로 - 교차로안,원동기,남,57세,경상,승용,남,30세,상해없음
2014042600100476,2014년 4월 26일 18시,토요일,제주특별자치도 제주시 아라일동,경상사고,0,0,1,0,차대차 - 측면직각충돌,안전거리미확보,건조,맑음,교차로 - 교차로부근,승용,남,30세,상해없음,승합,남,55세,상해없음
2014042600100477,2014년 4월 26일 18시,토요일,제주특별자치도 서귀포시 성산읍,경상사고,0,0,2,0,차대차 - 추돌 - 주정차중,안전운전불이행,기타,흐림,교차로 - 교차로부근,승용,남,30세,기타불명,승용,여,45세,경상
2014042600100519,2014년 4월 26일 19시,토요일,제주특별자치도 제주시 조천읍,중상사고,0,1,1,0,차대차 - 측면직각충돌,중앙선침범,기타,맑음,단일로 - 기타,승용,여,36세,상해없음,승용,남,65세,경상
2014042600100551,2014년 4월 26일 20시,토요일,제주특별자치도 제주시 연동,경상사고,0,0,1,0,차대사람 - 기타,안전운전불이행,건조,맑음,단일로 - 기타,기타불명,기타불명,기타불명,기타불명,보행자,남,20세,경상
2014042600100579,2014년 4월 26일 21시,토요일,제주특별자치도 제주시 노형동,경상사고,0,0,1,0,차대사람 - 기타,안전운전불이행,건조,맑음,단일로 - 기타,원동기,남,20세,상해없음,보행자,남,46세,경상
2014042600100608,2014년 4월 26일 22시,토요일,제주특별자치도 제주시 조천읍,경상사고,0,0,1,0,차대차 - 측면직각충돌,신호위반,건조,맑음,교차로 - 교차로안,승용,남,43세,기타불명,승합,남,51세,경상
2014042700100019,2014년 4월 27일 00시,일요일,제주특별자치도 서귀포시 안덕면,중상사고,0,3,0,0,차량단독 - 기타,기타,건조,맑음,단일로 - 기타,승용,남,45세,중상,,,,
2014042700100020,2014년 4월 27일 00시,일요일,제주특별자치도 제주시 한림읍,중상사고,0,1,0,0,차대사람 - 기타,안전운전불이행,건조,맑음,교차로 - 교차로안,승용,남,49세,상해없음,보행자,남,49세,중상
2014042700100143,2014년 4월 27일 08시,일요일,제주특별자치도 제주시 노형동,경상사고,0,0,1,0,차대차 - 추돌 - 진행중,안전운전불이행,습기,비,단일로 - 기타,승용,남,24세,상해없음,이륜,남,52세,경상
2014042700100187,2014년 4월 27일 10시,일요일,제주특별자치도 서귀포시 하효동,경상사고,0,0,1,0,차대차 - 측면직각충돌,직진우회전진행방해,건조,맑음,교차로 - 교차로안,승용,여,48세,상해없음,승용,남,45세,경상
2014042700100188,2014년 4월 27일 10시,일요일,제주특별자치도 제주시 애월읍,중상사고,0,1,1,0,차대차 - 추돌 - 진행중,직진우회전진행방해,건조,맑음,교차로 - 교차로안,승용,남,55세,경상,승용,남,52세,중상
2014042700100257,2014년 4월 27일 13시,일요일,제주특별자치도 제주시 연동,부상신고사고,0,0,0,3,차대차 - 기타,안전거리미확보,습기,비,교차로 - 교차로부근,승용,남,36세,상해없음,승용,남,35세,상해없음
2014042700100354,2014년 4월 27일 16시,일요일,제주특별자치도 서귀포시 남원읍,중상사고,0,1,1,0,차대차 - 정면충돌,중앙선침범,습기,비,단일로 - 기타,승용,남,45세,상해없음,승용,남,50세,경상
2014042700100355,2014년 4월 27일 16시,일요일,제주특별자치도 제주시 노형동,중상사고,0,1,0,0,차대차 - 추돌 - 진행중,안전운전불이행,습기,비,교차로 - 교차로안,이륜,남,19세,중상,승용,남,42세,상해없음
2014042700100542,2014년 4월 27일 21시,일요일,제주특별자치도 서귀포시 대정읍,경상사고,0,0,1,0,차대차 - 정면충돌,중앙선침범,습기,비,단일로 - 기타,승용,남,48세,상해없음,승용,남,72세,경상
2014042800100055,2014년 4월 28일 03시,월요일,제주특별자치도 제주시 이호일동,중상사고,0,1,0,0,차대차 - 추돌 - 주정차중,안전거리미확보,습기,흐림,단일로 - 기타,승용,남,19세,중상,건설기계,남,45세,상해없음
2014042800100188,2014년 4월 28일 09시,월요일,제주특별자치도 제주시 도남동,경상사고,0,0,1,0,차대차 - 측면직각충돌,안전운전불이행,건조,맑음,단일로 - 기타,이륜,여,45세,경상,승용,남,41세,상해없음
2014042800100222,2014년 4월 28일 10시,월요일,제주특별자치도 제주시 아라일동,중상사고,0,1,0,0,차대차 - 측면직각충돌,안전운전불이행,건조,맑음,단일로 - 기타,승용,남,22세,상해없음,원동기,남,23세,중상
2014042800100223,2014년 4월 28일 10시,월요일,제주특별자치도 제주시 노형동,경상사고,0,0,1,0,차대차 - 추돌 - 진행중,안전운전불이행,건조,맑음,단일로 - 기타,승용,남,52세,상해없음,승합,남,50세,경상
2014042800100391,2014년 4월 28일 15시,월요일,제주특별자치도 제주시 이도일동,경상사고,0,0,1,0,차대차 - 측면직각충돌,안전거리미확보,건조,맑음,단일로 - 기타,승용,남,55세,상해없음,승용,남,35세,경상
2014042800100392,2014년 4월 28일 15시,월요일,제주특별자치도 서귀포시 성산읍,중상사고,0,1,0,0,차대차 - 기타,안전운전불이행,건조,맑음,교차로 - 교차로안,이륜,남,71세,중상,화물,남,58세,상해없음
2014042800100431,2014년 4월 28일 16시,월요일,제주특별자치도 제주시 건입동,경상사고,0,0,1,0,차대사람 - 횡단중,안전운전불이행,기타,맑음,단일로 - 기타,화물,남,46세,상해없음,보행자,남,70세,경상
2014042800100432,2014년 4월 28일 16시,월요일,제주특별자치도 서귀포시 월평동,경상사고,0,0,1,0,차대차 - 측면직각충돌,직진우회전진행방해,습기,비,교차로 - 교차로안,승용,여,72세,경상,승합,여,51세,상해없음
2014042800100465,2014년 4월 28일 17시,월요일,제주특별자치도 제주시 한림읍,부상신고사고,0,0,0,4,차대차 - 기타,신호위반,습기,비,교차로 - 교차로안,승용,남,39세,상해없음,승용,남,35세,부상신고
2014042800100527,2014년 4월 28일 19시,월요일,제주특별자치도 제주시 한림읍,중상사고,0,2,0,0,차대차 - 기타,안전운전불이행,습기,비,단일로 - 기타,승용,남,44세,상해없음,승용,남,39세,중상
2014042800100569,2014년 4월 28일 20시,월요일,제주특별자치도 제주시 연동,경상사고,0,0,1,0,차대사람 - 횡단중,중앙선침범,습기,흐림,단일로 - 기타,승용,여,43세,상해없음,보행자,여,33세,경상
2014042800100657,2014년 4월 28일 22시,월요일,제주특별자치도 제주시 노형동,경상사고,0,0,2,0,차대차 - 기타,안전운전불이행,습기,비,교차로 - 교차로부근,승합,남,42세,상해없음,승용,여,45세,경상
2014042900100381,2014년 4월 29일 15시,화요일,제주특별자치도 제주시 한림읍,경상사고,0,0,1,0,차대차 - 기타,직진우회전진행방해,건조,맑음,교차로 - 교차로안,승용,남,63세,상해없음,승용,남,74세,경상
2014042900100419,2014년 4월 29일 16시,화요일,제주특별자치도 서귀포시 서귀동,경상사고,0,0,1,0,차대차 - 기타,직진우회전진행방해,건조,맑음,교차로 - 교차로안,승용,남,68세,상해없음,이륜,남,68세,경상
2014042900100485,2014년 4월 29일 18시,화요일,제주특별자치도 제주시 한림읍,중상사고,0,2,0,0,차대차 - 측면직각충돌,안전운전불이행,건조,맑음,교차로 - 교차로안,화물,여,46세,상해없음,원동기,남,75세,중상
2014042900100618,2014년 4월 29일 22시,화요일,제주특별자치도 서귀포시 대정읍,중상사고,0,1,0,0,차대차 - 기타,신호위반,건조,맑음,교차로 - 교차로안,원동기,남,52세,중상,승용,여,58세,상해없음
2014043000100017,2014년 4월 30일 00시,수요일,제주특별자치도 제주시 이도이동,경상사고,0,0,3,0,차대차 - 정면충돌,중앙선침범,건조,흐림,단일로 - 기타,승용,남,26세,경상,승용,여,33세,경상
2014043000100034,2014년 4월 30일 01시,수요일,제주특별자치도 제주시 아라일동,중상사고,0,2,1,0,차대차 - 측면직각충돌,교차로운행방법위반,기타,맑음,교차로 - 교차로안,승용,남,39세,중상,승용,여,47세,중상
2014043000100160,2014년 4월 30일 08시,수요일,제주특별자치도 제주시 아라일동,경상사고,0,0,1,0,차량단독 - 공작물충돌,안전운전불이행,건조,맑음,단일로 - 기타,승용,여,37세,경상,,,,
2014043000100216,2014년 4월 30일 10시,수요일,제주특별자치도 서귀포시 강정동,경상사고,0,0,1,0,차대차 - 추돌 - 주정차중,안전운전불이행,건조,맑음,단일로 - 기타,승용,여,37세,상해없음,승용,남,46세,경상
2014043000100269,2014년 4월 30일 12시,수요일,제주특별자치도 서귀포시 상예동,중상사고,0,1,0,0,차대사람 - 기타,안전운전불이행,건조,맑음,기타 - 기타,건설기계,남,60세,상해없음,보행자,남,32세,중상
2014043000100302,2014년 4월 30일 13시,수요일,제주특별자치도 서귀포시 안덕면,경상사고,0,0,2,0,차대차 - 측면직각충돌,안전거리미확보,건조,맑음,단일로 - 기타,승용,남,26세,상해없음,승용,남,32세,경상
2014043000100342,2014년 4월 30일 14시,수요일,제주특별자치도 제주시 이도일동,중상사고,0,1,0,0,차대사람 - 횡단중,안전운전불이행,건조,맑음,교차로 - 교차로안,승용,여,24세,상해없음,보행자,남,10세,중상
2014043000100376,2014년 4월 30일 15시,수요일,제주특별자치도 제주시 봉개동,경상사고,0,0,2,0,차대차 - 측면직각충돌,안전운전불이행,건조,맑음,교차로 - 교차로부근,승용,남,52세,상해없음,승용,여,39세,경상
2014043000100403,2014년 4월 30일 16시,수요일,제주특별자치도 서귀포시 신효동,경상사고,0,0,1,0,차대사람 - 기타,신호위반,건조,맑음,단일로 - 기타,승용,여,46세,상해없음,보행자,여,10세,경상
2014043000100541,2014년 4월 30일 20시,수요일,제주특별자치도 제주시 삼양이동,경상사고,0,0,1,0,차대사람 - 횡단중,기타,건조,맑음,기타 - 기타,이륜,남,65세,기타불명,보행자,남,25세,경상
2014043000100587,2014년 4월 30일 21시,수요일,제주특별자치도 제주시 이도일동,경상사고,0,0,1,0,차대사람 - 횡단중,안전운전불이행,건조,맑음,단일로 - 횡단보도부근,승용,남,28세,상해없음,보행자,여,19세,경상
2014043000100588,2014년 4월 30일 21시,수요일,제주특별자치도 제주시 화북이동,경상사고,0,0,2,0,차대차 - 측면직각충돌,안전거리미확보,건조,맑음,교차로 - 교차로안,승용,남,55세,기타불명,승용,남,24세,경상
2014043000100589,2014년 4월 30일 21시,수요일,제주특별자치도 서귀포시 남원읍,중상사고,0,1,0,0,차대사람 - 기타,안전운전불이행,건조,맑음,단일로 - 기타,승용,여,48세,상해없음,보행자,남,77세,중상
2014043000100629,2014년 4월 30일 22시,수요일,제주특별자치도 제주시 용담일동,경상사고,0,0,1,0,차대차 - 측면직각충돌,신호위반,건조,맑음,교차로 - 교차로안,승용,남,49세,상해없음,승용,남,29세,상해없음
2014050100100017,2014년 5월 1일 00시,목요일,제주특별자치도 제주시 용담이동,경상사고,0,0,3,0,차대차 - 기타,안전운전불이행,건조,맑음,단일로 - 기타,승용,남,22세,상해없음,승용,남,62세,경상
2014050100100046,2014년 5월 1일 02시,목요일,제주특별자치도 제주시 외도일동,중상사고,0,1,0,0,차대사람 - 횡단중,보행자보호의무위반,건조,맑음,교차로 - 교차로부근,승용,여,58세,상해없음,보행자,남,34세,중상
2014050100100063,2014년 5월 1일 03시,목요일,제주특별자치도 서귀포시 대정읍,부상신고사고,0,0,0,1,차량단독 - 공작물충돌,안전운전불이행,건조,맑음,단일로 - 기타,승용,남,31세,부상신고,,,,
2014050100100085,2014년 5월 1일 05시,목요일,제주특별자치도 서귀포시 표선면,부상신고사고,0,0,0,1,차대차 - 기타,직진우회전진행방해,건조,맑음,교차로 - 교차로안,승용,여,56세,상해없음,원동기,남,44세,부상신고
2014050100100149,2014년 5월 1일 08시,목요일,제주특별자치도 제주시 용담삼동,경상사고,0,0,1,0,차대차 - 기타,안전거리미확보,건조,맑음,단일로 - 기타,이륜,남,43세,경상,승용,남,55세,상해없음
2014050100100273,2014년 5월 1일 13시,목요일,제주특별자치도 제주시 한림읍,부상신고사고,0,0,0,1,차대차 - 기타,안전거리미확보,건조,맑음,교차로 - 교차로부근,이륜,여,28세,부상신고,승용,여,55세,상해없음
2014050100100310,2014년 5월 1일 14시,목요일,제주특별자치도 서귀포시 표선면,경상사고,0,0,2,0,차량단독 - 전도전복,안전운전불이행,건조,맑음,단일로 - 기타,승용,남,23세,상해없음,,,,
2014050100100387,2014년 5월 1일 16시,목요일,제주특별자치도 제주시 이도이동,경상사고,0,0,1,0,차대사람 - 기타,안전운전불이행,건조,맑음,단일로 - 기타,원동기,남,23세,상해없음,보행자,남,23세,경상
2014050100100431,2014년 5월 1일 17시,목요일,제주특별자치도 제주시 구좌읍,경상사고,0,0,1,0,차대차 - 측면직각충돌,교차로운행방법위반,건조,맑음,교차로 - 교차로안,원동기,남,84세,경상,승용,남,53세,상해없음
2014050100100432,2014년 5월 1일 17시,목요일,제주특별자치도 제주시 애월읍,경상사고,0,0,3,5,차대차 - 기타,교차로운행방법위반,건조,맑음,교차로 - 교차로안,승합,남,57세,상해없음,승합,남,34세,상해없음
2014050100100466,2014년 5월 1일 18시,목요일,제주특별자치도 제주시 연동,중상사고,0,1,0,0,차대사람 - 기타,안전운전불이행,건조,맑음,교차로 - 교차로부근,승용,남,41세,상해없음,보행자,여,54세,중상
2014050100100632,2014년 5월 1일 23시,목요일,제주특별자치도 제주시 조천읍,중상사고,0,1,0,0,차대사람 - 횡단중,안전운전불이행,건조,맑음,단일로 - 기타,승용,남,32세,상해없음,보행자,남,52세,중상
2014050200100020,2014년 5월 2일 00시,금요일,제주특별자치도 제주시 연동,경상사고,0,0,3,0,차대차 - 기타,안전거리미확보,건조,맑음,교차로 - 교차로부근,승용,남,47세,상해없음,승합,남,37세,경상
2014050200100085,2014년 5월 2일 06시,금요일,제주특별자치도 제주시 노형동,경상사고,0,0,2,0,차대차 - 추돌 - 진행중,안전운전불이행,건조,맑음,단일로 - 기타,건설기계,남,45세,상해없음,승용,남,39세,경상
2014050200100142,2014년 5월 2일 08시,금요일,제주특별자치도 제주시 연동,중상사고,0,1,0,0,차대차 - 추돌 - 진행중,안전운전불이행,건조,맑음,단일로 - 기타,승용,여,36세,상해없음,이륜,남,31세,중상
2014050200100176,2014년 5월 2일 09시,금요일,제주특별자치도 제주시 화북일동,중상사고,0,1,0,0,차대차 - 측면직각충돌,안전운전불이행,건조,맑음,단일로 - 기타,승합,남,47세,상해없음,이륜,남,53세,중상
2014050200100208,2014년 5월 2일 10시,금요일,제주특별자치도 서귀포시 남원읍,중상사고,0,1,0,0,차대차 - 측면직각충돌,신호위반,건조,맑음,교차로 - 교차로안,화물,남,65세,상해없음,화물,남,62세,중상
2014050200100209,2014년 5월 2일 10시,금요일,제주특별자치도 서귀포시 안덕면,경상사고,0,0,1,0,차대차 - 측면직각충돌,안전운전불이행,건조,맑음,교차로 - 교차로안,화물,남,63세,상해없음,농기계,여,68세,경상
2014050200100244,2014년 5월 2일 11시,금요일,제주특별자치도 제주시 애월읍,경상사고,0,0,3,0,차대차 - 측면직각충돌,안전거리미확보,건조,맑음,단일로 - 기타,화물,남,44세,상해없음,승용,남,31세,경상
2014050200100272,2014년 5월 2일 12시,금요일,제주특별자치도 제주시 오라삼동,경상사고,0,0,1,0,차대차 - 측면직각충돌,중앙선침범,건조,맑음,단일로 - 기타,승용,남,47세,상해없음,승합,남,25세,경상
2014050200100306,2014년 5월 2일 13시,금요일,제주특별자치도 제주시 이도일동,경상사고,0,0,1,0,차대사람 - 횡단중,안전운전불이행,건조,맑음,단일로 - 기타,승용,남,50세,상해없음,보행자,남,66세,경상
2014050200100307,2014년 5월 2일 13시,금요일,제주특별자치도 제주시 연동,경상사고,0,0,1,0,차대차 - 측면직각충돌,안전거리미확보,건조,맑음,단일로 - 기타,승용,여,48세,상해없음,이륜,남,24세,경상
2014050200100442,2014년 5월 2일 16시,금요일,제주특별자치도 제주시 조천읍,경상사고,0,0,1,0,차대차 - 측면직각충돌,안전거리미확보,건조,맑음,단일로 - 기타,승용,여,55세,상해없음,승용,여,40세,경상
2014050200100443,2014년 5월 2일 16시,금요일,제주특별자치도 제주시 연동,부상신고사고,0,0,0,2,차대차 - 측면직각충돌,안전운전불이행,건조,맑음,단일로 - 기타,승용,남,75세,상해없음,자전거,남,13세,부상신고
2014050200100496,2014년 5월 2일 17시,금요일,제주특별자치도 제주시 일도일동,경상사고,0,0,1,0,차대차 - 측면직각충돌,안전운전불이행,건조,맑음,단일로 - 기타,승용,남,62세,상해없음,이륜,남,36세,경상
2014050200100612,2014년 5월 2일 20시,금요일,제주특별자치도 제주시 노형동,경상사고,0,0,1,0,차대차 - 측면직각충돌,직진우회전진행방해,건조,맑음,교차로 - 교차로안,승용,남,43세,기타불명,이륜,남,19세,경상
2014050200100640,2014년 5월 2일 21시,금요일,제주특별자치도 서귀포시 표선면,경상사고,0,0,2,0,차대차 - 측면직각충돌,안전운전불이행,건조,맑음,교차로 - 교차로안,승용,남,33세,상해없음,승용,여,34세,경상
2014050200100641,2014년 5월 2일 21시,금요일,제주특별자치도 제주시 이호이동,중상사고,0,1,0,0,차대차 - 추돌 - 주정차중,안전운전불이행,건조,맑음,기타 - 기타,승합,남,50세,상해없음,승용,남,32세,중상
2014050200100666,2014년 5월 2일 22시,금요일,제주특별자치도 제주시 우도면,중상사고,0,1,0,0,차량단독 - 전도전복,안전운전불이행,건조,맑음,단일로 - 기타,원동기,여,23세,중상,,,,
2014050200100699,2014년 5월 2일 23시,금요일,제주특별자치도 제주시 도남동,경상사고,0,0,3,0,차대차 - 추돌 - 주정차중,중앙선침범,건조,맑음,교차로 - 교차로안,승용,남,27세,상해없음,승용,남,30세,경상
2014050300100117,2014년 5월 3일 06시,토요일,제주특별자치도 서귀포시 회수동,중상사고,0,1,0,0,차대차 - 측면직각충돌,교차로운행방법위반,건조,맑음,교차로 - 교차로안,이륜,여,71세,중상,승합,남,33세,상해없음
2014050300100137,2014년 5월 3일 07시,토요일,제주특별자치도 제주시 이도이동,경상사고,0,0,1,0,차량단독 - 공작물충돌,안전운전불이행,건조,맑음,단일로 - 기타,승용,남,21세,경상,,,,
2014050300100179,2014년 5월 3일 09시,토요일,제주특별자치도 제주시 일도이동,경상사고,0,0,1,0,차대차 - 측면직각충돌,안전운전불이행,건조,맑음,단일로 - 기타,승용,남,63세,상해없음,특수,남,31세,경상
2014050300100217,2014년 5월 3일 10시,토요일,제주특별자치도 서귀포시 대정읍,경상사고,0,0,1,0,차대차 - 기타,안전운전불이행,건조,맑음,단일로 - 기타,승용,여,36세,상해없음,농기계,남,74세,경상
2014050300100346,2014년 5월 3일 13시,토요일,제주특별자치도 제주시 봉개동,중상사고,0,1,2,0,차대차 - 측면직각충돌,교차로운행방법위반,건조,맑음,교차로 - 교차로안,승용,여,55세,경상,승용,남,40세,상해없음
2014050300100347,2014년 5월 3일 13시,토요일,제주특별자치도 서귀포시 서홍동,경상사고,0,0,1,0,차대차 - 기타,안전운전불이행,건조,맑음,단일로 - 기타,승용,남,32세,상해없음,자전거,여,76세,경상
2014050300100388,2014년 5월 3일 14시,토요일,제주특별자치도 제주시 도평동,중상사고,0,1,0,0,차대차 - 기타,안전운전불이행,건조,맑음,단일로 - 기타,승용,여,52세,중상,승용,남,71세,기타불명
2014050300100431,2014년 5월 3일 15시,토요일,제주특별자치도 제주시 오라일동,중상사고,0,1,0,0,차대차 - 측면직각충돌,교차로운행방법위반,기타,맑음,교차로 - 교차로안,승용,여,35세,상해없음,승용,여,49세,중상