사고번호,사고일시,요일,시군구,사고내용,사망자수,중상자수,경상자수,부상신고자수,사고유형,법규위반,노면상태,기상상태,도로형태,가해운전자 차종,가해운전자 성별,가해운전자 연령,가해운전자 상해정도,피해운전자 차종,피해운전자 성별,피해운전자 연령,피해운전자 상해정도
2014051300100436,2014년 5월 13일 17시,화요일,제주특별자치도 서귀포시 대정읍,부상신고사고,0,0,0,1,차대차 - 기타,직진우회전진행방해,건조,맑음,교차로 - 교차로안,농기계,남,40세,부상신고,승용,남,64세,상해없음
2014051300100547,2014년 5월 13일 20시,화요일,제주특별자치도 서귀포시 동홍동,경상사고,0,0,1,0,차대차 - 기타,직진우회전진행방해,건조,맑음,교차로 - 교차로안,이륜,남,68세,경상,승용,남,40세,상해없음
2014051300100576,2014년 5월 13일 21시,화요일,제주특별자치도 서귀포시 서귀동,경상사고,0,0,1,0,차대사람 - 기타,보행자보호의무위반,건조,맑음,교차로 - 교차로안,승용,남,19세,상해없음,보행자,남,54세,경상
2014051300100605,2014년 5월 13일 22시,화요일,제주특별자치도 제주시 노형동,경상사고,0,0,1,0,차대차 - 기타,신호위반,건조,맑음,교차로 - 교차로안,승용,여,40세,상해없음,승용,남,46세,경상
2014051300100606,2014년 5월 13일 22시,화요일,제주특별자치도 제주시 연동,경상사고,0,0,1,0,차대사람 - 기타,보행자보호의무위반,건조,맑음,단일로 - 기타,원동기,남,42세,상해없음,보행자,여,17세,경상
2014051300100632,2014년 5월 13일 23시,화요일,제주특별자치도 제주시 연동,중상사고,0,1,0,0,차대차 - 기타,중앙선침범,건조,맑음,단일로 - 기타,기타불명,기타불명,기타불명,기타불명,승용,남,37세,중상
2014051400100051,2014년 5월 14일 03시,수요일,제주특별자치도 제주시 도남동,사망사고,1,0,1,0,차량단독 - 공작물충돌,안전운전불이행,건조,맑음,단일로 - 기타,이륜,남,26세,사망,,,,
2014051400100074,2014년 5월 14일 05시,수요일,제주특별자치도 서귀포시 동홍동,중상사고,0,2,0,0,차량단독 - 도로외이탈 - 추락,안전운전불이행,습기,비,단일로 - 기타,승용,남,22세,상해없음,,,,
2014051400100387,2014년 5월 14일 15시,수요일,제주특별자치도 제주시 도남동,경상사고,0,0,1,0,차대차 - 측면직각충돌,안전운전불이행,건조,맑음,단일로 - 기타,승용,남,64세,상해없음,이륜,남,32세,경상
2014051400100388,2014년 5월 14일 15시,수요일,제주특별자치도 제주시 이도이동,경상사고,0,0,1,0,차대차 - 측면직각충돌,교차로운행방법위반,기타,맑음,단일로 - 기타,승용,여,44세,상해없음,자전거,남,58세,경상
2014051400100464,2014년 5월 14일 17시,수요일,제주특별자치도 서귀포시 토평동,경상사고,0,0,2,0,차대차 - 추돌 - 주정차중,안전운전불이행,건조,맑음,교차로 - 교차로부근,화물,남,58세,상해없음,승용,남,56세,경상
2014051400100506,2014년 5월 14일 18시,수요일,제주특별자치도 제주시 일도이동,경상사고,0,0,3,0,차대차 - 측면직각충돌,안전운전불이행,건조,맑음,기타 - 기타,승용,남,27세,상해없음,승합,남,40세,상해없음
2014051400100581,2014년 5월 14일 20시,수요일,제주특별자치도 서귀포시 성산읍,중상사고,0,1,0,0,차대사람 - 횡단중,안전운전불이행,습기,비,단일로 - 기타,승용,남,63세,상해없음,보행자,남,62세,중상
2014051400100629,2014년 5월 14일 21시,수요일,제주특별자치도 제주시 화북일동,중상사고,0,1,0,0,차대사람 - 횡단중,안전운전불이행,건조,맑음,단일로 - 기타,승용,남,40세,상해없음,보행자,여,55세,중상
2014051500100328,2014년 5월 15일 13시,목요일,제주특별자치도 서귀포시 서귀동,경상사고,0,0,1,0,차대차 - 기타,안전운전불이행,건조,맑음,교차로 - 교차로안,승용,남,43세,상해없음,원동기,남,68세,경상
2014051500100457,2014년 5월 15일 16시,목요일,제주특별자치도 제주시 용담일동,경상사고,0,0,1,0,차대차 - 측면직각충돌,신호위반,건조,맑음,교차로 - 교차로안,자전거,남,16세,경상,승용,남,64세,상해없음
2014051500100458,2014년 5월 15일 16시,목요일,제주특별자치도 서귀포시 안덕면,경상사고,0,0,1,0,차대사람 - 횡단중,안전운전불이행,건조,맑음,단일로 - 횡단보도상,승용,남,56세,상해없음,보행자,남,8세,경상
2014051500100459,2014년 5월 15일 16시,목요일,제주특별자치도 서귀포시 대정읍,경상사고,0,0,1,0,차량단독 - 공작물충돌,안전운전불이행,건조,맑음,단일로 - 기타,승용,남,54세,경상,,,,
2014051500100523,2014년 5월 15일 17시,목요일,제주특별자치도 제주시 도두일동,중상사고,0,1,2,0,차대차 - 기타,안전운전불이행,건조,맑음,교차로 - 교차로안,승용,여,23세,상해없음,승용,여,47세,중상
2014051500100615,2014년 5월 15일 19시,목요일,제주특별자치도 제주시 노형동,부상신고사고,0,0,0,1,차대사람 - 기타,안전운전불이행,건조,맑음,단일로 - 기타,화물,남,48세,상해없음,보행자,여,37세,부상신고
2014051600100017,2014년 5월 16일 00시,금요일,제주특별자치도 제주시 건입동,경상사고,0,0,2,0,차대차 - 측면직각충돌,안전거리미확보,건조,맑음,교차로 - 교차로부근,화물,남,47세,상해없음,승용,여,31세,경상
2014051600100018,2014년 5월 16일 00시,금요일,제주특별자치도 제주시 이도이동,경상사고,0,0,1,0,차대차 - 측면직각충돌,교차로운행방법위반,건조,맑음,교차로 - 교차로안,승용,여,23세,상해없음,승용,남,43세,상해없음
2014051600100037,2014년 5월 16일 01시,금요일,제주특별자치도 제주시 삼도일동,경상사고,0,0,3,0,차대차 - 추돌 - 주정차중,안전운전불이행,건조,맑음,교차로 - 교차로부근,승용,여,35세,상해없음,승용,남,53세,경상
2014051600100107,2014년 5월 16일 07시,금요일,제주특별자치도 제주시 도남동,경상사고,0,0,1,0,차대사람 - 횡단중,안전운전불이행,건조,맑음,기타 - 기타,승용,남,42세,상해없음,보행자,남,15세,경상
2014051600100302,2014년 5월 16일 13시,금요일,제주특별자치도 제주시 한림읍,부상신고사고,0,0,0,1,차대사람 - 기타,안전운전불이행,건조,맑음,단일로 - 기타,기타불명,기타불명,기타불명,기타불명,보행자,여,27세,부상신고
2014051600100336,2014년 5월 16일 14시,금요일,제주특별자치도 서귀포시 대정읍,중상사고,0,1,0,0,차량단독 - 전도전복,안전운전불이행,건조,맑음,단일로 - 기타,농기계,남,73세,중상,,,,
2014051600100371,2014년 5월 16일 15시,금요일,제주특별자치도 제주시 이도이동,경상사고,0,0,1,0,차대차 - 측면직각충돌,안전운전불이행,건조,맑음,기타 - 기타,승용,남,65세,상해없음,승용,남,61세,경상
2014051600100413,2014년 5월 16일 16시,금요일,제주특별자치도 서귀포시 대정읍,경상사고,0,0,1,0,차대차 - 기타,직진우회전진행방해,건조,맑음,단일로 - 기타,원동기,여,84세,경상,승용,여,57세,상해없음
2014051600100414,2014년 5월 16일 16시,금요일,제주특별자치도 제주시 용담이동,중상사고,0,1,0,0,차대차 - 추돌 - 진행중,안전운전불이행,건조,맑음,단일로 - 기타,승용,남,38세,상해없음,이륜,남,44세,중상
2014051600100466,2014년 5월 16일 17시,금요일,제주특별자치도 서귀포시 안덕면,중상사고,0,2,1,0,차대차 - 기타,직진우회전진행방해,건조,맑음,교차로 - 교차로안,승용,여,44세,경상,승용,여,30세,중상
2014051600100467,2014년 5월 16일 17시,금요일,제주특별자치도 제주시 애월읍,경상사고,0,0,3,0,차량단독 - 기타,안전운전불이행,건조,맑음,단일로 - 기타,승합,남,59세,상해없음,,,,
2014051600100681,2014년 5월 16일 22시,금요일,제주특별자치도 서귀포시 대포동,경상사고,0,0,1,0,차대차 - 기타,중앙선침범,건조,맑음,단일로 - 기타,승용,남,50세,상해없음,이륜,남,18세,경상
2014051600100715,2014년 5월 16일 23시,금요일,제주특별자치도 서귀포시 성산읍,경상사고,0,0,1,0,차대차 - 기타,직진우회전진행방해,건조,맑음,교차로 - 교차로안,화물,남,30세,상해없음,승용,남,55세,경상
2014051700100252,2014년 5월 17일 11시,토요일,제주특별자치도 제주시 봉개동,경상사고,0,0,1,0,차대차 - 추돌 - 진행중,안전거리미확보,건조,흐림,단일로 - 기타,승용,남,38세,상해없음,화물,남,42세,상해없음
2014051700100253,2014년 5월 17일 11시,토요일,제주특별자치도 서귀포시 동홍동,중상사고,0,1,0,0,차대차 - 기타,안전운전불이행,건조,맑음,교차로 - 교차로안,화물,남,65세,상해없음,이륜,남,74세,중상
2014051700100367,2014년 5월 17일 14시,토요일,제주특별자치도 제주시 이도이동,중상사고,0,1,1,0,차대사람 - 횡단중,신호위반,건조,맑음,단일로 - 횡단보도상,승용,남,58세,상해없음,보행자,남,16세,중상
2014051700100368,2014년 5월 17일 14시,토요일,제주특별자치도 제주시 일도일동,중상사고,0,1,0,0,차대차 - 측면직각충돌,안전운전불이행,기타,맑음,단일로 - 기타,승용,남,61세,상해없음,승용,여,34세,중상
2014051700100369,2014년 5월 17일 14시,토요일,제주특별자치도 서귀포시 표선면,중상사고,0,1,1,0,차량단독 - 도로외이탈 - 추락,안전운전불이행,건조,맑음,단일로 - 기타,승용,남,33세,상해없음,,,,
2014051700100451,2014년 5월 17일 16시,토요일,제주특별자치도 제주시 도두일동,부상신고사고,0,0,0,1,차대차 - 추돌 - 주정차중,안전운전불이행,건조,맑음,교차로 - 교차로안,화물,여,55세,상해없음,자전거,남,22세,부상신고
2014051700100481,2014년 5월 17일 17시,토요일,제주특별자치도 제주시 조천읍,중상사고,0,2,0,0,차대차 - 측면직각충돌,안전운전불이행,건조,맑음,교차로 - 교차로안,이륜,남,20세,중상,승용,남,55세,상해없음
2014051700100631,2014년 5월 17일 21시,토요일,제주특별자치도 제주시 이도이동,중상사고,0,1,0,0,차대사람 - 횡단중,안전운전불이행,건조,맑음,교차로 - 교차로부근,승용,남,45세,상해없음,보행자,남,3세,중상
2014051700100670,2014년 5월 17일 22시,토요일,제주특별자치도 제주시 일도일동,중상사고,0,1,0,0,차대사람 - 횡단중,보행자보호의무위반,건조,맑음,교차로 - 교차로부근,승용,남,51세,상해없음,보행자,남,58세,중상
2014051800100050,2014년 5월 18일 01시,일요일,제주특별자치도 제주시 연동,부상신고사고,0,0,0,2,차대차 - 측면직각충돌,직진우회전진행방해,건조,맑음,교차로 - 교차로안,승용,남,24세,상해없음,승용,남,45세,상해없음
2014051800100082,2014년 5월 18일 03시,일요일,제주특별자치도 제주시 애월읍,부상신고사고,0,0,0,1,차량단독 - 기타,안전운전불이행,건조,맑음,단일로 - 기타,승용,남,31세,부상신고,,,,
2014051800100253,2014년 5월 18일 12시,일요일,제주특별자치도 제주시 구좌읍,중상사고,0,1,0,0,차대사람 - 횡단중,보행자보호의무위반,건조,맑음,단일로 - 기타,승용,여,23세,상해없음,보행자,남,4세,중상
2014051800100254,2014년 5월 18일 12시,일요일,제주특별자치도 서귀포시 동홍동,경상사고,0,0,1,1,차대차 - 측면직각충돌,신호위반,건조,맑음,교차로 - 교차로안,승용,남,52세,상해없음,승용,남,33세,상해없음
2014051800100315,2014년 5월 18일 14시,일요일,제주특별자치도 서귀포시 대정읍,중상사고,0,1,0,0,차량단독 - 공작물충돌,안전운전불이행,건조,맑음,교차로 - 교차로부근,승용,여,74세,중상,,,,
2014051800100316,2014년 5월 18일 14시,일요일,제주특별자치도 제주시 애월읍,경상사고,0,0,1,0,차대차 - 기타,직진우회전진행방해,건조,맑음,교차로 - 교차로안,화물,남,55세,상해없음,승용,남,52세,상해없음
2014051800100352,2014년 5월 18일 15시,일요일,제주특별자치도 제주시 용담이동,경상사고,0,0,1,0,차대차 - 기타,중앙선침범,건조,맑음,단일로 - 기타,원동기,남,41세,상해없음,자전거,남,17세,경상
2014051800100389,2014년 5월 18일 16시,일요일,제주특별자치도 제주시 이도이동,경상사고,0,0,1,0,차대차 - 측면직각충돌,안전거리미확보,건조,맑음,교차로 - 교차로부근,승용,남,50세,상해없음,승용,남,60세,경상
2014051800100417,2014년 5월 18일 17시,일요일,제주특별자치도 서귀포시 동홍동,부상신고사고,0,0,0,1,차대차 - 기타,안전운전불이행,건조,맑음,교차로 - 교차로안,원동기,남,17세,부상신고,승용,남,33세,상해없음
2014051800100418,2014년 5월 18일 17시,일요일,제주특별자치도 제주시 노형동,경상사고,0,0,1,0,차대사람 - 횡단중,안전운전불이행,건조,맑음,교차로 - 교차로안,승용,남,71세,상해없음,보행자,남,56세,경상
2014051800100449,2014년 5월 18일 18시,일요일,제주특별자치도 제주시 조천읍,부상신고사고,0,0,0,1,차대차 - 추돌 - 진행중,안전운전불이행,건조,맑음,교차로 - 교차로안,원동기,남,22세,부상신고,화물,남,21세,상해없음
2014051800100450,2014년 5월 18일 18시,일요일,제주특별자치도 제주시 조천읍,경상사고,0,0,1,0,차대차 - 추돌 - 진행중,안전운전불이행,건조,맑음,교차로 - 교차로부근,승합,남,61세,상해없음,원동기,여,66세,경상
2014051800100556,2014년 5월 18일 21시,일요일,제주특별자치도 제주시 한경면,중상사고,0,1,0,0,차대차 - 기타,안전운전불이행,건조,맑음,단일로 - 기타,승합,여,36세,상해없음,농기계,남,73세,중상
2014051800100585,2014년 5월 18일 22시,일요일,제주특별자치도 제주시 용담일동,중상사고,0,1,0,0,차대차 - 측면직각충돌,안전운전불이행,건조,맑음,단일로 - 기타,화물,남,42세,상해없음,이륜,남,23세,중상
2014051900100013,2014년 5월 19일 00시,월요일,제주특별자치도 제주시 연동,경상사고,0,0,2,0,차대차 - 기타,직진우회전진행방해,건조,맑음,교차로 - 교차로안,승용,남,31세,경상,승용,남,36세,경상
2014051900100067,2014년 5월 19일 07시,월요일,제주특별자치도 제주시 연동,경상사고,0,0,1,0,차대차 - 기타,직진우회전진행방해,건조,맑음,교차로 - 교차로안,화물,남,38세,상해없음,화물,남,43세,경상
2014051900100111,2014년 5월 19일 08시,월요일,제주특별자치도 제주시 연동,경상사고,0,0,2,0,차대차 - 기타,안전운전불이행,건조,맑음,단일로 - 기타,승용,남,48세,상해없음,승용,여,27세,경상
2014051900100299,2014년 5월 19일 14시,월요일,제주특별자치도 제주시 애월읍,사망사고,1,0,0,0,차량단독 - 전도전복,안전운전불이행,건조,맑음,단일로 - 기타,승용,남,55세,사망,,,,
2014051900100334,2014년 5월 19일 15시,월요일,제주특별자치도 제주시 건입동,중상사고,0,1,1,0,차대차 - 측면직각충돌,교차로운행방법위반,건조,맑음,교차로 - 교차로안,승용,여,28세,상해없음,이륜,남,22세,중상
2014051900100335,2014년 5월 19일 15시,월요일,제주특별자치도 제주시 한경면,중상사고,0,1,0,0,차대사람 - 기타,안전운전불이행,건조,맑음,단일로 - 기타,화물,남,63세,상해없음,보행자,남,53세,중상
2014051900100452,2014년 5월 19일 18시,월요일,제주특별자치도 제주시 이도이동,중상사고,0,1,0,0,차대사람 - 횡단중,안전운전불이행,건조,맑음,단일로 - 횡단보도부근,자전거,남,22세,상해없음,보행자,여,52세,중상
2014051900100453,2014년 5월 19일 18시,월요일,제주특별자치도 제주시 이도이동,경상사고,0,0,1,0,차대차 - 측면직각충돌,안전거리미확보,건조,맑음,교차로 - 교차로부근,승용,남,46세,상해없음,승용,남,38세,경상
2014051900100527,2014년 5월 19일 20시,월요일,제주특별자치도 제주시 삼도이동,경상사고,0,0,1,0,차대차 - 추돌 - 주정차중,불법유턴,건조,맑음,단일로 - 기타,승용,남,40세,기타불명,승용,여,25세,경상
2014051900100528,2014년 5월 19일 20시,월요일,제주특별자치도 제주시 이도이동,경상사고,0,0,1,0,차량단독 - 공작물충돌,안전운전불이행,기타,맑음,단일로 - 기타,승합,남,46세,상해없음,,,,
2014051900100564,2014년 5월 19일 21시,월요일,제주특별자치도 제주시 일도이동,경상사고,0,0,1,0,차대차 - 측면직각충돌,안전거리미확보,건조,맑음,기타 - 기타,기타불명,기타불명,기타불명,기타불명,승합,남,55세,상해없음
2014051900100617,2014년 5월 19일 23시,월요일,제주특별자치도 서귀포시 서호동,중상사고,0,1,1,0,차대차 - 측면직각충돌,안전거리미확보,건조,흐림,단일로 - 기타,승용,남,54세,경상,화물,남,55세,상해없음
2014052000100019,2014년 5월 20일 00시,화요일,제주특별자치도 서귀포시 강정동,중상사고,0,1,0,0,차대차 - 측면직각충돌,안전운전불이행,건조,맑음,교차로 - 교차로안,원동기,남,48세,중상,승용,여,40세,상해없음
2014052000100135,2014년 5월 20일 08시,화요일,제주특별자치도 제주시 삼도일동,경상사고,0,0,3,0,차대차 - 정면충돌,중앙선침범,습기,비,단일로 - 기타,승용,여,47세,경상,승용,남,67세,경상
2014052000100136,2014년 5월 20일 08시,화요일,제주특별자치도 제주시 노형동,경상사고,0,0,1,0,차대차 - 기타,안전운전불이행,습기,비,단일로 - 기타,승용,여,50세,경상,승용,남,63세,상해없음
2014052000100211,2014년 5월 20일 11시,화요일,제주특별자치도 제주시 노형동,경상사고,0,0,2,0,차대차 - 추돌 - 주정차중,안전운전불이행,건조,맑음,교차로 - 교차로부근,승용,여,38세,경상,승용,여,32세,경상
2014052100100015,2014년 5월 21일 00시,수요일,제주특별자치도 제주시 도두이동,경상사고,0,0,1,1,차대차 - 기타,안전운전불이행,건조,맑음,단일로 - 기타,승용,여,47세,부상신고,승용,여,44세,경상
2014052100100066,2014년 5월 21일 05시,수요일,제주특별자치도 제주시 오라일동,경상사고,0,0,1,0,차대차 - 측면직각충돌,신호위반,건조,맑음,교차로 - 교차로안,승용,남,56세,상해없음,승합,남,70세,상해없음
2014052100100067,2014년 5월 21일 05시,수요일,제주특별자치도 서귀포시 안덕면,부상신고사고,0,0,0,1,차대차 - 추돌 - 진행중,직진우회전진행방해,건조,맑음,교차로 - 교차로안,이륜,남,77세,부상신고,화물,남,64세,상해없음
2014052100100149,2014년 5월 21일 08시,수요일,제주특별자치도 제주시 이도이동,경상사고,0,0,1,0,차대사람 - 횡단중,안전운전불이행,건조,맑음,단일로 - 기타,승용,남,57세,상해없음,보행자,여,26세,경상
2014052100100233,2014년 5월 21일 11시,수요일,제주특별자치도 제주시 이도이동,중상사고,0,1,0,0,차대사람 - 횡단중,안전운전불이행,건조,맑음,단일로 - 기타,승용,남,53세,상해없음,보행자,여,77세,중상
2014052100100234,2014년 5월 21일 11시,수요일,제주특별자치도 제주시 일도일동,경상사고,0,0,1,0,차대차 - 측면직각충돌,안전거리미확보,건조,맑음,교차로 - 교차로부근,승용,남,54세,상해없음,승용,남,25세,경상
2014052100100235,2014년 5월 21일 11시,수요일,제주특별자치도 서귀포시 서귀동,중상사고,0,1,0,0,차대사람 - 기타,보행자보호의무위반,건조,맑음,단일로 - 기타,화물,남,55세,상해없음,보행자,여,75세,중상
2014052100100262,2014년 5월 21일 12시,수요일,제주특별자치도 제주시 우도면,경상사고,0,0,2,0,차대차 - 측면직각충돌,안전운전불이행,건조,맑음,기타 - 기타,승용,여,21세,상해없음,이륜,남,28세,경상
2014052100100364,2014년 5월 21일 15시,수요일,제주특별자치도 서귀포시 표선면,중상사고,0,1,0,0,차량단독 - 도로외이탈 - 기타,안전운전불이행,건조,맑음,단일로 - 기타,승용,여,48세,중상,,,,
2014052100100403,2014년 5월 21일 16시,수요일,제주특별자치도 제주시 구좌읍,경상사고,0,0,1,0,차대차 - 추돌 - 진행중,안전운전불이행,건조,맑음,교차로 - 교차로안,화물,남,51세,상해없음,승합,남,51세,상해없음
2014052100100404,2014년 5월 21일 16시,수요일,제주특별자치도 제주시 오라일동,경상사고,0,0,2,0,차대차 - 측면직각충돌,안전운전불이행,건조,맑음,교차로 - 교차로부근,이륜,남,36세,경상,승용,남,42세,상해없음
2014052100100405,2014년 5월 21일 16시,수요일,제주특별자치도 제주시 건입동,중상사고,0,1,0,0,차대차 - 측면직각충돌,안전운전불이행,기타,맑음,단일로 - 횡단보도상,화물,남,36세,상해없음,자전거,남,9세,중상
2014052100100459,2014년 5월 21일 17시,수요일,제주특별자치도 서귀포시 하효동,중상사고,0,1,0,0,차대차 - 기타,안전운전불이행,건조,맑음,교차로 - 교차로안,이륜,남,64세,중상,승용,남,34세,상해없음
2014052200100015,2014년 5월 22일 00시,목요일,제주특별자치도 제주시 노형동,경상사고,0,0,1,0,차대차 - 기타,안전운전불이행,건조,맑음,단일로 - 기타,승용,남,49세,기타불명,승용,남,32세,경상
2014052200100061,2014년 5월 22일 04시,목요일,제주특별자치도 제주시 아라일동,경상사고,0,0,2,0,차대차 - 측면직각충돌,교차로운행방법위반,습기,안개,교차로 - 교차로안,승용,여,49세,경상,화물,여,54세,경상
2014052200100149,2014년 5월 22일 08시,목요일,제주특별자치도 서귀포시 서홍동,부상신고사고,0,0,0,1,차대차 - 추돌 - 주정차중,안전운전불이행,건조,맑음,단일로 - 기타,승용,남,54세,상해없음,화물,남,43세,상해없음
2014052200100181,2014년 5월 22일 09시,목요일,제주특별자치도 제주시 노형동,부상신고사고,0,0,0,1,차대차 - 추돌 - 진행중,안전거리미확보,건조,맑음,단일로 - 기타,이륜,남,23세,부상신고,화물,여,56세,상해없음
2014052200100212,2014년 5월 22일 10시,목요일,제주특별자치도 제주시 이도이동,경상사고,0,0,1,0,차대차 - 측면직각충돌,안전거리미확보,건조,맑음,기타 - 기타,기타불명,기타불명,기타불명,기타불명,승합,남,37세,상해없음
2014052200100213,2014년 5월 22일 10시,목요일,제주특별자치도 제주시 노형동,경상사고,0,0,1,0,차대사람 - 기타,안전운전불이행,건조,맑음,단일로 - 기타,승용,여,38세,상해없음,보행자,남,61세,경상
2014052200100340,2014년 5월 22일 14시,목요일,제주특별자치도 제주시 이도이동,경상사고,0,0,2,0,차대사람 - 횡단중,기타,건조,맑음,단일로 - 기타,화물,남,47세,상해없음,보행자,남,19세,경상
2014052200100341,2014년 5월 22일 14시,목요일,제주특별자치도 제주시 애월읍,경상사고,0,0,1,0,차대사람 - 기타,안전운전불이행,건조,맑음,단일로 - 기타,승용,남,67세,상해없음,보행자,남,49세,경상
2014052200100480,2014년 5월 22일 17시,목요일,제주특별자치도 제주시 노형동,경상사고,0,0,1,0,차대차 - 정면충돌,중앙선침범,건조,맑음,단일로 - 기타,승용,남,22세,상해없음,승용,여,25세,경상
2014052200100481,2014년 5월 22일 17시,목요일,제주특별자치도 제주시 노형동,경상사고,0,0,1,0,차대차 - 측면직각충돌,교차로운행방법위반,건조,맑음,교차로 - 교차로안,승용,여,58세,상해없음,이륜,남,17세,경상
2014052200100521,2014년 5월 22일 18시,목요일,제주특별자치도 서귀포시 동홍동,경상사고,0,0,1,0,차대차 - 추돌 - 진행중,안전거리미확보,건조,맑음,교차로 - 교차로부근,승용,남,44세,상해없음,승용,여,40세,경상
2014052200100522,2014년 5월 22일 18시,목요일,제주특별자치도 제주시 노형동,중상사고,0,1,0,0,차대차 - 기타,안전운전불이행,건조,맑음,교차로 - 교차로부근,승용,남,71세,상해없음,자전거,남,11세,중상
2014052200100523,2014년 5월 22일 18시,목요일,제주특별자치도 제주시 도두일동,경상사고,0,0,1,0,차대사람 - 기타,안전운전불이행,건조,맑음,단일로 - 기타,이륜,남,57세,상해없음,보행자,남,63세,경상
2014052200100557,2014년 5월 22일 19시,목요일,제주특별자치도 서귀포시 대정읍,경상사고,0,0,1,0,차대차 - 기타,안전운전불이행,건조,맑음,단일로 - 기타,화물,남,58세,상해없음,원동기,남,31세,경상
2014052200100637,2014년 5월 22일 21시,목요일,제주특별자치도 서귀포시 서귀동,중상사고,0,1,0,0,차대사람 - 기타,중앙선침범,건조,맑음,단일로 - 기타,승용,남,51세,상해없음,보행자,남,51세,중상
2014052200100638,2014년 5월 22일 21시,목요일,제주특별자치도 제주시 노형동,중상사고,0,1,0,0,차대사람 - 기타,안전운전불이행,건조,맑음,교차로 - 교차로부근,기타불명,기타불명,기타불명,기타불명,보행자,여,16세,중상
2014052300100136,2014년 5월 23일 08시,금요일,제주특별자치도 제주시 이도이동,경상사고,0,0,1,0,차대사람 - 횡단중,안전운전불이행,건조,맑음,단일로 - 기타,승용,여,24세,상해없음,보행자,남,62세,경상
2014052300100302,2014년 5월 23일 13시,금요일,제주특별자치도 제주시 애월읍,경상사고,0,0,1,0,차대차 - 추돌 - 진행중,안전운전불이행,습기,비,단일로 - 기타,승용,남,44세,상해없음,승합,남,56세,경상
2014052300100364,2014년 5월 23일 15시,금요일,제주특별자치도 제주시 삼도일동,경상사고,0,0,1,0,차대사람 - 횡단중,보행자보호의무위반,건조,맑음,교차로 - 교차로부근,승용,여,39세,상해없음,보행자,남,63세,경상
2014052300100439,2014년 5월 23일 17시,금요일,제주특별자치도 제주시 화북이동,중상사고,0,1,1,0,차대차 - 측면직각충돌,신호위반,건조,맑음,교차로 - 교차로안,이륜,남,31세,중상,승용,남,41세,경상
2014052300100570,2014년 5월 23일 20시,금요일,제주특별자치도 제주시 삼도일동,경상사고,0,0,1,0,차대차 - 측면직각충돌,안전운전불이행,건조,맑음,단일로 - 기타,승용,남,28세,상해없음,자전거,남,51세,경상
2014052300100571,2014년 5월 23일 20시,금요일,제주특별자치도 제주시 노형동,경상사고,0,0,1,0,차대차 - 기타,기타,건조,맑음,교차로 - 교차로부근,원동기,남,22세,상해없음,원동기,남,53세,경상
2014052300100572,2014년 5월 23일 20시,금요일,제주특별자치도 제주시 노형동,경상사고,0,0,1,0,차대차 - 기타,불법유턴,건조,맑음,교차로 - 교차로부근,승용,남,63세,상해없음,원동기,남,32세,경상
2014052400100020,2014년 5월 24일 00시,토요일,제주특별자치도 서귀포시 성산읍,경상사고,0,0,1,1,차량단독 - 도로외이탈 - 기타,안전운전불이행,건조,맑음,단일로 - 기타,승용,남,22세,부상신고,,,,
2014052400100044,2014년 5월 24일 01시,토요일,제주특별자치도 제주시 도남동,부상신고사고,0,0,0,1,차량단독 - 공작물충돌,안전운전불이행,건조,맑음,교차로 - 교차로안,승용,여,30세,부상신고,,,,
2014052400100112,2014년 5월 24일 05시,토요일,제주특별자치도 제주시 조천읍,경상사고,0,0,1,0,차량단독 - 공작물충돌,안전운전불이행,건조,맑음,기타 - 기타,승용,남,25세,경상,,,,
2014052400100181,2014년 5월 24일 08시,토요일,제주특별자치도 제주시 화북이동,경상사고,0,0,1,0,차량단독 - 공작물충돌,안전운전불이행,건조,맑음,단일로 - 기타,승용,남,49세,경상,,,,
2014052400100275,2014년 5월 24일 11시,토요일,제주특별자치도 서귀포시 남원읍,중상사고,0,2,0,0,차대차 - 기타,안전운전불이행,건조,맑음,단일로 - 기타,승용,여,28세,상해없음,승용,여,56세,중상
2014052400100303,2014년 5월 24일 12시,토요일,제주특별자치도 제주시 도남동,경상사고,0,0,1,0,차대사람 - 기타,안전운전불이행,기타,맑음,기타 - 기타,승용,여,36세,상해없음,보행자,여,83세,경상
2014052400100335,2014년 5월 24일 13시,토요일,제주특별자치도 제주시 이도이동,부상신고사고,0,0,0,1,차대사람 - 기타,안전운전불이행,건조,맑음,단일로 - 기타,승용,여,44세,상해없음,보행자,남,7세,부상신고
2014052400100369,2014년 5월 24일 14시,토요일,제주특별자치도 서귀포시 대정읍,중상사고,0,1,0,0,차대차 - 추돌 - 진행중,직진우회전진행방해,건조,맑음,교차로 - 교차로안,화물,남,53세,상해없음,승용,여,67세,중상
2014052400100370,2014년 5월 24일 14시,토요일,제주특별자치도 서귀포시 동홍동,중상사고,0,1,0,0,차대사람 - 기타,안전운전불이행,건조,맑음,교차로 - 교차로부근,승용,남,66세,상해없음,보행자,남,54세,중상
2014052400100452,2014년 5월 24일 16시,토요일,제주특별자치도 제주시 오등동,경상사고,0,0,5,0,차대차 - 측면직각충돌,신호위반,건조,맑음,교차로 - 교차로부근,승용,남,33세,경상,화물,남,54세,경상