사고번호,사고일시,요일,시군구,사고내용,사망자수,중상자수,경상자수,부상신고자수,사고유형,법규위반,노면상태,기상상태,도로형태,가해운전자 차종,가해운전자 성별,가해운전자 연령,가해운전자 상해정도,피해운전자 차종,피해운전자 성별,피해운전자 연령,피해운전자 상해정도
2014052400100535,2014년 5월 24일 18시,토요일,제주특별자치도 서귀포시 표선면,경상사고,0,0,1,1,차량단독 - 도로외이탈 - 기타,안전운전불이행,건조,맑음,단일로 - 기타,승용,남,27세,경상,,,,
2014052400100574,2014년 5월 24일 19시,토요일,제주특별자치도 제주시 삼도일동,부상신고사고,0,0,0,1,차대차 - 측면직각충돌,안전운전불이행,건조,맑음,교차로 - 교차로안,이륜,남,57세,부상신고,기타불명,기타불명,기타불명,기타불명
2014052400100660,2014년 5월 24일 22시,토요일,제주특별자치도 제주시 노형동,경상사고,0,0,1,0,차대사람 - 횡단중,안전운전불이행,건조,맑음,단일로 - 기타,승용,남,37세,상해없음,보행자,남,17세,경상
2014052400100661,2014년 5월 24일 22시,토요일,제주특별자치도 제주시 용담삼동,경상사고,0,0,1,0,차대차 - 기타,안전운전불이행,건조,맑음,단일로 - 기타,원동기,남,58세,상해없음,자전거,남,45세,경상
2014052500100043,2014년 5월 25일 01시,일요일,제주특별자치도 제주시 이도이동,경상사고,0,0,2,0,차대차 - 추돌 - 주정차중,안전운전불이행,건조,맑음,단일로 - 기타,승용,남,31세,상해없음,승용,남,68세,경상
2014052500100065,2014년 5월 25일 02시,일요일,제주특별자치도 제주시 삼도일동,중상사고,0,1,0,0,차대차 - 추돌 - 주정차중,안전운전불이행,건조,맑음,교차로 - 교차로부근,승용,남,22세,상해없음,승용,남,62세,중상
2014052500100066,2014년 5월 25일 02시,일요일,제주특별자치도 제주시 도남동,경상사고,0,0,1,0,차대차 - 측면직각충돌,안전운전불이행,건조,기타,단일로 - 기타,승용,남,45세,기타불명,승용,여,61세,경상
2014052500100133,2014년 5월 25일 08시,일요일,제주특별자치도 제주시 연동,경상사고,0,0,1,0,차대사람 - 기타,안전운전불이행,건조,맑음,단일로 - 기타,화물,남,48세,상해없음,보행자,남,34세,경상
2014052500100147,2014년 5월 25일 09시,일요일,제주특별자치도 서귀포시 대정읍,중상사고,0,1,0,0,차대차 - 기타,직진우회전진행방해,습기,비,교차로 - 교차로안,승용,여,47세,상해없음,승용,여,43세,중상
2014052500100168,2014년 5월 25일 10시,일요일,제주특별자치도 제주시 삼도이동,중상사고,0,1,0,0,차대사람 - 횡단중,안전운전불이행,습기,비,단일로 - 기타,승용,남,30세,상해없음,보행자,여,40세,중상
2014052500100226,2014년 5월 25일 12시,일요일,제주특별자치도 제주시 도남동,경상사고,0,0,1,0,차대차 - 측면직각충돌,안전운전불이행,습기,비,단일로 - 기타,승용,여,43세,상해없음,원동기,남,23세,경상
2014052500100366,2014년 5월 25일 16시,일요일,제주특별자치도 제주시 용강동,부상신고사고,0,0,0,2,차대차 - 측면직각충돌,중앙선침범,습기,비,단일로 - 기타,화물,남,54세,상해없음,승합,남,47세,상해없음
2014052500100367,2014년 5월 25일 16시,일요일,제주특별자치도 제주시 삼도일동,경상사고,0,0,1,0,차대차 - 측면직각충돌,교차로운행방법위반,습기,비,교차로 - 교차로안,이륜,남,23세,경상,승용,여,55세,상해없음
2014052500100368,2014년 5월 25일 16시,일요일,제주특별자치도 제주시 노형동,경상사고,0,0,2,0,차대차 - 기타,안전거리미확보,건조,흐림,단일로 - 기타,화물,남,27세,상해없음,승용,남,25세,경상
2014052500100436,2014년 5월 25일 18시,일요일,제주특별자치도 서귀포시 색달동,경상사고,0,0,2,0,차대차 - 추돌 - 주정차중,안전거리미확보,습기,비,단일로 - 기타,승용,남,54세,상해없음,승용,여,25세,경상
2014052500100469,2014년 5월 25일 19시,일요일,제주특별자치도 서귀포시 동홍동,경상사고,0,0,1,0,차대차 - 기타,안전운전불이행,습기,비,교차로 - 교차로부근,승용,남,32세,상해없음,승용,남,54세,경상
2014052500100529,2014년 5월 25일 20시,일요일,제주특별자치도 제주시 용담일동,경상사고,0,0,1,0,차대차 - 측면직각충돌,안전거리미확보,습기,비,단일로 - 기타,승용,남,48세,상해없음,이륜,남,32세,경상
2014052500100530,2014년 5월 25일 20시,일요일,제주특별자치도 서귀포시 대정읍,중상사고,0,1,0,0,차대사람 - 횡단중,안전운전불이행,습기,비,단일로 - 기타,승용,남,43세,상해없음,보행자,남,14세,중상
2014052500100531,2014년 5월 25일 20시,일요일,제주특별자치도 제주시 노형동,부상신고사고,0,0,0,1,차대사람 - 횡단중,안전운전불이행,습기,비,단일로 - 기타,승용,남,34세,상해없음,보행자,여,16세,부상신고
2014052500100580,2014년 5월 25일 21시,일요일,제주특별자치도 제주시 오라이동,중상사고,0,1,0,0,차대차 - 추돌 - 진행중,안전거리미확보,기타,맑음,단일로 - 기타,승용,여,51세,상해없음,승용,남,43세,중상
2014052500100581,2014년 5월 25일 21시,일요일,제주특별자치도 제주시 이도이동,중상사고,0,1,1,0,차대차 - 추돌 - 진행중,안전거리미확보,습기,비,교차로 - 교차로부근,승합,남,55세,상해없음,승용,남,54세,경상
2014052500100582,2014년 5월 25일 21시,일요일,제주특별자치도 제주시 연동,경상사고,0,0,1,0,차대사람 - 횡단중,보행자보호의무위반,건조,맑음,교차로 - 교차로안,승용,남,45세,상해없음,보행자,남,47세,경상
2014052500100622,2014년 5월 25일 22시,일요일,제주특별자치도 서귀포시 서홍동,경상사고,0,0,1,0,차대차 - 기타,안전운전불이행,습기,비,단일로 - 기타,승용,남,40세,상해없음,승용,여,36세,경상
2014052500100649,2014년 5월 25일 23시,일요일,제주특별자치도 제주시 일도이동,경상사고,0,0,1,0,차대차 - 측면직각충돌,안전거리미확보,기타,맑음,교차로 - 교차로안,승용,남,39세,상해없음,승용,남,26세,경상
2014052600100067,2014년 5월 26일 05시,월요일,제주특별자치도 서귀포시 대정읍,중상사고,0,1,1,0,차대차 - 정면충돌,안전운전불이행,건조,맑음,교차로 - 교차로안,화물,남,45세,경상,승용,남,52세,중상
2014052600100143,2014년 5월 26일 08시,월요일,제주특별자치도 서귀포시 호근동,중상사고,0,1,0,0,차대사람 - 길가장자리구역통행중,안전운전불이행,건조,맑음,단일로 - 기타,승용,여,60세,상해없음,보행자,여,64세,중상
2014052600100202,2014년 5월 26일 10시,월요일,제주특별자치도 제주시 조천읍,부상신고사고,0,0,0,1,차대차 - 측면직각충돌,신호위반,건조,맑음,교차로 - 교차로안,승용,남,32세,부상신고,승용,남,70세,상해없음
2014052600100203,2014년 5월 26일 10시,월요일,제주특별자치도 제주시 노형동,중상사고,0,1,3,0,차대차 - 추돌 - 진행중,안전거리미확보,건조,맑음,단일로 - 기타,승용,남,54세,상해없음,승합,남,57세,경상
2014052600100234,2014년 5월 26일 11시,월요일,제주특별자치도 제주시 외도일동,중상사고,0,1,1,0,차대차 - 측면직각충돌,안전운전불이행,건조,맑음,단일로 - 기타,승용,여,44세,상해없음,승용,여,39세,중상
2014052600100322,2014년 5월 26일 14시,월요일,제주특별자치도 서귀포시 안덕면,경상사고,0,0,1,0,차대차 - 기타,안전운전불이행,건조,맑음,교차로 - 교차로안,화물,남,43세,상해없음,승용,남,42세,경상
2014052600100401,2014년 5월 26일 16시,월요일,제주특별자치도 제주시 일도이동,경상사고,0,0,1,0,차대사람 - 횡단중,보행자보호의무위반,건조,맑음,교차로 - 교차로부근,승합,남,61세,상해없음,보행자,여,8세,경상
2014052600100489,2014년 5월 26일 18시,월요일,제주특별자치도 제주시 노형동,중상사고,0,1,0,0,차대사람 - 기타,안전운전불이행,건조,맑음,단일로 - 기타,승용,여,39세,상해없음,보행자,여,74세,중상
2014052600100558,2014년 5월 26일 20시,월요일,제주특별자치도 제주시 한림읍,중상사고,0,1,0,0,차대사람 - 기타,안전운전불이행,건조,맑음,교차로 - 교차로부근,승용,남,21세,상해없음,보행자,여,83세,중상
2014052700100008,2014년 5월 27일 00시,화요일,제주특별자치도 제주시 도남동,경상사고,0,0,1,0,차대차 - 추돌 - 주정차중,안전거리미확보,건조,맑음,교차로 - 교차로부근,승용,남,54세,상해없음,승용,남,53세,경상
2014052700100207,2014년 5월 27일 09시,화요일,제주특별자치도 제주시 애월읍,부상신고사고,0,0,0,1,차대차 - 기타,안전운전불이행,건조,맑음,교차로 - 교차로안,자전거,남,25세,부상신고,승용,남,42세,상해없음
2014052700100229,2014년 5월 27일 10시,화요일,제주특별자치도 제주시 외도이동,중상사고,0,1,0,0,차대차 - 기타,안전운전불이행,건조,맑음,단일로 - 기타,기타불명,기타불명,기타불명,기타불명,자전거,남,75세,중상
2014052700100256,2014년 5월 27일 11시,화요일,제주특별자치도 서귀포시 색달동,중상사고,0,2,0,0,차대차 - 기타,중앙선침범,건조,맑음,단일로 - 기타,기타불명,기타불명,기타불명,기타불명,승용,남,32세,중상
2014052700100386,2014년 5월 27일 15시,화요일,제주특별자치도 제주시 용담일동,경상사고,0,0,2,0,차대차 - 측면직각충돌,안전운전불이행,건조,맑음,단일로 - 기타,이륜,여,62세,경상,승용,남,28세,경상
2014052700100429,2014년 5월 27일 16시,화요일,제주특별자치도 제주시 구좌읍,경상사고,0,0,3,0,차량단독 - 전도전복,안전운전불이행,건조,맑음,단일로 - 기타,승용,여,22세,경상,,,,
2014052700100430,2014년 5월 27일 16시,화요일,제주특별자치도 제주시 노형동,경상사고,0,0,1,0,차대사람 - 기타,안전운전불이행,건조,맑음,단일로 - 기타,승용,남,49세,상해없음,보행자,남,6세,경상
2014052700100480,2014년 5월 27일 17시,화요일,제주특별자치도 제주시 화북이동,경상사고,0,0,2,0,차대차 - 추돌 - 주정차중,안전거리미확보,기타,맑음,단일로 - 기타,승용,남,28세,상해없음,승용,남,38세,경상
2014052700100631,2014년 5월 27일 22시,화요일,제주특별자치도 제주시 조천읍,경상사고,0,0,3,0,차대차 - 정면충돌,중앙선침범,건조,맑음,단일로 - 기타,이륜,남,48세,경상,승용,남,66세,상해없음
2014052700100632,2014년 5월 27일 22시,화요일,제주특별자치도 서귀포시 강정동,경상사고,0,0,1,0,차대차 - 기타,안전거리미확보,건조,맑음,단일로 - 기타,승용,남,27세,상해없음,승용,남,43세,경상
2014052700100647,2014년 5월 27일 23시,화요일,제주특별자치도 제주시 노형동,경상사고,0,0,2,0,차대차 - 기타,안전운전불이행,건조,맑음,교차로 - 교차로부근,승용,남,43세,상해없음,승용,남,27세,경상
2014052800100076,2014년 5월 28일 06시,수요일,제주특별자치도 서귀포시 표선면,사망사고,1,0,1,0,차대차 - 추돌 - 진행중,안전운전불이행,건조,맑음,단일로 - 기타,승용,남,30세,경상,농기계,남,68세,사망
2014052800100145,2014년 5월 28일 08시,수요일,제주특별자치도 제주시 노형동,경상사고,0,0,1,0,차대차 - 기타,직진우회전진행방해,건조,맑음,교차로 - 교차로안,승용,남,46세,상해없음,자전거,여,51세,경상
2014052800100179,2014년 5월 28일 09시,수요일,제주특별자치도 서귀포시 서홍동,경상사고,0,0,1,0,차대차 - 추돌 - 진행중,신호위반,건조,맑음,교차로 - 교차로안,승용,여,33세,상해없음,승용,남,56세,경상
2014052800100201,2014년 5월 28일 10시,수요일,제주특별자치도 제주시 오라일동,경상사고,0,0,1,0,차대차 - 측면직각충돌,교차로운행방법위반,건조,맑음,교차로 - 교차로안,승용,남,59세,상해없음,승합,남,29세,경상
2014052800100392,2014년 5월 28일 16시,수요일,제주특별자치도 서귀포시 토평동,부상신고사고,0,0,0,1,차량단독 - 기타,안전운전불이행,건조,맑음,단일로 - 기타,원동기,남,59세,부상신고,,,,
2014052800100484,2014년 5월 28일 18시,수요일,제주특별자치도 제주시 용담일동,경상사고,0,0,2,0,차대차 - 추돌 - 진행중,안전거리미확보,건조,맑음,기타 - 기타,승용,남,48세,상해없음,승용,여,55세,경상
2014052800100562,2014년 5월 28일 20시,수요일,제주특별자치도 제주시 일도이동,경상사고,0,0,1,0,차대차 - 측면직각충돌,안전운전불이행,건조,맑음,교차로 - 교차로안,자전거,남,10세,경상,승용,남,48세,상해없음
2014052900100015,2014년 5월 29일 00시,목요일,제주특별자치도 제주시 연동,부상신고사고,0,0,0,1,차대사람 - 횡단중,보행자보호의무위반,건조,맑음,교차로 - 교차로부근,기타불명,기타불명,기타불명,기타불명,보행자,남,33세,부상신고
2014052900100279,2014년 5월 29일 12시,목요일,제주특별자치도 제주시 구좌읍,부상신고사고,0,0,0,1,차대차 - 측면직각충돌,교차로운행방법위반,건조,맑음,교차로 - 교차로안,원동기,여,34세,부상신고,화물,남,67세,상해없음
2014052900100280,2014년 5월 29일 12시,목요일,제주특별자치도 제주시 연동,부상신고사고,0,0,0,1,차대차 - 추돌 - 진행중,안전운전불이행,건조,맑음,교차로 - 교차로안,승용,남,42세,상해없음,승합,남,40세,상해없음
2014052900100314,2014년 5월 29일 13시,목요일,제주특별자치도 제주시 도남동,중상사고,0,1,0,0,차대차 - 측면직각충돌,안전거리미확보,건조,맑음,단일로 - 기타,승용,남,51세,상해없음,화물,남,52세,중상
2014052900100315,2014년 5월 29일 13시,목요일,제주특별자치도 서귀포시 성산읍,경상사고,0,0,2,0,차대차 - 기타,안전운전불이행,건조,맑음,교차로 - 교차로부근,승용,여,37세,상해없음,승용,남,43세,상해없음
2014052900100349,2014년 5월 29일 14시,목요일,제주특별자치도 제주시 봉개동,중상사고,0,1,0,0,차대차 - 추돌 - 진행중,안전거리미확보,건조,맑음,기타 - 기타,승용,여,35세,상해없음,화물,남,54세,중상
2014052900100425,2014년 5월 29일 16시,목요일,제주특별자치도 서귀포시 대정읍,중상사고,0,2,0,1,차대차 - 기타,안전운전불이행,건조,맑음,단일로 - 기타,승용,여,52세,부상신고,승합,여,52세,중상
2014052900100426,2014년 5월 29일 16시,목요일,제주특별자치도 제주시 애월읍,중상사고,0,1,0,0,차량단독 - 전도전복,안전운전불이행,건조,맑음,단일로 - 기타,이륜,여,68세,중상,,,,
2014052900100575,2014년 5월 29일 20시,목요일,제주특별자치도 제주시 화북일동,경상사고,0,0,1,0,차대차 - 측면직각충돌,불법유턴,건조,맑음,기타 - 기타,화물,남,51세,상해없음,승용,남,46세,상해없음
2014052900100576,2014년 5월 29일 20시,목요일,제주특별자치도 제주시 한경면,중상사고,0,1,0,0,차대차 - 기타,안전운전불이행,건조,맑음,교차로 - 교차로부근,승용,여,53세,상해없음,이륜,남,45세,중상
2014052900100607,2014년 5월 29일 21시,목요일,제주특별자치도 제주시 노형동,경상사고,0,0,2,0,차대차 - 추돌 - 진행중,중앙선침범,건조,맑음,단일로 - 기타,승용,남,33세,상해없음,이륜,남,16세,경상
2014052900100659,2014년 5월 29일 23시,목요일,제주특별자치도 서귀포시 신효동,경상사고,0,0,1,0,차대차 - 기타,직진우회전진행방해,건조,맑음,교차로 - 교차로안,승용,여,32세,상해없음,승용,남,36세,경상
2014053000100016,2014년 5월 30일 00시,금요일,제주특별자치도 제주시 건입동,경상사고,0,0,2,0,차대차 - 측면직각충돌,차로위반,건조,맑음,교차로 - 교차로부근,승용,남,55세,상해없음,승용,여,45세,경상
2014053000100017,2014년 5월 30일 00시,금요일,제주특별자치도 제주시 연동,경상사고,0,0,3,3,차대차 - 추돌 - 진행중,신호위반,건조,맑음,교차로 - 교차로안,승용,남,58세,상해없음,승용,남,54세,경상
2014053000100033,2014년 5월 30일 01시,금요일,제주특별자치도 제주시 내도동,중상사고,0,1,1,0,차량단독 - 공작물충돌,안전운전불이행,건조,맑음,단일로 - 기타,승용,남,25세,중상,,,,
2014053000100034,2014년 5월 30일 01시,금요일,제주특별자치도 제주시 해안동,경상사고,0,0,1,0,차량단독 - 기타,안전운전불이행,건조,맑음,단일로 - 기타,이륜,남,24세,경상,,,,
2014053000100166,2014년 5월 30일 08시,금요일,제주특별자치도 제주시 이도이동,부상신고사고,0,0,0,1,차대사람 - 기타,안전운전불이행,건조,맑음,교차로 - 교차로안,기타불명,기타불명,기타불명,기타불명,보행자,남,7세,부상신고
2014053000100167,2014년 5월 30일 08시,금요일,제주특별자치도 제주시 용담이동,경상사고,0,0,1,0,차대차 - 기타,안전운전불이행,건조,맑음,단일로 - 기타,화물,남,49세,상해없음,자전거,남,76세,경상
2014053000100196,2014년 5월 30일 09시,금요일,제주특별자치도 제주시 조천읍,경상사고,0,0,2,0,차대차 - 측면직각충돌,직진우회전진행방해,건조,맑음,교차로 - 교차로안,승용,여,55세,상해없음,승용,여,46세,경상
2014053000100197,2014년 5월 30일 09시,금요일,제주특별자치도 제주시 애월읍,중상사고,0,1,0,0,차대차 - 측면직각충돌,안전거리미확보,건조,맑음,단일로 - 기타,화물,남,65세,상해없음,이륜,남,76세,중상
2014053000100198,2014년 5월 30일 09시,금요일,제주특별자치도 제주시 노형동,부상신고사고,0,0,0,1,차대사람 - 기타,안전운전불이행,건조,맑음,단일로 - 기타,승용,여,44세,상해없음,보행자,남,5세,부상신고
2014053000100227,2014년 5월 30일 10시,금요일,제주특별자치도 제주시 삼도이동,경상사고,0,0,2,0,차대차 - 추돌 - 주정차중,안전거리미확보,기타,맑음,단일로 - 기타,승용,남,69세,상해없음,승용,남,64세,경상
2014053000100257,2014년 5월 30일 11시,금요일,제주특별자치도 제주시 한림읍,경상사고,0,0,4,0,차대차 - 추돌 - 진행중,안전거리미확보,건조,맑음,교차로 - 교차로부근,건설기계,남,50세,상해없음,화물,남,42세,경상
2014053000100458,2014년 5월 30일 16시,금요일,제주특별자치도 제주시 삼도일동,경상사고,0,0,2,0,차대사람 - 횡단중,보행자보호의무위반,건조,맑음,교차로 - 교차로부근,승용,여,47세,상해없음,보행자,남,33세,경상
2014053000100459,2014년 5월 30일 16시,금요일,제주특별자치도 제주시 화북일동,중상사고,0,1,0,0,차대사람 - 횡단중,안전운전불이행,건조,맑음,단일로 - 횡단보도상,화물,남,84세,상해없음,보행자,여,12세,중상
2014053000100460,2014년 5월 30일 16시,금요일,제주특별자치도 서귀포시 성산읍,중상사고,0,1,0,0,차량단독 - 전도전복,안전운전불이행,건조,맑음,단일로 - 기타,이륜,남,38세,중상,,,,
2014053000100514,2014년 5월 30일 17시,금요일,제주특별자치도 서귀포시 서귀동,중상사고,0,1,0,0,차대차 - 기타,교차로운행방법위반,건조,맑음,교차로 - 교차로안,이륜,남,74세,중상,승용,여,33세,상해없음
2014053000100515,2014년 5월 30일 17시,금요일,제주특별자치도 제주시 연동,경상사고,0,0,1,0,차대차 - 기타,안전운전불이행,건조,맑음,단일로 - 기타,승용,여,32세,상해없음,승용,남,33세,경상
2014053000100664,2014년 5월 30일 21시,금요일,제주특별자치도 서귀포시 서귀동,경상사고,0,0,1,0,차대사람 - 기타,보행자보호의무위반,건조,맑음,단일로 - 기타,기타불명,기타불명,기타불명,기타불명,보행자,남,65세,경상
2014053000100665,2014년 5월 30일 21시,금요일,제주특별자치도 제주시 노형동,경상사고,0,0,3,0,차대차 - 기타,안전운전불이행,건조,맑음,단일로 - 기타,승용,남,53세,상해없음,승용,여,38세,경상
2014053000100705,2014년 5월 30일 22시,금요일,제주특별자치도 제주시 삼도일동,중상사고,0,1,0,0,차대사람 - 횡단중,안전운전불이행,건조,맑음,교차로 - 교차로부근,승용,여,49세,상해없음,보행자,남,66세,중상
2014053000100706,2014년 5월 30일 22시,금요일,제주특별자치도 제주시 노형동,경상사고,0,0,2,0,차대차 - 기타,안전운전불이행,건조,맑음,교차로 - 교차로부근,승용,남,35세,상해없음,승합,여,54세,경상
2014053100100115,2014년 5월 31일 05시,토요일,제주특별자치도 제주시 일도이동,경상사고,0,0,1,0,차대차 - 측면직각충돌,안전운전불이행,기타,맑음,단일로 - 기타,승용,남,72세,상해없음,화물,남,45세,경상
2014053100100198,2014년 5월 31일 08시,토요일,제주특별자치도 제주시 한림읍,경상사고,0,0,1,0,차대사람 - 기타,안전운전불이행,건조,맑음,단일로 - 기타,원동기,여,26세,상해없음,보행자,여,13세,경상
2014053100100391,2014년 5월 31일 13시,토요일,제주특별자치도 제주시 일도이동,경상사고,0,0,2,0,차대차 - 측면직각충돌,교차로운행방법위반,건조,맑음,교차로 - 교차로안,승용,남,49세,상해없음,승용,여,45세,경상
2014053100100482,2014년 5월 31일 15시,토요일,제주특별자치도 제주시 조천읍,중상사고,0,1,0,0,차대사람 - 횡단중,기타,기타,맑음,단일로 - 기타,승용,남,59세,상해없음,보행자,남,51세,중상
2014053100100755,2014년 5월 31일 21시,토요일,제주특별자치도 제주시 화북이동,경상사고,0,0,2,0,차대차 - 측면직각충돌,신호위반,건조,맑음,교차로 - 교차로안,승합,남,56세,상해없음,승용,남,49세,경상
2014053100100817,2014년 5월 31일 23시,토요일,제주특별자치도 제주시 연동,경상사고,0,0,2,0,차대차 - 기타,안전운전불이행,건조,맑음,교차로 - 교차로부근,승용,남,55세,경상,승용,여,43세,경상
2014060100100025,2014년 6월 1일 01시,일요일,제주특별자치도 제주시 연동,부상신고사고,0,0,0,1,차대사람 - 기타,안전운전불이행,건조,맑음,단일로 - 기타,기타불명,기타불명,기타불명,기타불명,보행자,남,46세,부상신고
2014060100100135,2014년 6월 1일 08시,일요일,제주특별자치도 서귀포시 중문동,경상사고,0,0,1,0,차대차 - 기타,직진우회전진행방해,건조,맑음,교차로 - 교차로안,승용,여,42세,상해없음,승용,여,59세,경상
2014060100100136,2014년 6월 1일 08시,일요일,제주특별자치도 제주시 애월읍,경상사고,0,0,1,0,차량단독 - 기타,안전운전불이행,건조,맑음,단일로 - 기타,승용,남,31세,경상,,,,
2014060100100170,2014년 6월 1일 10시,일요일,제주특별자치도 제주시 일도일동,경상사고,0,0,1,0,차대차 - 측면직각충돌,교차로운행방법위반,기타,맑음,교차로 - 교차로안,승용,남,52세,기타불명,화물,남,26세,경상
2014060100100198,2014년 6월 1일 11시,일요일,제주특별자치도 제주시 이도이동,경상사고,0,0,1,0,차대차 - 측면직각충돌,안전운전불이행,건조,맑음,교차로 - 교차로부근,승용,남,46세,상해없음,승용,남,43세,경상
2014060100100219,2014년 6월 1일 12시,일요일,제주특별자치도 제주시 이도이동,경상사고,0,0,2,0,차대차 - 추돌 - 진행중,안전거리미확보,건조,맑음,교차로 - 교차로부근,승용,남,53세,상해없음,승용,남,34세,경상
2014060100100240,2014년 6월 1일 13시,일요일,제주특별자치도 제주시 이도이동,경상사고,0,0,1,0,차대차 - 추돌 - 진행중,안전거리미확보,건조,맑음,단일로 - 기타,화물,남,44세,상해없음,승합,남,59세,경상
2014060100100278,2014년 6월 1일 14시,일요일,제주특별자치도 제주시 우도면,경상사고,0,0,1,0,차대사람 - 횡단중,안전운전불이행,건조,맑음,단일로 - 기타,승용,여,25세,상해없음,보행자,남,3세,경상
2014060100100279,2014년 6월 1일 14시,일요일,제주특별자치도 제주시 건입동,경상사고,0,0,1,0,차대사람 - 횡단중,안전운전불이행,건조,맑음,단일로 - 기타,승용,여,65세,상해없음,보행자,남,48세,경상
2014060100100306,2014년 6월 1일 15시,일요일,제주특별자치도 제주시 노형동,경상사고,0,0,3,0,차대차 - 기타,신호위반,건조,맑음,교차로 - 교차로안,승용,남,62세,상해없음,승용,남,44세,경상
2014060100100337,2014년 6월 1일 16시,일요일,제주특별자치도 서귀포시 대정읍,부상신고사고,0,0,0,1,차대차 - 기타,신호위반,건조,맑음,교차로 - 교차로안,승용,여,31세,부상신고,화물,남,65세,상해없음
2014060100100364,2014년 6월 1일 17시,일요일,제주특별자치도 제주시 노형동,경상사고,0,0,1,0,차대차 - 측면직각충돌,안전운전불이행,건조,흐림,단일로 - 기타,승용,남,55세,상해없음,승용,여,44세,경상
2014060100100385,2014년 6월 1일 18시,일요일,제주특별자치도 제주시 봉개동,중상사고,0,1,0,0,차대차 - 측면직각충돌,교차로운행방법위반,건조,맑음,교차로 - 교차로부근,승용,여,53세,상해없음,승용,여,35세,중상
2014060100100408,2014년 6월 1일 19시,일요일,제주특별자치도 서귀포시 서귀동,경상사고,0,0,1,0,차대사람 - 기타,안전운전불이행,건조,맑음,교차로 - 교차로부근,승용,남,55세,상해없음,보행자,남,39세,경상
2014060100100473,2014년 6월 1일 21시,일요일,제주특별자치도 제주시 노형동,중상사고,0,1,0,0,차대차 - 정면충돌,중앙선침범,건조,맑음,단일로 - 기타,화물,남,29세,상해없음,승용,남,44세,중상
2014060200100036,2014년 6월 2일 04시,월요일,제주특별자치도 제주시 오라일동,중상사고,0,1,1,0,차대차 - 기타,신호위반,건조,흐림,교차로 - 교차로안,승용,남,47세,상해없음,승용,여,56세,경상
2014060200100110,2014년 6월 2일 08시,월요일,제주특별자치도 제주시 조천읍,중상사고,0,1,0,0,차대차 - 기타,안전운전불이행,습기,비,단일로 - 기타,이륜,남,75세,중상,승용,남,37세,상해없음
2014060200100173,2014년 6월 2일 10시,월요일,제주특별자치도 제주시 용담일동,중상사고,0,1,0,0,차대사람 - 횡단중,안전운전불이행,건조,맑음,단일로 - 기타,화물,여,58세,상해없음,보행자,여,30세,중상
2014060200100174,2014년 6월 2일 10시,월요일,제주특별자치도 제주시 연동,경상사고,0,0,3,0,차대차 - 기타,안전운전불이행,습기,비,교차로 - 교차로부근,화물,남,32세,상해없음,승용,여,50세,경상
2014060200100234,2014년 6월 2일 12시,월요일,제주특별자치도 제주시 삼양일동,경상사고,0,0,3,0,차대차 - 측면직각충돌,교차로운행방법위반,건조,맑음,교차로 - 교차로안,승용,여,38세,경상,화물,남,52세,상해없음
2014060200100265,2014년 6월 2일 13시,월요일,제주특별자치도 서귀포시 남원읍,경상사고,0,0,1,0,차대차 - 측면직각충돌,기타,습기,비,교차로 - 교차로안,화물,남,37세,상해없음,승용,여,62세,경상
2014060200100266,2014년 6월 2일 13시,월요일,제주특별자치도 서귀포시 서귀동,경상사고,0,0,1,0,차대사람 - 기타,안전운전불이행,습기,비,단일로 - 기타,승용,여,32세,상해없음,보행자,여,54세,경상
2014060200100345,2014년 6월 2일 15시,월요일,제주특별자치도 제주시 아라이동,경상사고,0,0,1,0,차대사람 - 횡단중,기타,건조,흐림,단일로 - 기타,승용,여,39세,상해없음,보행자,남,13세,경상
2014060200100377,2014년 6월 2일 16시,월요일,제주특별자치도 제주시 삼도일동,중상사고,0,1,0,0,차대사람 - 기타,안전운전불이행,건조,기타,미분류 - 미분류,승용,여,57세,상해없음,보행자,남,63세,중상
2014060200100442,2014년 6월 2일 18시,월요일,제주특별자치도 서귀포시 서귀동,경상사고,0,0,1,0,차대차 - 추돌 - 진행중,안전운전불이행,습기,비,교차로 - 교차로부근,승용,남,35세,상해없음,승용,여,37세,경상
2014060200100443,2014년 6월 2일 18시,월요일,제주특별자치도 제주시 연동,경상사고,0,0,1,0,차대차 - 기타,직진우회전진행방해,건조,맑음,교차로 - 교차로안,화물,여,58세,상해없음,승용,여,42세,경상
2014060200100609,2014년 6월 2일 22시,월요일,제주특별자치도 서귀포시 도순동,경상사고,0,0,3,0,차대차 - 추돌 - 주정차중,안전운전불이행,습기,비,교차로 - 교차로부근,승용,남,51세,상해없음,승용,여,24세,경상
2014060200100658,2014년 6월 2일 23시,월요일,제주특별자치도 제주시 오라삼동,중상사고,0,1,0,0,차대차 - 측면직각충돌,신호위반,건조,맑음,교차로 - 교차로안,승용,남,59세,상해없음,승용,남,50세,중상
2014060300100086,2014년 6월 3일 05시,화요일,제주특별자치도 제주시 건입동,경상사고,0,0,1,0,차대차 - 추돌 - 주정차중,안전운전불이행,건조,흐림,교차로 - 교차로안,승용,남,20세,상해없음,승용,남,34세,경상