사고번호,사고일시,요일,시군구,사고내용,사망자수,중상자수,경상자수,부상신고자수,사고유형,법규위반,노면상태,기상상태,도로형태,가해운전자 차종,가해운전자 성별,가해운전자 연령,가해운전자 상해정도,피해운전자 차종,피해운전자 성별,피해운전자 연령,피해운전자 상해정도
2014060300100132,2014년 6월 3일 07시,화요일,제주특별자치도 제주시 한림읍,부상신고사고,0,0,0,1,차대차 - 기타,안전운전불이행,건조,맑음,단일로 - 기타,화물,여,70세,상해없음,이륜,남,59세,부상신고
2014060300100175,2014년 6월 3일 08시,화요일,제주특별자치도 제주시 연동,중상사고,0,1,0,0,차대차 - 기타,불법유턴,습기,비,단일로 - 기타,승용,남,34세,상해없음,승용,남,34세,중상
2014060300100176,2014년 6월 3일 08시,화요일,제주특별자치도 제주시 도두이동,부상신고사고,0,0,0,1,차대차 - 기타,안전운전불이행,습기,비,단일로 - 기타,승용,남,67세,부상신고,화물,남,51세,상해없음
2014060300100271,2014년 6월 3일 11시,화요일,제주특별자치도 서귀포시 안덕면,경상사고,0,0,1,0,차대차 - 추돌 - 주정차중,안전운전불이행,건조,맑음,기타 - 기타,화물,남,33세,상해없음,승용,남,44세,경상
2014060300100272,2014년 6월 3일 11시,화요일,제주특별자치도 제주시 노형동,중상사고,0,2,0,0,차대차 - 측면직각충돌,안전운전불이행,건조,맑음,단일로 - 기타,승용,여,44세,상해없음,승용,남,53세,중상
2014060300100360,2014년 6월 3일 14시,화요일,제주특별자치도 제주시 일도일동,중상사고,0,1,0,0,차대사람 - 횡단중,안전운전불이행,건조,맑음,단일로 - 기타,화물,남,47세,상해없음,보행자,여,72세,중상
2014060300100361,2014년 6월 3일 14시,화요일,제주특별자치도 제주시 노형동,중상사고,0,1,0,0,차대차 - 기타,안전운전불이행,건조,맑음,교차로 - 교차로안,승용,남,24세,상해없음,승용,남,44세,중상
2014060300100473,2014년 6월 3일 17시,화요일,제주특별자치도 제주시 화북일동,중상사고,0,1,0,0,차대사람 - 횡단중,안전운전불이행,건조,맑음,단일로 - 기타,승용,여,57세,상해없음,보행자,여,7세,중상
2014060300100517,2014년 6월 3일 18시,화요일,제주특별자치도 제주시 용담삼동,경상사고,0,0,1,0,차대차 - 기타,안전거리미확보,건조,맑음,단일로 - 기타,승용,남,33세,상해없음,승용,남,59세,경상
2014060300100575,2014년 6월 3일 20시,화요일,제주특별자치도 제주시 오라일동,중상사고,0,1,0,0,차대사람 - 횡단중,보행자보호의무위반,건조,흐림,단일로 - 횡단보도상,승용,여,59세,상해없음,보행자,여,61세,중상
2014060400100074,2014년 6월 4일 03시,수요일,제주특별자치도 서귀포시 하원동,경상사고,0,0,3,0,차대차 - 기타,안전운전불이행,건조,맑음,교차로 - 교차로부근,승용,여,49세,경상,화물,남,58세,경상
2014060400100213,2014년 6월 4일 10시,수요일,제주특별자치도 서귀포시 서귀동,중상사고,0,1,0,0,차대차 - 기타,직진우회전진행방해,건조,맑음,교차로 - 교차로안,승합,남,54세,상해없음,승용,남,34세,상해없음
2014060400100245,2014년 6월 4일 11시,수요일,제주특별자치도 제주시 애월읍,경상사고,0,0,1,0,차대차 - 기타,안전운전불이행,건조,맑음,단일로 - 기타,자전거,남,21세,경상,승용,남,33세,상해없음
2014060400100341,2014년 6월 4일 14시,수요일,제주특별자치도 제주시 구좌읍,중상사고,0,1,2,1,차대차 - 측면직각충돌,교차로운행방법위반,건조,맑음,교차로 - 교차로안,승용,남,67세,부상신고,승용,여,31세,경상
2014060400100374,2014년 6월 4일 15시,수요일,제주특별자치도 서귀포시 동홍동,중상사고,0,2,0,0,차대차 - 측면직각충돌,직진우회전진행방해,건조,맑음,교차로 - 교차로안,승용,남,52세,중상,화물,남,44세,상해없음
2014060400100403,2014년 6월 4일 16시,수요일,제주특별자치도 제주시 삼도일동,중상사고,0,1,0,0,차대사람 - 횡단중,보행자보호의무위반,건조,흐림,단일로 - 횡단보도상,승용,여,41세,상해없음,보행자,남,81세,중상
2014060400100558,2014년 6월 4일 20시,수요일,제주특별자치도 서귀포시 동홍동,중상사고,0,1,0,0,차대차 - 측면직각충돌,직진우회전진행방해,건조,맑음,교차로 - 교차로안,승용,남,49세,상해없음,승용,여,49세,중상
2014060400100559,2014년 6월 4일 20시,수요일,제주특별자치도 제주시 연동,중상사고,0,1,0,0,차대사람 - 보도통행중,보행자보호의무위반,습기,비,단일로 - 횡단보도상,승용,남,40세,상해없음,보행자,여,50세,중상
2014060400100560,2014년 6월 4일 20시,수요일,제주특별자치도 제주시 연동,중상사고,0,1,0,0,차대사람 - 기타,안전운전불이행,습기,비,교차로 - 교차로부근,승용,여,51세,상해없음,보행자,남,48세,중상
2014060500100166,2014년 6월 5일 09시,목요일,제주특별자치도 제주시 구좌읍,경상사고,0,0,1,0,차대차 - 측면직각충돌,안전운전불이행,건조,맑음,단일로 - 기타,화물,남,57세,상해없음,승용,남,37세,경상
2014060500100230,2014년 6월 5일 11시,목요일,제주특별자치도 서귀포시 남원읍,경상사고,0,0,1,0,차량단독 - 도로외이탈 - 기타,안전운전불이행,건조,맑음,단일로 - 기타,승용,남,33세,상해없음,,,,
2014060500100231,2014년 6월 5일 11시,목요일,제주특별자치도 제주시 한림읍,경상사고,0,0,1,0,차대차 - 기타,직진우회전진행방해,건조,맑음,교차로 - 교차로안,화물,남,59세,상해없음,원동기,여,73세,경상
2014060500100257,2014년 6월 5일 12시,목요일,제주특별자치도 서귀포시 남원읍,부상신고사고,0,0,0,1,차대차 - 기타,교차로운행방법위반,건조,맑음,교차로 - 교차로안,자전거,여,10세,부상신고,승용,여,37세,상해없음
2014060500100290,2014년 6월 5일 13시,목요일,제주특별자치도 제주시 구좌읍,경상사고,0,0,1,0,차대사람 - 횡단중,안전운전불이행,기타,맑음,단일로 - 기타,승용,남,61세,상해없음,보행자,남,6세,경상
2014060500100325,2014년 6월 5일 14시,목요일,제주특별자치도 서귀포시 서호동,경상사고,0,0,1,0,차량단독 - 기타,기타,건조,맑음,단일로 - 기타,승합,남,43세,상해없음,,,,
2014060500100326,2014년 6월 5일 14시,목요일,제주특별자치도 제주시 한경면,중상사고,0,2,2,0,차대차 - 기타,중앙선침범,건조,맑음,단일로 - 기타,승용,남,32세,상해없음,화물,남,44세,경상
2014060500100354,2014년 6월 5일 15시,목요일,제주특별자치도 제주시 오라이동,경상사고,0,0,1,0,차대차 - 추돌 - 진행중,안전거리미확보,건조,맑음,단일로 - 기타,화물,남,39세,경상,승용,여,49세,상해없음
2014060500100355,2014년 6월 5일 15시,목요일,제주특별자치도 서귀포시 서귀동,경상사고,0,0,1,0,차대사람 - 차도통행중,안전운전불이행,건조,맑음,단일로 - 기타,승용,남,30세,상해없음,보행자,남,69세,경상
2014060500100425,2014년 6월 5일 17시,목요일,제주특별자치도 제주시 이도이동,중상사고,0,1,0,0,차대사람 - 보도통행중,기타,건조,맑음,단일로 - 기타,기타불명,기타불명,기타불명,기타불명,보행자,남,15세,중상
2014060500100480,2014년 6월 5일 19시,목요일,제주특별자치도 제주시 이도일동,중상사고,0,2,2,0,차대차 - 측면직각충돌,안전운전불이행,건조,맑음,단일로 - 기타,승용,남,47세,상해없음,승용,남,32세,중상
2014060500100481,2014년 6월 5일 19시,목요일,제주특별자치도 제주시 한경면,경상사고,0,0,1,0,차대차 - 기타,교차로운행방법위반,건조,맑음,교차로 - 교차로안,승용,여,57세,상해없음,농기계,남,81세,경상
2014060500100628,2014년 6월 5일 23시,목요일,제주특별자치도 제주시 이도이동,중상사고,0,1,0,0,차대사람 - 횡단중,안전운전불이행,기타,맑음,단일로 - 기타,승용,여,30세,상해없음,보행자,남,33세,중상
2014060500100629,2014년 6월 5일 23시,목요일,제주특별자치도 제주시 삼양일동,중상사고,0,2,0,0,차대사람 - 횡단중,안전운전불이행,기타,맑음,단일로 - 횡단보도상,승용,남,61세,상해없음,보행자,남,23세,중상
2014060500100630,2014년 6월 5일 23시,목요일,제주특별자치도 제주시 아라일동,중상사고,0,2,0,0,차대차 - 측면직각충돌,직진우회전진행방해,건조,흐림,교차로 - 교차로안,승용,남,22세,상해없음,승용,남,46세,상해없음
2014060600100137,2014년 6월 6일 08시,금요일,제주특별자치도 제주시 연동,중상사고,0,1,4,0,차대차 - 측면직각충돌,신호위반,건조,맑음,교차로 - 교차로안,승합,남,45세,상해없음,승용,남,35세,중상
2014060600100138,2014년 6월 6일 08시,금요일,제주특별자치도 제주시 용담삼동,중상사고,0,1,0,0,차대사람 - 기타,안전운전불이행,건조,맑음,단일로 - 기타,승용,여,49세,상해없음,보행자,남,74세,중상
2014060600100215,2014년 6월 6일 11시,금요일,제주특별자치도 제주시 조천읍,경상사고,0,0,2,0,차대차 - 정면충돌,중앙선침범,건조,맑음,단일로 - 기타,화물,남,54세,상해없음,승용,여,26세,상해없음
2014060600100232,2014년 6월 6일 12시,금요일,제주특별자치도 서귀포시 안덕면,중상사고,0,6,2,0,차대차 - 기타,직진우회전진행방해,건조,맑음,교차로 - 교차로안,승용,여,24세,상해없음,승합,남,42세,상해없음
2014060600100233,2014년 6월 6일 12시,금요일,제주특별자치도 서귀포시 동홍동,중상사고,0,1,1,0,차대차 - 추돌 - 진행중,중앙선침범,건조,맑음,단일로 - 기타,승용,남,67세,상해없음,화물,남,45세,중상
2014060600100385,2014년 6월 6일 16시,금요일,제주특별자치도 제주시 애월읍,경상사고,0,0,2,0,차대차 - 기타,안전운전불이행,건조,맑음,단일로 - 기타,승용,여,60세,상해없음,승용,남,31세,경상
2014060600100424,2014년 6월 6일 17시,금요일,제주특별자치도 서귀포시 대정읍,중상사고,0,1,1,0,차대차 - 기타,교차로운행방법위반,건조,맑음,교차로 - 교차로안,승용,남,40세,상해없음,화물,남,57세,경상
2014060600100469,2014년 6월 6일 18시,금요일,제주특별자치도 제주시 삼도일동,중상사고,0,1,0,0,차대차 - 추돌 - 진행중,직진우회전진행방해,건조,맑음,교차로 - 교차로안,승용,남,66세,상해없음,화물,여,57세,중상
2014060600100499,2014년 6월 6일 19시,금요일,제주특별자치도 제주시 용담이동,경상사고,0,0,1,2,차대차 - 기타,안전거리미확보,건조,맑음,단일로 - 기타,승용,남,54세,상해없음,승합,남,43세,상해없음
2014060600100562,2014년 6월 6일 21시,금요일,제주특별자치도 제주시 도남동,경상사고,0,0,1,0,차대차 - 추돌 - 진행중,안전운전불이행,건조,맑음,교차로 - 교차로부근,승용,남,60세,상해없음,승용,남,58세,경상
2014060600100563,2014년 6월 6일 21시,금요일,제주특별자치도 서귀포시 남원읍,중상사고,0,1,0,0,차량단독 - 전도전복,안전운전불이행,건조,맑음,단일로 - 기타,승용,남,48세,중상,,,,
2014060600100624,2014년 6월 6일 23시,금요일,제주특별자치도 제주시 이도이동,경상사고,0,0,1,0,차대차 - 측면직각충돌,안전운전불이행,건조,맑음,단일로 - 기타,승용,남,50세,상해없음,승용,남,19세,경상
2014060700100047,2014년 6월 7일 03시,토요일,제주특별자치도 제주시 삼도이동,경상사고,0,0,2,0,차대차 - 측면직각충돌,교차로운행방법위반,기타,맑음,교차로 - 교차로안,승용,남,71세,상해없음,승용,남,45세,경상
2014060700100127,2014년 6월 7일 08시,토요일,제주특별자치도 서귀포시 서귀동,경상사고,0,0,1,0,차대차 - 측면직각충돌,직진우회전진행방해,건조,맑음,교차로 - 교차로안,승합,남,69세,상해없음,승용,남,46세,경상
2014060700100178,2014년 6월 7일 10시,토요일,제주특별자치도 제주시 회천동,경상사고,0,0,1,0,차대차 - 측면직각충돌,안전운전불이행,건조,맑음,단일로 - 기타,원동기,남,39세,경상,승용,남,33세,상해없음
2014060700100179,2014년 6월 7일 10시,토요일,제주특별자치도 제주시 오라이동,경상사고,0,0,1,0,차대차 - 추돌 - 진행중,신호위반,건조,맑음,교차로 - 교차로부근,화물,남,19세,상해없음,승용,남,56세,상해없음
2014060700100286,2014년 6월 7일 13시,토요일,제주특별자치도 제주시 이도이동,경상사고,0,0,1,0,차대차 - 측면직각충돌,안전운전불이행,건조,맑음,교차로 - 교차로부근,승합,남,57세,상해없음,승용,여,34세,상해없음
2014060700100324,2014년 6월 7일 14시,토요일,제주특별자치도 제주시 아라일동,경상사고,0,0,1,0,차대차 - 측면직각충돌,교차로운행방법위반,건조,맑음,교차로 - 교차로안,승용,남,42세,상해없음,승용,남,43세,경상
2014060700100325,2014년 6월 7일 14시,토요일,제주특별자치도 서귀포시 중문동,중상사고,0,1,0,0,차대차 - 측면직각충돌,안전운전불이행,건조,맑음,교차로 - 교차로안,이륜,남,30세,중상,건설기계,남,42세,상해없음
2014060700100409,2014년 6월 7일 16시,토요일,제주특별자치도 제주시 일도이동,경상사고,0,0,1,0,차대사람 - 횡단중,안전운전불이행,건조,맑음,교차로 - 교차로부근,승용,남,67세,상해없음,보행자,여,12세,경상
2014060700100486,2014년 6월 7일 18시,토요일,제주특별자치도 제주시 해안동,경상사고,0,0,1,0,차대차 - 추돌 - 진행중,안전운전불이행,건조,맑음,단일로 - 기타,승용,남,51세,상해없음,승용,남,31세,경상
2014060700100554,2014년 6월 7일 20시,토요일,제주특별자치도 제주시 화북일동,경상사고,0,0,1,0,차대차 - 정면충돌,중앙선침범,건조,맑음,교차로 - 교차로부근,승용,남,50세,상해없음,이륜,남,31세,경상
2014060700100657,2014년 6월 7일 23시,토요일,제주특별자치도 제주시 애월읍,경상사고,0,0,1,0,차대차 - 기타,안전거리미확보,건조,맑음,단일로 - 기타,승용,남,56세,상해없음,승용,남,59세,경상
2014060800100049,2014년 6월 8일 02시,일요일,제주특별자치도 제주시 연동,경상사고,0,0,1,0,차대차 - 기타,교차로운행방법위반,건조,맑음,교차로 - 교차로안,승용,남,60세,상해없음,자전거,남,22세,경상
2014060800100146,2014년 6월 8일 10시,일요일,제주특별자치도 제주시 이도이동,중상사고,0,2,0,0,차대차 - 추돌 - 주정차중,안전거리미확보,건조,맑음,교차로 - 교차로부근,화물,남,37세,상해없음,승용,여,32세,중상
2014060800100217,2014년 6월 8일 13시,일요일,제주특별자치도 제주시 조천읍,경상사고,0,0,1,0,차대차 - 측면직각충돌,안전운전불이행,건조,맑음,단일로 - 기타,원동기,남,18세,경상,승용,여,45세,상해없음
2014060800100218,2014년 6월 8일 13시,일요일,제주특별자치도 제주시 건입동,경상사고,0,0,2,0,차대차 - 측면직각충돌,안전운전불이행,건조,맑음,교차로 - 교차로부근,승용,남,45세,경상,승합,남,59세,경상
2014060800100240,2014년 6월 8일 14시,일요일,제주특별자치도 제주시 일도이동,경상사고,0,0,2,0,차대차 - 추돌 - 진행중,안전운전불이행,건조,맑음,교차로 - 교차로안,승용,남,46세,상해없음,승용,남,57세,경상
2014060800100268,2014년 6월 8일 15시,일요일,제주특별자치도 서귀포시 동홍동,경상사고,0,0,3,0,차대차 - 측면직각충돌,직진우회전진행방해,건조,맑음,교차로 - 교차로안,승용,남,48세,상해없음,승용,남,46세,상해없음
2014060800100411,2014년 6월 8일 20시,일요일,제주특별자치도 제주시 일도이동,경상사고,0,0,1,0,차대차 - 기타,안전거리미확보,건조,맑음,단일로 - 기타,승용,여,58세,상해없음,이륜,남,16세,경상
2014060800100412,2014년 6월 8일 20시,일요일,제주특별자치도 서귀포시 표선면,경상사고,0,0,1,0,차대차 - 정면충돌,중앙선침범,건조,맑음,단일로 - 기타,승용,남,37세,상해없음,승용,여,46세,경상
2014060800100440,2014년 6월 8일 21시,일요일,제주특별자치도 서귀포시 동홍동,중상사고,0,2,1,0,차대차 - 정면충돌,중앙선침범,건조,맑음,단일로 - 기타,승용,남,72세,상해없음,승용,남,58세,중상
2014060900100015,2014년 6월 9일 01시,월요일,제주특별자치도 제주시 노형동,경상사고,0,0,2,0,차대차 - 추돌 - 주정차중,안전운전불이행,건조,맑음,단일로 - 기타,승용,남,36세,상해없음,승용,남,49세,경상
2014060900100031,2014년 6월 9일 04시,월요일,제주특별자치도 제주시 연동,경상사고,0,0,1,0,차대사람 - 기타,안전운전불이행,건조,맑음,단일로 - 기타,기타불명,기타불명,기타불명,기타불명,보행자,남,25세,경상
2014060900100085,2014년 6월 9일 07시,월요일,제주특별자치도 제주시 이도이동,중상사고,0,1,0,0,차대사람 - 횡단중,보행자보호의무위반,건조,흐림,교차로 - 교차로부근,승용,남,35세,상해없음,보행자,여,13세,중상
2014060900100086,2014년 6월 9일 07시,월요일,제주특별자치도 제주시 아라일동,경상사고,0,0,1,0,차대차 - 측면직각충돌,안전거리미확보,건조,맑음,단일로 - 기타,승용,남,47세,상해없음,승용,여,34세,상해없음
2014060900100087,2014년 6월 9일 07시,월요일,제주특별자치도 서귀포시 대정읍,부상신고사고,0,0,0,1,차대차 - 기타,직진우회전진행방해,건조,맑음,교차로 - 교차로안,원동기,남,77세,부상신고,승용,남,77세,상해없음
2014060900100112,2014년 6월 9일 08시,월요일,제주특별자치도 제주시 영평동,경상사고,0,0,1,0,차대차 - 측면직각충돌,직진우회전진행방해,건조,맑음,교차로 - 교차로부근,화물,남,61세,상해없음,승용,여,51세,경상
2014060900100174,2014년 6월 9일 10시,월요일,제주특별자치도 제주시 용담이동,경상사고,0,0,1,0,차대차 - 기타,안전운전불이행,건조,맑음,교차로 - 교차로안,승용,남,22세,상해없음,승용,남,22세,경상
2014060900100201,2014년 6월 9일 11시,월요일,제주특별자치도 서귀포시 남원읍,경상사고,0,0,1,0,차량단독 - 공작물충돌,안전운전불이행,건조,맑음,단일로 - 기타,화물,남,20세,경상,,,,
2014060900100202,2014년 6월 9일 11시,월요일,제주특별자치도 제주시 노형동,경상사고,0,0,2,0,차대차 - 기타,교차로운행방법위반,건조,맑음,교차로 - 교차로안,승용,여,29세,상해없음,승용,여,50세,경상
2014060900100203,2014년 6월 9일 11시,월요일,제주특별자치도 제주시 노형동,경상사고,0,0,2,0,차대차 - 기타,안전운전불이행,건조,맑음,단일로 - 기타,승용,남,66세,상해없음,승용,여,45세,경상
2014060900100222,2014년 6월 9일 12시,월요일,제주특별자치도 서귀포시 대정읍,중상사고,0,2,0,0,차대차 - 측면직각충돌,신호위반,건조,맑음,교차로 - 교차로안,원동기,남,59세,중상,화물,남,31세,상해없음
2014060900100223,2014년 6월 9일 12시,월요일,제주특별자치도 제주시 해안동,경상사고,0,0,1,1,차대사람 - 기타,안전운전불이행,건조,맑음,단일로 - 기타,승용,남,52세,상해없음,보행자,남,24세,경상
2014060900100251,2014년 6월 9일 13시,월요일,제주특별자치도 서귀포시 안덕면,중상사고,0,1,0,0,차대차 - 측면직각충돌,직진우회전진행방해,건조,맑음,교차로 - 교차로안,화물,남,46세,상해없음,승용,남,45세,상해없음
2014060900100284,2014년 6월 9일 14시,월요일,제주특별자치도 제주시 일도일동,중상사고,0,1,0,0,차대차 - 측면직각충돌,안전운전불이행,건조,맑음,교차로 - 교차로안,승용,여,18세,상해없음,승용,남,45세,중상
2014060900100285,2014년 6월 9일 14시,월요일,제주특별자치도 제주시 봉개동,경상사고,0,0,1,0,차대차 - 측면직각충돌,안전거리미확보,건조,맑음,기타 - 기타,농기계,남,55세,경상,승용,남,45세,상해없음
2014060900100323,2014년 6월 9일 15시,월요일,제주특별자치도 제주시 용담일동,중상사고,0,1,1,0,차대차 - 측면직각충돌,안전운전불이행,건조,맑음,단일로 - 기타,승용,여,62세,상해없음,승용,남,62세,경상
2014060900100324,2014년 6월 9일 15시,월요일,제주특별자치도 서귀포시 안덕면,중상사고,0,1,2,0,차대차 - 측면직각충돌,기타,건조,맑음,교차로 - 교차로안,승합,남,39세,상해없음,화물,남,60세,경상
2014060900100370,2014년 6월 9일 16시,월요일,제주특별자치도 제주시 오라이동,중상사고,0,1,0,0,차량단독 - 공작물충돌,안전운전불이행,건조,맑음,교차로 - 교차로부근,승용,남,56세,중상,,,,
2014060900100417,2014년 6월 9일 17시,월요일,제주특별자치도 제주시 건입동,경상사고,0,0,1,0,차대차 - 측면직각충돌,중앙선침범,기타,맑음,단일로 - 기타,승용,여,34세,상해없음,승합,남,55세,상해없음
2014060900100418,2014년 6월 9일 17시,월요일,제주특별자치도 제주시 화북이동,중상사고,0,1,0,0,차대차 - 측면직각충돌,교차로운행방법위반,건조,맑음,교차로 - 교차로부근,이륜,남,69세,중상,승용,여,46세,상해없음
2014060900100419,2014년 6월 9일 17시,월요일,제주특별자치도 제주시 한림읍,부상신고사고,0,0,0,1,차대차 - 기타,안전운전불이행,건조,맑음,단일로 - 기타,원동기,남,62세,부상신고,승합,남,41세,상해없음
2014060900100534,2014년 6월 9일 20시,월요일,제주특별자치도 제주시 화북이동,경상사고,0,0,2,0,차대차 - 측면직각충돌,안전거리미확보,건조,맑음,단일로 - 기타,승용,남,48세,상해없음,승용,남,30세,경상
2014060900100535,2014년 6월 9일 20시,월요일,제주특별자치도 제주시 일도일동,중상사고,0,2,0,0,차대차 - 측면직각충돌,교차로운행방법위반,건조,맑음,교차로 - 교차로안,승용,여,20세,상해없음,승용,남,57세,중상
2014061000100036,2014년 6월 10일 02시,화요일,제주특별자치도 제주시 연동,경상사고,0,0,1,0,차대차 - 기타,안전운전불이행,건조,맑음,교차로 - 교차로안,원동기,남,51세,경상,승용,여,48세,상해없음
2014061000100090,2014년 6월 10일 07시,화요일,제주특별자치도 서귀포시 남원읍,부상신고사고,0,0,0,1,차대차 - 측면직각충돌,직진우회전진행방해,건조,맑음,교차로 - 교차로안,원동기,여,67세,부상신고,화물,여,57세,상해없음
2014061000100126,2014년 6월 10일 08시,화요일,제주특별자치도 제주시 오라이동,경상사고,0,0,1,0,차대차 - 측면직각충돌,교차로운행방법위반,기타,맑음,교차로 - 교차로안,승용,여,42세,경상,승용,여,43세,상해없음
2014061000100188,2014년 6월 10일 10시,화요일,제주특별자치도 제주시 오라삼동,중상사고,0,1,0,0,차대사람 - 기타,안전운전불이행,건조,맑음,단일로 - 기타,승용,여,75세,상해없음,보행자,남,54세,중상
2014061000100213,2014년 6월 10일 11시,화요일,제주특별자치도 제주시 이도일동,경상사고,0,0,2,0,차대차 - 측면직각충돌,안전운전불이행,건조,맑음,단일로 - 기타,승용,여,38세,경상,승용,남,42세,경상
2014061000100247,2014년 6월 10일 12시,화요일,제주특별자치도 제주시 노형동,경상사고,0,0,1,0,차대차 - 기타,직진우회전진행방해,건조,맑음,교차로 - 교차로안,승용,남,55세,상해없음,승용,여,37세,경상
2014061000100336,2014년 6월 10일 15시,화요일,제주특별자치도 서귀포시 남원읍,중상사고,0,1,1,0,차대차 - 기타,안전거리미확보,건조,맑음,단일로 - 기타,승용,남,45세,상해없음,승용,남,32세,경상
2014061000100337,2014년 6월 10일 15시,화요일,제주특별자치도 서귀포시 대정읍,사망사고,1,0,0,0,차량단독 - 기타,안전운전불이행,건조,맑음,단일로 - 기타,자전거,남,70세,사망,,,,
2014061000100338,2014년 6월 10일 15시,화요일,제주특별자치도 제주시 해안동,부상신고사고,0,0,0,1,차량단독 - 전도전복,안전운전불이행,건조,맑음,단일로 - 기타,승용,남,22세,부상신고,,,,
2014061000100369,2014년 6월 10일 16시,화요일,제주특별자치도 제주시 우도면,경상사고,0,0,1,0,차량단독 - 도로외이탈 - 기타,안전운전불이행,건조,맑음,단일로 - 기타,원동기,여,27세,경상,,,,
2014061000100370,2014년 6월 10일 16시,화요일,제주특별자치도 제주시 도남동,중상사고,0,1,0,0,차대사람 - 횡단중,중앙선침범,건조,맑음,단일로 - 기타,승용,여,40세,상해없음,보행자,남,26세,중상
2014061000100371,2014년 6월 10일 16시,화요일,제주특별자치도 제주시 노형동,중상사고,0,1,0,0,차대사람 - 기타,안전운전불이행,건조,맑음,교차로 - 교차로안,승용,남,47세,상해없음,보행자,여,12세,중상
2014061000100420,2014년 6월 10일 17시,화요일,제주특별자치도 서귀포시 강정동,경상사고,0,0,1,0,차대사람 - 기타,안전운전불이행,건조,맑음,단일로 - 기타,승용,여,43세,상해없음,보행자,남,6세,경상
2014061000100463,2014년 6월 10일 18시,화요일,제주특별자치도 제주시 이도일동,중상사고,0,1,0,0,차대사람 - 횡단중,보행자보호의무위반,건조,맑음,단일로 - 횡단보도상,승합,남,51세,상해없음,보행자,여,44세,중상
2014061000100464,2014년 6월 10일 18시,화요일,제주특별자치도 서귀포시 대정읍,경상사고,0,0,1,0,차량단독 - 기타,안전운전불이행,건조,맑음,단일로 - 기타,승용,여,39세,경상,,,,
2014061000100581,2014년 6월 10일 21시,화요일,제주특별자치도 제주시 연동,경상사고,0,0,3,0,차대차 - 기타,직진우회전진행방해,건조,맑음,교차로 - 교차로안,승용,남,28세,경상,승용,남,46세,경상
2014061100100078,2014년 6월 11일 04시,수요일,제주특별자치도 제주시 일도이동,경상사고,0,0,1,0,차대사람 - 횡단중,안전운전불이행,건조,맑음,단일로 - 횡단보도부근,승용,남,55세,상해없음,보행자,여,25세,경상
2014061100100198,2014년 6월 11일 09시,수요일,제주특별자치도 제주시 오라일동,경상사고,0,0,4,0,차대차 - 측면직각충돌,안전운전불이행,건조,맑음,교차로 - 교차로부근,승용,여,35세,상해없음,화물,남,39세,경상
2014061100100218,2014년 6월 11일 10시,수요일,제주특별자치도 서귀포시 동홍동,경상사고,0,0,2,0,차대차 - 기타,안전거리미확보,건조,맑음,단일로 - 기타,화물,남,34세,상해없음,승용,남,65세,경상
2014061100100219,2014년 6월 11일 10시,수요일,제주특별자치도 제주시 연동,경상사고,0,0,1,0,차대차 - 측면직각충돌,안전운전불이행,건조,맑음,단일로 - 기타,화물,남,34세,상해없음,승합,남,42세,상해없음
2014061100100243,2014년 6월 11일 11시,수요일,제주특별자치도 제주시 우도면,경상사고,0,0,1,0,차대차 - 기타,안전운전불이행,건조,맑음,단일로 - 기타,기타불명,기타불명,기타불명,기타불명,이륜,여,36세,경상
2014061100100244,2014년 6월 11일 11시,수요일,제주특별자치도 제주시 해안동,경상사고,0,0,1,0,차대차 - 측면직각충돌,안전운전불이행,습기,비,단일로 - 기타,승용,여,54세,경상,승용,남,66세,기타불명
2014061100100298,2014년 6월 11일 13시,수요일,제주특별자치도 제주시 도련이동,경상사고,0,0,2,0,차대차 - 측면직각충돌,안전거리미확보,건조,맑음,단일로 - 기타,화물,남,41세,상해없음,승용,여,43세,경상
2014061100100317,2014년 6월 11일 14시,수요일,제주특별자치도 제주시 이도이동,경상사고,0,0,1,0,차대차 - 측면직각충돌,교차로운행방법위반,건조,맑음,교차로 - 교차로안,승용,남,42세,상해없음,승용,여,38세,경상
2014061100100345,2014년 6월 11일 15시,수요일,제주특별자치도 제주시 일도이동,중상사고,0,1,0,0,차대차 - 측면직각충돌,중앙선침범,건조,맑음,단일로 - 기타,승용,남,56세,상해없음,이륜,남,49세,중상
2014061100100457,2014년 6월 11일 18시,수요일,제주특별자치도 제주시 한림읍,중상사고,0,1,0,0,차대차 - 기타,안전운전불이행,건조,맑음,교차로 - 교차로안,승용,남,47세,상해없음,승용,남,38세,중상
2014061100100562,2014년 6월 11일 21시,수요일,제주특별자치도 서귀포시 동홍동,경상사고,0,0,1,0,차대사람 - 기타,안전운전불이행,건조,맑음,교차로 - 교차로안,이륜,남,18세,상해없음,보행자,남,17세,경상
2014061100100602,2014년 6월 11일 22시,수요일,제주특별자치도 제주시 아라일동,중상사고,0,1,0,0,차대차 - 측면직각충돌,교차로운행방법위반,기타,맑음,교차로 - 교차로안,화물,남,21세,상해없음,승용,남,30세,중상
2014061200100077,2014년 6월 12일 05시,목요일,제주특별자치도 서귀포시 서호동,경상사고,0,0,1,0,차량단독 - 공작물충돌,안전운전불이행,건조,맑음,교차로 - 교차로안,승합,남,22세,경상,,,,
2014061200100105,2014년 6월 12일 07시,목요일,제주특별자치도 제주시 도두일동,경상사고,0,0,2,0,차대차 - 기타,안전거리미확보,건조,맑음,단일로 - 기타,승용,남,60세,상해없음,승용,여,50세,경상