사고번호,사고일시,요일,시군구,사고내용,사망자수,중상자수,경상자수,부상신고자수,사고유형,법규위반,노면상태,기상상태,도로형태,가해운전자 차종,가해운전자 성별,가해운전자 연령,가해운전자 상해정도,피해운전자 차종,피해운전자 성별,피해운전자 연령,피해운전자 상해정도
2014071100100089,2014년 7월 11일 06시,금요일,제주특별자치도 서귀포시 하효동,중상사고,0,1,0,0,차대차 - 측면직각충돌,중앙선침범,건조,맑음,단일로 - 기타,원동기,여,68세,중상,승용,여,66세,상해없음
2014071100100286,2014년 7월 11일 12시,금요일,제주특별자치도 제주시 한림읍,부상신고사고,0,0,0,1,차대차 - 기타,안전운전불이행,건조,맑음,교차로 - 교차로안,원동기,여,21세,상해없음,화물,남,49세,상해없음
2014071100100357,2014년 7월 11일 14시,금요일,제주특별자치도 제주시 건입동,경상사고,0,0,1,0,차대차 - 기타,안전운전불이행,건조,맑음,교차로 - 교차로안,이륜,남,20세,경상,이륜,남,41세,상해없음
2014071100100358,2014년 7월 11일 14시,금요일,제주특별자치도 제주시 이도이동,경상사고,0,0,1,0,차대사람 - 횡단중,보행자보호의무위반,건조,맑음,단일로 - 횡단보도상,승용,여,44세,상해없음,보행자,남,7세,경상
2014071100100482,2014년 7월 11일 17시,금요일,제주특별자치도 제주시 건입동,부상신고사고,0,0,0,1,차대차 - 측면직각충돌,안전거리미확보,기타,맑음,단일로 - 기타,자전거,남,16세,부상신고,승용,여,58세,상해없음
2014071100100581,2014년 7월 11일 19시,금요일,제주특별자치도 제주시 용담이동,경상사고,0,0,1,0,차대차 - 기타,안전운전불이행,건조,맑음,단일로 - 기타,승용,남,42세,상해없음,승용,남,21세,경상
2014071200100023,2014년 7월 12일 00시,토요일,제주특별자치도 제주시 이호이동,경상사고,0,0,1,0,차대차 - 기타,안전운전불이행,건조,맑음,교차로 - 교차로부근,승용,여,34세,상해없음,승용,남,40세,경상
2014071200100068,2014년 7월 12일 02시,토요일,제주특별자치도 서귀포시 강정동,경상사고,0,0,1,0,차량단독 - 기타,안전운전불이행,건조,맑음,단일로 - 기타,원동기,남,21세,상해없음,,,,
2014071200100117,2014년 7월 12일 05시,토요일,제주특별자치도 제주시 조천읍,경상사고,0,0,1,0,차량단독 - 공작물충돌,안전운전불이행,건조,맑음,단일로 - 기타,승용,남,28세,경상,,,,
2014071200100118,2014년 7월 12일 05시,토요일,제주특별자치도 제주시 화북이동,중상사고,0,1,0,0,차대차 - 측면직각충돌,안전운전불이행,건조,맑음,교차로 - 교차로부근,승용,남,34세,상해없음,승용,여,37세,중상
2014071200100200,2014년 7월 12일 09시,토요일,제주특별자치도 서귀포시 하효동,경상사고,0,0,1,1,차대차 - 추돌 - 주정차중,안전운전불이행,습기,비,단일로 - 기타,화물,여,58세,부상신고,화물,남,51세,경상
2014071200100302,2014년 7월 12일 12시,토요일,제주특별자치도 제주시 건입동,중상사고,0,1,0,0,차대사람 - 횡단중,안전운전불이행,기타,맑음,단일로 - 횡단보도부근,승용,여,43세,상해없음,보행자,남,7세,중상
2014071200100385,2014년 7월 12일 15시,토요일,제주특별자치도 서귀포시 남원읍,사망사고,1,0,0,0,차량단독 - 공작물충돌,안전운전불이행,습기,비,단일로 - 기타,이륜,남,78세,사망,,,,
2014071200100487,2014년 7월 12일 19시,토요일,제주특별자치도 제주시 노형동,경상사고,0,0,1,0,차대차 - 기타,신호위반,건조,맑음,교차로 - 교차로안,승용,남,24세,상해없음,원동기,남,35세,경상
2014071200100559,2014년 7월 12일 21시,토요일,제주특별자치도 제주시 삼도일동,경상사고,0,0,1,0,차대사람 - 횡단중,보행자보호의무위반,습기,비,교차로 - 교차로부근,승합,남,58세,상해없음,보행자,여,14세,경상
2014071200100560,2014년 7월 12일 21시,토요일,제주특별자치도 제주시 한경면,경상사고,0,0,1,0,차대차 - 기타,안전거리미확보,건조,맑음,교차로 - 교차로부근,승용,남,52세,상해없음,승용,여,55세,경상
2014071200100608,2014년 7월 12일 23시,토요일,제주특별자치도 제주시 애월읍,경상사고,0,0,2,0,차량단독 - 공작물충돌,안전운전불이행,습기,비,단일로 - 기타,승용,남,21세,경상,,,,
2014071300100067,2014년 7월 13일 02시,일요일,제주특별자치도 제주시 조천읍,경상사고,0,0,1,0,차량단독 - 공작물충돌,안전운전불이행,습기,비,교차로 - 교차로부근,승합,남,43세,경상,,,,
2014071300100113,2014년 7월 13일 05시,일요일,제주특별자치도 제주시 연동,경상사고,0,0,1,0,차대차 - 기타,안전거리미확보,습기,비,단일로 - 기타,승용,남,22세,상해없음,승용,여,38세,경상
2014071300100175,2014년 7월 13일 09시,일요일,제주특별자치도 제주시 구좌읍,경상사고,0,0,1,0,차량단독 - 전도전복,안전운전불이행,습기,흐림,단일로 - 기타,승용,남,45세,경상,,,,
2014071300100176,2014년 7월 13일 09시,일요일,제주특별자치도 서귀포시 하효동,중상사고,0,2,0,0,차대사람 - 기타,신호위반,건조,흐림,교차로 - 교차로부근,자전거,남,45세,중상,보행자,여,73세,중상
2014071300100254,2014년 7월 13일 13시,일요일,제주특별자치도 제주시 구좌읍,중상사고,0,2,1,0,차량단독 - 공작물충돌,안전운전불이행,습기,흐림,단일로 - 기타,승용,남,33세,중상,,,,
2014071300100298,2014년 7월 13일 14시,일요일,제주특별자치도 제주시 아라일동,중상사고,0,2,4,0,차대차 - 정면충돌,중앙선침범,습기,비,단일로 - 기타,승용,남,38세,경상,승용,남,21세,경상
2014071300100415,2014년 7월 13일 18시,일요일,제주특별자치도 제주시 이도이동,경상사고,0,0,1,0,차대차 - 측면직각충돌,안전거리미확보,기타,맑음,단일로 - 기타,승용,남,32세,상해없음,승용,남,57세,경상
2014071300100416,2014년 7월 13일 18시,일요일,제주특별자치도 제주시 노형동,경상사고,0,0,1,0,차대차 - 기타,안전운전불이행,건조,흐림,교차로 - 교차로안,승용,남,26세,상해없음,원동기,남,39세,경상
2014071300100529,2014년 7월 13일 23시,일요일,제주특별자치도 제주시 구좌읍,중상사고,0,1,0,0,차대사람 - 기타,안전운전불이행,건조,흐림,단일로 - 기타,승용,남,43세,상해없음,보행자,남,40세,중상
2014071400100012,2014년 7월 14일 00시,월요일,제주특별자치도 제주시 연동,경상사고,0,0,1,0,차대차 - 기타,안전운전불이행,건조,맑음,단일로 - 기타,승용,여,40세,상해없음,승용,남,30세,경상
2014071400100034,2014년 7월 14일 02시,월요일,제주특별자치도 제주시 이호이동,중상사고,0,1,0,0,차대차 - 기타,안전운전불이행,건조,흐림,단일로 - 기타,승용,남,29세,중상,화물,남,62세,기타불명
2014071400100091,2014년 7월 14일 07시,월요일,제주특별자치도 제주시 화북이동,경상사고,0,0,1,0,차대차 - 측면직각충돌,안전거리미확보,건조,맑음,단일로 - 기타,특수,남,55세,상해없음,승용,여,24세,경상
2014071400100209,2014년 7월 14일 11시,월요일,제주특별자치도 제주시 오라일동,경상사고,0,0,1,0,차대차 - 측면직각충돌,안전거리미확보,건조,맑음,기타 - 기타,승용,여,59세,상해없음,승용,여,45세,경상
2014071400100229,2014년 7월 14일 12시,월요일,제주특별자치도 제주시 애월읍,중상사고,0,1,0,0,차대사람 - 기타,안전운전불이행,건조,맑음,교차로 - 교차로부근,화물,남,51세,상해없음,보행자,남,27세,중상
2014071400100320,2014년 7월 14일 15시,월요일,제주특별자치도 제주시 우도면,중상사고,0,1,0,0,차대차 - 측면직각충돌,안전운전불이행,건조,맑음,단일로 - 기타,원동기,여,19세,상해없음,승용,남,53세,중상
2014071500100144,2014년 7월 15일 09시,화요일,제주특별자치도 서귀포시 호근동,경상사고,0,0,1,0,차대차 - 추돌 - 진행중,직진우회전진행방해,건조,맑음,교차로 - 교차로안,승용,남,51세,상해없음,건설기계,남,41세,경상
2014071500100239,2014년 7월 15일 12시,화요일,제주특별자치도 서귀포시 서호동,경상사고,0,0,2,0,차대차 - 측면직각충돌,기타,습기,흐림,교차로 - 교차로안,승용,남,46세,기타불명,승용,남,33세,경상
2014071500100266,2014년 7월 15일 13시,화요일,제주특별자치도 서귀포시 도순동,중상사고,0,1,0,0,차대차 - 추돌 - 진행중,중앙선침범,건조,맑음,교차로 - 교차로안,이륜,남,63세,중상,화물,남,58세,상해없음
2014071500100267,2014년 7월 15일 13시,화요일,제주특별자치도 서귀포시 강정동,경상사고,0,0,1,0,차대차 - 측면직각충돌,직진우회전진행방해,습기,흐림,교차로 - 교차로안,화물,남,61세,경상,승용,남,25세,상해없음
2014071500100268,2014년 7월 15일 13시,화요일,제주특별자치도 제주시 노형동,중상사고,0,1,0,0,차대차 - 기타,안전거리미확보,건조,맑음,단일로 - 기타,승용,여,38세,중상,건설기계,남,59세,상해없음
2014071500100327,2014년 7월 15일 15시,화요일,제주특별자치도 제주시 삼도일동,부상신고사고,0,0,0,1,차대차 - 측면직각충돌,안전운전불이행,습기,비,교차로 - 교차로안,기타불명,기타불명,기타불명,기타불명,자전거,여,10세,부상신고
2014071500100403,2014년 7월 15일 17시,화요일,제주특별자치도 제주시 이도이동,경상사고,0,0,1,0,차대사람 - 횡단중,신호위반,습기,비,단일로 - 횡단보도상,승용,여,29세,상해없음,보행자,남,16세,경상
2014071500100486,2014년 7월 15일 19시,화요일,제주특별자치도 제주시 삼도일동,중상사고,0,1,0,0,차대차 - 측면직각충돌,안전거리미확보,습기,맑음,단일로 - 기타,화물,남,59세,상해없음,승용,여,50세,상해없음
2014071500100487,2014년 7월 15일 19시,화요일,제주특별자치도 서귀포시 색달동,중상사고,0,1,0,0,차대사람 - 기타,안전운전불이행,습기,비,기타 - 기타,승용,남,57세,상해없음,보행자,여,57세,중상
2014071500100488,2014년 7월 15일 19시,화요일,제주특별자치도 제주시 노형동,경상사고,0,0,3,1,차대차 - 측면직각충돌,교차로운행방법위반,습기,비,단일로 - 기타,승용,여,39세,부상신고,승용,여,42세,경상
2014071500100523,2014년 7월 15일 20시,화요일,제주특별자치도 제주시 일도이동,경상사고,0,0,1,0,차대사람 - 횡단중,보행자보호의무위반,습기,비,단일로 - 횡단보도상,승합,남,51세,상해없음,보행자,여,58세,경상
2014071500100524,2014년 7월 15일 20시,화요일,제주특별자치도 서귀포시 서귀동,경상사고,0,0,2,0,차대차 - 기타,안전거리미확보,건조,맑음,교차로 - 교차로안,승용,여,51세,상해없음,승용,남,33세,경상
2014071500100525,2014년 7월 15일 20시,화요일,제주특별자치도 제주시 외도일동,경상사고,0,0,1,0,차대사람 - 기타,안전운전불이행,습기,비,단일로 - 기타,승용,남,65세,상해없음,보행자,남,33세,경상
2014071500100644,2014년 7월 15일 23시,화요일,제주특별자치도 제주시 이도이동,사망사고,1,0,0,0,차대사람 - 기타,안전운전불이행,기타,비,단일로 - 기타,승용,남,48세,상해없음,보행자,남,48세,사망
2014071500100645,2014년 7월 15일 23시,화요일,제주특별자치도 서귀포시 색달동,중상사고,0,2,0,0,차대차 - 정면충돌,신호위반,습기,비,교차로 - 교차로안,승용,남,25세,상해없음,승용,남,32세,중상
2014071600100051,2014년 7월 16일 04시,수요일,제주특별자치도 제주시 노형동,중상사고,0,2,0,0,차대차 - 기타,직진우회전진행방해,건조,맑음,교차로 - 교차로안,승용,남,27세,상해없음,원동기,남,41세,중상
2014071600100162,2014년 7월 16일 09시,수요일,제주특별자치도 제주시 오라일동,경상사고,0,0,1,0,차대차 - 측면직각충돌,안전운전불이행,습기,흐림,교차로 - 교차로부근,승용,여,21세,상해없음,승용,남,49세,경상
2014071600100163,2014년 7월 16일 09시,수요일,제주특별자치도 서귀포시 법환동,경상사고,0,0,1,0,차대차 - 측면직각충돌,직진우회전진행방해,건조,맑음,교차로 - 교차로안,승용,남,61세,기타불명,승용,남,55세,경상
2014071600100213,2014년 7월 16일 11시,수요일,제주특별자치도 제주시 애월읍,경상사고,0,0,1,0,차대차 - 기타,직진우회전진행방해,건조,맑음,교차로 - 교차로안,화물,여,49세,상해없음,화물,남,34세,경상
2014071600100308,2014년 7월 16일 14시,수요일,제주특별자치도 제주시 용담이동,경상사고,0,0,1,0,차대차 - 측면직각충돌,안전운전불이행,건조,맑음,단일로 - 기타,승용,남,28세,상해없음,승용,남,24세,경상
2014071600100387,2014년 7월 16일 16시,수요일,제주특별자치도 서귀포시 서귀동,부상신고사고,0,0,0,1,차대차 - 기타,안전운전불이행,건조,맑음,교차로 - 교차로안,이륜,남,71세,부상신고,승용,여,35세,상해없음
2014071600100440,2014년 7월 16일 17시,수요일,제주특별자치도 제주시 연동,부상신고사고,0,0,0,1,차대차 - 기타,안전운전불이행,건조,흐림,기타 - 기타,기타불명,기타불명,기타불명,기타불명,자전거,남,17세,부상신고
2014071700100152,2014년 7월 17일 08시,목요일,제주특별자치도 제주시 일도이동,경상사고,0,0,2,0,차대차 - 측면직각충돌,안전운전불이행,건조,맑음,단일로 - 기타,화물,남,68세,상해없음,승용,여,36세,경상
2014071700100226,2014년 7월 17일 10시,목요일,제주특별자치도 제주시 도남동,경상사고,0,0,1,0,차대차 - 측면직각충돌,교차로운행방법위반,건조,맑음,교차로 - 교차로안,승용,남,50세,상해없음,이륜,남,40세,경상
2014071700100227,2014년 7월 17일 10시,목요일,제주특별자치도 제주시 연동,경상사고,0,0,1,0,차대차 - 기타,신호위반,건조,맑음,교차로 - 교차로안,승용,남,75세,상해없음,승용,남,46세,경상
2014071700100247,2014년 7월 17일 11시,목요일,제주특별자치도 서귀포시 남원읍,경상사고,0,0,1,0,차대차 - 측면직각충돌,직진우회전진행방해,건조,맑음,교차로 - 교차로안,화물,남,55세,경상,승용,남,54세,상해없음
2014071700100248,2014년 7월 17일 11시,목요일,제주특별자치도 서귀포시 안덕면,경상사고,0,0,1,0,차대차 - 추돌 - 진행중,안전운전불이행,건조,맑음,교차로 - 교차로안,화물,남,34세,상해없음,승용,남,50세,경상
2014071700100288,2014년 7월 17일 12시,목요일,제주특별자치도 서귀포시 남원읍,부상신고사고,0,0,0,1,차량단독 - 전도전복,안전운전불이행,건조,흐림,단일로 - 기타,이륜,남,53세,부상신고,,,,
2014071700100345,2014년 7월 17일 14시,목요일,제주특별자치도 제주시 이도이동,부상신고사고,0,0,0,1,차대사람 - 횡단중,신호위반,건조,맑음,교차로 - 교차로안,기타불명,기타불명,기타불명,기타불명,보행자,남,10세,부상신고
2014071700100346,2014년 7월 17일 14시,목요일,제주특별자치도 제주시 용담삼동,중상사고,0,1,0,0,차대차 - 기타,안전운전불이행,건조,맑음,단일로 - 기타,화물,남,67세,중상,승용,여,37세,상해없음
2014071700100373,2014년 7월 17일 15시,목요일,제주특별자치도 서귀포시 토평동,경상사고,0,0,1,0,차대차 - 기타,신호위반,건조,맑음,교차로 - 교차로안,승용,남,54세,기타불명,화물,남,26세,경상
2014071700100449,2014년 7월 17일 17시,목요일,제주특별자치도 제주시 우도면,경상사고,0,0,1,0,차대사람 - 기타,안전운전불이행,건조,맑음,단일로 - 기타,원동기,남,47세,상해없음,보행자,여,6세,경상
2014071700100450,2014년 7월 17일 17시,목요일,제주특별자치도 제주시 해안동,경상사고,0,0,1,0,차대차 - 기타,안전운전불이행,건조,맑음,단일로 - 기타,화물,남,49세,상해없음,승용,남,52세,경상
2014071700100526,2014년 7월 17일 19시,목요일,제주특별자치도 제주시 연동,중상사고,0,1,0,0,차대사람 - 기타,안전운전불이행,건조,맑음,단일로 - 기타,화물,남,29세,상해없음,보행자,남,6세,중상
2014071700100604,2014년 7월 17일 21시,목요일,제주특별자치도 제주시 연동,중상사고,0,1,0,0,차대사람 - 기타,안전운전불이행,건조,맑음,단일로 - 기타,승용,여,54세,상해없음,보행자,남,46세,중상
2014071700100635,2014년 7월 17일 22시,목요일,제주특별자치도 서귀포시 동홍동,중상사고,0,1,0,0,차대사람 - 횡단중,보행자보호의무위반,건조,맑음,단일로 - 횡단보도상,승용,남,47세,상해없음,보행자,여,64세,중상
2014071800100245,2014년 7월 18일 11시,금요일,제주특별자치도 서귀포시 동홍동,경상사고,0,0,2,0,차대차 - 기타,직진우회전진행방해,건조,맑음,교차로 - 교차로안,승용,남,22세,경상,승합,남,32세,상해없음
2014071800100267,2014년 7월 18일 12시,금요일,제주특별자치도 제주시 용담일동,부상신고사고,0,0,0,1,차대차 - 측면직각충돌,안전운전불이행,건조,맑음,교차로 - 교차로안,기타불명,기타불명,기타불명,기타불명,자전거,남,14세,부상신고
2014071800100268,2014년 7월 18일 12시,금요일,제주특별자치도 제주시 용담일동,경상사고,0,0,2,0,차대차 - 측면직각충돌,신호위반,건조,맑음,교차로 - 교차로안,기타불명,기타불명,기타불명,기타불명,이륜,남,22세,경상
2014071800100269,2014년 7월 18일 12시,금요일,제주특별자치도 제주시 도두일동,경상사고,0,0,1,0,차대차 - 기타,신호위반,건조,맑음,교차로 - 교차로안,승용,여,58세,상해없음,승용,여,51세,경상
2014071800100298,2014년 7월 18일 13시,금요일,제주특별자치도 제주시 이도이동,경상사고,0,0,1,0,차대사람 - 횡단중,보행자보호의무위반,건조,맑음,교차로 - 교차로안,승용,여,33세,상해없음,보행자,여,43세,경상
2014071800100299,2014년 7월 18일 13시,금요일,제주특별자치도 서귀포시 대정읍,경상사고,0,0,1,0,차대차 - 기타,안전운전불이행,건조,흐림,교차로 - 교차로안,화물,남,44세,상해없음,승용,여,48세,경상
2014071800100338,2014년 7월 18일 14시,금요일,제주특별자치도 제주시 노형동,부상신고사고,0,0,0,1,차대차 - 기타,신호위반,건조,맑음,교차로 - 교차로안,원동기,남,47세,부상신고,승용,여,30세,상해없음
2014071800100372,2014년 7월 18일 15시,금요일,제주특별자치도 제주시 애월읍,경상사고,0,0,1,0,차대차 - 기타,신호위반,건조,맑음,단일로 - 기타,원동기,남,64세,경상,승용,남,29세,상해없음
2014071800100373,2014년 7월 18일 15시,금요일,제주특별자치도 제주시 노형동,경상사고,0,0,1,0,차대사람 - 기타,안전운전불이행,건조,맑음,단일로 - 기타,승합,남,40세,상해없음,보행자,남,54세,경상
2014071800100419,2014년 7월 18일 16시,금요일,제주특별자치도 제주시 연동,중상사고,0,1,0,0,차대사람 - 횡단중,안전운전불이행,건조,맑음,단일로 - 기타,승용,남,54세,상해없음,보행자,남,67세,중상
2014071900100019,2014년 7월 19일 00시,토요일,제주특별자치도 제주시 이도이동,경상사고,0,0,1,0,차대사람 - 횡단중,안전운전불이행,건조,맑음,기타 - 기타,승용,남,59세,상해없음,보행자,남,36세,경상
2014071900100069,2014년 7월 19일 03시,토요일,제주특별자치도 제주시 연동,중상사고,0,2,2,0,차대차 - 기타,신호위반,건조,흐림,교차로 - 교차로안,승용,남,43세,경상,승용,남,27세,중상
2014071900100090,2014년 7월 19일 04시,토요일,제주특별자치도 제주시 애월읍,중상사고,0,1,2,1,차대차 - 추돌 - 주정차중,안전운전불이행,건조,맑음,교차로 - 교차로안,승용,여,51세,부상신고,승용,남,73세,경상
2014071900100203,2014년 7월 19일 10시,토요일,제주특별자치도 서귀포시 중문동,경상사고,0,0,4,0,차대차 - 기타,직진우회전진행방해,건조,맑음,교차로 - 교차로안,승용,여,40세,상해없음,승용,여,25세,경상
2014071900100204,2014년 7월 19일 10시,토요일,제주특별자치도 서귀포시 동홍동,경상사고,0,0,4,0,차대차 - 추돌 - 진행중,안전운전불이행,건조,맑음,단일로 - 기타,승합,남,41세,상해없음,승용,남,35세,경상
2014071900100205,2014년 7월 19일 10시,토요일,제주특별자치도 제주시 용담이동,경상사고,0,0,1,0,차대차 - 기타,안전운전불이행,건조,맑음,단일로 - 기타,승합,남,26세,경상,승합,남,38세,상해없음
2014071900100206,2014년 7월 19일 10시,토요일,제주특별자치도 제주시 도평동,중상사고,0,1,2,2,차대차 - 측면직각충돌,신호위반,건조,맑음,교차로 - 교차로안,승용,여,32세,부상신고,승용,여,32세,경상
2014071900100322,2014년 7월 19일 13시,토요일,제주특별자치도 서귀포시 동홍동,부상신고사고,0,0,0,2,차대차 - 추돌 - 주정차중,안전운전불이행,건조,맑음,단일로 - 기타,승용,여,62세,상해없음,승용,여,29세,부상신고
2014071900100323,2014년 7월 19일 13시,토요일,제주특별자치도 제주시 해안동,중상사고,0,2,2,0,차대차 - 기타,안전운전불이행,건조,흐림,교차로 - 교차로안,승용,남,42세,상해없음,승용,남,40세,경상
2014071900100324,2014년 7월 19일 13시,토요일,제주특별자치도 제주시 노형동,경상사고,0,0,1,0,차대사람 - 횡단중,안전운전불이행,건조,맑음,교차로 - 교차로부근,기타불명,기타불명,기타불명,기타불명,보행자,남,9세,경상
2014071900100596,2014년 7월 19일 21시,토요일,제주특별자치도 제주시 외도일동,경상사고,0,0,2,0,차대차 - 기타,안전운전불이행,습기,비,단일로 - 기타,승용,남,53세,상해없음,승용,여,42세,경상
2014071900100620,2014년 7월 19일 22시,토요일,제주특별자치도 제주시 삼도이동,경상사고,0,0,3,0,차량단독 - 공작물충돌,안전운전불이행,건조,맑음,교차로 - 교차로안,승용,남,48세,상해없음,,,,
2014071900100652,2014년 7월 19일 23시,토요일,제주특별자치도 서귀포시 월평동,부상신고사고,0,0,0,1,차량단독 - 기타,안전운전불이행,습기,비,단일로 - 기타,원동기,남,57세,부상신고,,,,
2014072000100020,2014년 7월 20일 00시,일요일,제주특별자치도 제주시 삼도일동,사망사고,1,0,0,0,차대사람 - 횡단중,보행자보호의무위반,건조,기타,단일로 - 횡단보도상,승용,남,25세,상해없음,보행자,남,52세,사망
2014072000100021,2014년 7월 20일 00시,일요일,제주특별자치도 제주시 도남동,경상사고,0,0,1,0,차대차 - 기타,교차로운행방법위반,기타,맑음,교차로 - 교차로안,승용,남,40세,경상,승용,남,38세,상해없음
2014072000100037,2014년 7월 20일 01시,일요일,제주특별자치도 서귀포시 서귀동,경상사고,0,0,2,0,차대차 - 기타,직진우회전진행방해,건조,맑음,교차로 - 교차로안,승용,여,43세,상해없음,승용,여,53세,경상
2014072000100051,2014년 7월 20일 02시,일요일,제주특별자치도 제주시 연동,중상사고,0,2,2,0,차대차 - 기타,안전운전불이행,건조,맑음,교차로 - 교차로부근,승합,남,28세,경상,승용,남,54세,중상
2014072000100154,2014년 7월 20일 10시,일요일,제주특별자치도 제주시 일도이동,경상사고,0,0,1,0,차대차 - 측면직각충돌,안전거리미확보,기타,맑음,단일로 - 기타,승용,여,52세,경상,승용,여,28세,상해없음
2014072000100202,2014년 7월 20일 12시,일요일,제주특별자치도 제주시 구좌읍,경상사고,0,0,1,0,차량단독 - 공작물충돌,안전운전불이행,건조,맑음,단일로 - 기타,승용,여,51세,상해없음,,,,
2014072000100356,2014년 7월 20일 17시,일요일,제주특별자치도 서귀포시 성산읍,경상사고,0,0,1,0,차대차 - 기타,안전운전불이행,건조,맑음,단일로 - 기타,승용,남,55세,경상,승용,남,50세,상해없음
2014072000100432,2014년 7월 20일 20시,일요일,제주특별자치도 제주시 노형동,중상사고,0,1,0,0,차대차 - 기타,중앙선침범,건조,맑음,단일로 - 기타,승용,여,53세,상해없음,승용,남,30세,상해없음
2014072000100460,2014년 7월 20일 21시,일요일,제주특별자치도 제주시 도련일동,경상사고,0,0,2,1,차대차 - 측면직각충돌,신호위반,건조,흐림,교차로 - 교차로안,승용,여,21세,경상,승용,남,30세,경상
2014072000100461,2014년 7월 20일 21시,일요일,제주특별자치도 제주시 일도이동,경상사고,0,0,1,0,차대차 - 측면직각충돌,안전운전불이행,건조,맑음,교차로 - 교차로부근,승용,남,53세,상해없음,승용,남,38세,상해없음
2014072100100031,2014년 7월 21일 02시,월요일,제주특별자치도 제주시 용담일동,경상사고,0,0,1,0,차대사람 - 횡단중,보행자보호의무위반,건조,맑음,교차로 - 교차로부근,승용,남,51세,상해없음,보행자,남,46세,경상
2014072100100195,2014년 7월 21일 11시,월요일,제주특별자치도 제주시 아라일동,경상사고,0,0,1,0,차대차 - 기타,안전운전불이행,건조,맑음,단일로 - 기타,승용,남,41세,상해없음,승용,남,34세,경상
2014072100100196,2014년 7월 21일 11시,월요일,제주특별자치도 제주시 구좌읍,경상사고,0,0,1,0,차대차 - 측면직각충돌,중앙선침범,건조,맑음,단일로 - 기타,승용,남,52세,상해없음,화물,남,41세,경상
2014072100100223,2014년 7월 21일 12시,월요일,제주특별자치도 제주시 이도일동,경상사고,0,0,1,0,차대사람 - 횡단중,안전운전불이행,건조,맑음,단일로 - 기타,승용,남,18세,상해없음,보행자,여,64세,경상
2014072100100224,2014년 7월 21일 12시,월요일,제주특별자치도 서귀포시 토평동,중상사고,0,1,0,0,차대차 - 기타,직진우회전진행방해,건조,맑음,교차로 - 교차로안,화물,남,66세,상해없음,화물,남,61세,중상
2014072100100285,2014년 7월 21일 14시,월요일,제주특별자치도 제주시 일도이동,경상사고,0,0,1,0,차대차 - 추돌 - 주정차중,안전운전불이행,건조,맑음,교차로 - 교차로부근,승용,여,33세,상해없음,승용,남,32세,경상
2014072100100322,2014년 7월 21일 15시,월요일,제주특별자치도 서귀포시 법환동,경상사고,0,0,1,0,차대차 - 측면직각충돌,직진우회전진행방해,건조,맑음,교차로 - 교차로안,승용,남,33세,상해없음,승용,여,39세,상해없음
2014072100100366,2014년 7월 21일 16시,월요일,제주특별자치도 제주시 한경면,경상사고,0,0,2,0,차량단독 - 공작물충돌,안전운전불이행,건조,맑음,단일로 - 기타,승용,여,25세,경상,,,,
2014072100100439,2014년 7월 21일 18시,월요일,제주특별자치도 서귀포시 동홍동,부상신고사고,0,0,0,1,차대사람 - 기타,안전운전불이행,건조,맑음,기타 - 기타,기타불명,기타불명,기타불명,기타불명,보행자,여,8세,부상신고
2014072100100516,2014년 7월 21일 20시,월요일,제주특별자치도 제주시 도남동,부상신고사고,0,0,0,1,차대차 - 기타,안전운전불이행,건조,맑음,교차로 - 교차로부근,자전거,남,14세,부상신고,기타불명,기타불명,기타불명,기타불명
2014072100100555,2014년 7월 21일 21시,월요일,제주특별자치도 서귀포시 색달동,중상사고,0,1,0,0,차대차 - 기타,신호위반,건조,맑음,교차로 - 교차로안,승용,남,26세,상해없음,승용,남,31세,상해없음
2014072200100012,2014년 7월 22일 00시,화요일,제주특별자치도 서귀포시 서귀동,중상사고,0,1,0,0,차대사람 - 기타,안전운전불이행,건조,맑음,단일로 - 기타,승용,남,32세,상해없음,보행자,남,46세,중상
2014072200100085,2014년 7월 22일 07시,화요일,제주특별자치도 제주시 오라일동,경상사고,0,0,1,0,차대차 - 정면충돌,중앙선침범,건조,맑음,교차로 - 교차로부근,승용,여,43세,상해없음,승합,남,59세,상해없음
2014072200100086,2014년 7월 22일 07시,화요일,제주특별자치도 제주시 조천읍,부상신고사고,0,0,0,1,차량단독 - 공작물충돌,안전운전불이행,기타,맑음,단일로 - 기타,승용,여,54세,부상신고,,,,
2014072200100124,2014년 7월 22일 08시,화요일,제주특별자치도 제주시 아라일동,중상사고,0,1,0,0,차대차 - 측면직각충돌,직진우회전진행방해,건조,맑음,교차로 - 교차로안,승용,남,47세,상해없음,승용,남,54세,중상
2014072200100125,2014년 7월 22일 08시,화요일,제주특별자치도 제주시 한림읍,경상사고,0,0,2,0,차대차 - 기타,중앙선침범,건조,맑음,단일로 - 기타,화물,남,66세,상해없음,승용,남,57세,경상
2014072200100155,2014년 7월 22일 09시,화요일,제주특별자치도 제주시 화북일동,경상사고,0,0,1,0,차대차 - 추돌 - 진행중,안전거리미확보,건조,맑음,단일로 - 기타,승용,여,35세,상해없음,승용,여,49세,경상
2014072200100233,2014년 7월 22일 12시,화요일,제주특별자치도 제주시 화북일동,경상사고,0,0,2,0,차대차 - 측면직각충돌,신호위반,건조,맑음,교차로 - 교차로안,승합,남,60세,상해없음,화물,남,40세,경상