사고번호,사고일시,요일,시군구,사고내용,사망자수,중상자수,경상자수,부상신고자수,사고유형,법규위반,노면상태,기상상태,도로형태,가해운전자 차종,가해운전자 성별,가해운전자 연령,가해운전자 상해정도,피해운전자 차종,피해운전자 성별,피해운전자 연령,피해운전자 상해정도
2014081100100515,2014년 8월 11일 19시,월요일,제주특별자치도 서귀포시 대정읍,경상사고,0,0,1,0,차대사람 - 기타,안전운전불이행,건조,맑음,단일로 - 기타,이륜,남,74세,상해없음,보행자,여,74세,경상
2014081100100560,2014년 8월 11일 20시,월요일,제주특별자치도 제주시 용담일동,중상사고,0,1,3,0,차대차 - 추돌 - 진행중,안전운전불이행,건조,맑음,교차로 - 교차로부근,승용,남,34세,상해없음,승용,여,47세,경상
2014081100100598,2014년 8월 11일 21시,월요일,제주특별자치도 제주시 이도이동,경상사고,0,0,1,0,차대차 - 측면직각충돌,신호위반,건조,맑음,교차로 - 교차로안,승용,남,63세,상해없음,원동기,남,45세,경상
2014081200100142,2014년 8월 12일 08시,화요일,제주특별자치도 서귀포시 안덕면,경상사고,0,0,1,0,차대차 - 기타,안전운전불이행,건조,맑음,단일로 - 기타,승용,남,50세,경상,화물,남,48세,상해없음
2014081200100143,2014년 8월 12일 08시,화요일,제주특별자치도 서귀포시 대포동,중상사고,0,1,0,0,차대차 - 기타,안전운전불이행,건조,맑음,교차로 - 교차로부근,농기계,남,72세,중상,화물,남,74세,상해없음
2014081200100183,2014년 8월 12일 09시,화요일,제주특별자치도 제주시 건입동,경상사고,0,0,1,0,차대차 - 측면직각충돌,교차로운행방법위반,건조,맑음,교차로 - 교차로안,승용,여,45세,상해없음,이륜,남,22세,경상
2014081200100184,2014년 8월 12일 09시,화요일,제주특별자치도 제주시 노형동,경상사고,0,0,1,0,차대사람 - 기타,안전운전불이행,건조,맑음,교차로 - 교차로안,승합,남,60세,상해없음,보행자,여,47세,경상
2014081200100247,2014년 8월 12일 11시,화요일,제주특별자치도 서귀포시 상효동,경상사고,0,0,2,0,차대차 - 기타,직진우회전진행방해,건조,맑음,교차로 - 교차로안,승용,여,24세,상해없음,화물,남,23세,경상
2014081200100275,2014년 8월 12일 12시,화요일,제주특별자치도 제주시 용담이동,중상사고,0,1,0,0,차대사람 - 기타,안전운전불이행,건조,맑음,단일로 - 기타,승용,여,53세,상해없음,보행자,남,70세,중상
2014081200100309,2014년 8월 12일 13시,화요일,제주특별자치도 제주시 도남동,경상사고,0,0,1,0,차대차 - 추돌 - 주정차중,안전운전불이행,건조,맑음,단일로 - 기타,승용,여,29세,상해없음,승용,여,38세,경상
2014081200100476,2014년 8월 12일 18시,화요일,제주특별자치도 서귀포시 성산읍,경상사고,0,0,2,0,차대차 - 기타,안전운전불이행,건조,맑음,단일로 - 기타,승용,남,30세,상해없음,승용,남,32세,경상
2014081200100477,2014년 8월 12일 18시,화요일,제주특별자치도 제주시 연동,중상사고,0,1,0,0,차대차 - 기타,안전운전불이행,건조,맑음,교차로 - 교차로안,승용,남,48세,상해없음,자전거,남,12세,중상
2014081200100538,2014년 8월 12일 20시,화요일,제주특별자치도 제주시 외도이동,부상신고사고,0,0,0,1,차대사람 - 기타,안전운전불이행,건조,맑음,단일로 - 기타,승합,남,44세,상해없음,보행자,여,15세,부상신고
2014081200100594,2014년 8월 12일 22시,화요일,제주특별자치도 제주시 용담일동,경상사고,0,0,1,0,차대차 - 측면직각충돌,교차로운행방법위반,건조,흐림,교차로 - 교차로안,승용,남,57세,상해없음,이륜,남,19세,경상
2014081300100030,2014년 8월 13일 01시,수요일,제주특별자치도 서귀포시 색달동,경상사고,0,0,1,0,차대사람 - 기타,안전운전불이행,건조,맑음,단일로 - 기타,승용,여,40세,상해없음,보행자,남,25세,경상
2014081300100083,2014년 8월 13일 06시,수요일,제주특별자치도 서귀포시 남원읍,중상사고,0,1,0,0,차대차 - 측면직각충돌,신호위반,건조,흐림,교차로 - 교차로안,화물,남,34세,상해없음,승용,남,44세,상해없음
2014081300100160,2014년 8월 13일 09시,수요일,제주특별자치도 제주시 용담이동,경상사고,0,0,1,0,차대차 - 측면직각충돌,안전운전불이행,건조,맑음,교차로 - 교차로안,승용,남,21세,상해없음,승용,남,69세,경상
2014081300100185,2014년 8월 13일 10시,수요일,제주특별자치도 제주시 노형동,중상사고,0,1,0,0,차대차 - 기타,차로위반,건조,맑음,단일로 - 기타,승용,남,30세,상해없음,원동기,남,71세,중상
2014081300100255,2014년 8월 13일 12시,수요일,제주특별자치도 제주시 일도이동,경상사고,0,0,1,0,차대사람 - 횡단중,안전운전불이행,건조,맑음,단일로 - 횡단보도상,승용,남,56세,상해없음,보행자,남,10세,경상
2014081300100256,2014년 8월 13일 12시,수요일,제주특별자치도 제주시 구좌읍,경상사고,0,0,1,0,차량단독 - 기타,안전운전불이행,건조,맑음,단일로 - 기타,승합,남,52세,상해없음,,,,
2014081300100283,2014년 8월 13일 13시,수요일,제주특별자치도 제주시 건입동,중상사고,0,1,1,0,차대차 - 측면직각충돌,안전거리미확보,건조,맑음,교차로 - 교차로부근,화물,남,29세,상해없음,승합,남,45세,상해없음
2014081300100318,2014년 8월 13일 14시,수요일,제주특별자치도 제주시 아라일동,사망사고,3,4,0,0,차대차 - 측면직각충돌,중앙선침범,건조,맑음,단일로 - 기타,화물,남,33세,중상,승용,남,47세,사망
2014081300100400,2014년 8월 13일 16시,수요일,제주특별자치도 제주시 일도일동,경상사고,0,0,5,0,차대차 - 측면직각충돌,안전운전불이행,건조,맑음,교차로 - 교차로안,승합,남,32세,상해없음,승용,남,39세,경상
2014081300100438,2014년 8월 13일 17시,수요일,제주특별자치도 제주시 외도일동,중상사고,0,1,0,0,차대사람 - 기타,안전운전불이행,건조,맑음,단일로 - 기타,승용,남,35세,상해없음,보행자,여,4세,중상
2014081300100499,2014년 8월 13일 19시,수요일,제주특별자치도 제주시 노형동,경상사고,0,0,1,0,차대차 - 기타,안전운전불이행,건조,흐림,단일로 - 기타,승용,여,33세,상해없음,자전거,남,16세,경상
2014081300100579,2014년 8월 13일 21시,수요일,제주특별자치도 제주시 이호일동,중상사고,0,1,0,0,차대차 - 기타,안전운전불이행,건조,맑음,교차로 - 교차로안,원동기,남,47세,중상,승용,여,25세,상해없음
2014081300100609,2014년 8월 13일 22시,수요일,제주특별자치도 제주시 화북이동,경상사고,0,0,1,0,차대차 - 추돌 - 주정차중,안전운전불이행,건조,맑음,교차로 - 교차로부근,승용,남,64세,상해없음,승용,여,44세,경상
2014081400100025,2014년 8월 14일 00시,목요일,제주특별자치도 제주시 연동,경상사고,0,0,1,0,차대차 - 기타,안전운전불이행,습기,비,교차로 - 교차로부근,승용,남,42세,상해없음,승용,남,63세,경상
2014081400100039,2014년 8월 14일 01시,목요일,제주특별자치도 제주시 연동,부상신고사고,0,0,0,1,차대사람 - 기타,안전운전불이행,건조,맑음,단일로 - 기타,승용,여,30세,상해없음,보행자,남,51세,부상신고
2014081400100324,2014년 8월 14일 13시,목요일,제주특별자치도 제주시 연동,중상사고,0,1,0,0,차대사람 - 기타,보행자보호의무위반,습기,비,교차로 - 교차로부근,승용,남,70세,상해없음,보행자,여,86세,중상
2014081400100393,2014년 8월 14일 15시,목요일,제주특별자치도 제주시 연동,경상사고,0,0,1,0,차대사람 - 기타,안전운전불이행,습기,비,단일로 - 기타,승용,남,41세,상해없음,보행자,남,24세,경상
2014081400100428,2014년 8월 14일 16시,목요일,제주특별자치도 서귀포시 대포동,경상사고,0,0,1,0,차대차 - 기타,안전운전불이행,습기,안개,단일로 - 기타,화물,남,43세,상해없음,승용,남,37세,경상
2014081400100463,2014년 8월 14일 17시,목요일,제주특별자치도 서귀포시 강정동,사망사고,1,0,0,0,차량단독 - 공작물충돌,안전운전불이행,건조,맑음,교차로 - 교차로부근,원동기,남,55세,사망,,,,
2014081400100497,2014년 8월 14일 18시,목요일,제주특별자치도 서귀포시 서홍동,경상사고,0,0,2,0,차대차 - 추돌 - 진행중,안전운전불이행,건조,맑음,교차로 - 교차로부근,승용,남,34세,상해없음,승용,여,32세,경상
2014081400100581,2014년 8월 14일 20시,목요일,제주특별자치도 서귀포시 서호동,경상사고,0,0,1,0,차대사람 - 횡단중,보행자보호의무위반,건조,흐림,교차로 - 교차로부근,승용,남,29세,상해없음,보행자,여,57세,경상
2014081400100628,2014년 8월 14일 21시,목요일,제주특별자치도 서귀포시 남원읍,경상사고,0,0,1,0,차량단독 - 공작물충돌,안전운전불이행,습기,비,단일로 - 기타,승용,여,57세,경상,,,,
2014081400100666,2014년 8월 14일 22시,목요일,제주특별자치도 제주시 일도이동,경상사고,0,0,1,0,차대사람 - 기타,보행자보호의무위반,습기,비,단일로 - 횡단보도상,승용,남,43세,상해없음,보행자,남,46세,경상
2014081400100705,2014년 8월 14일 23시,목요일,제주특별자치도 제주시 삼양이동,경상사고,0,0,1,0,차대차 - 측면직각충돌,교차로운행방법위반,습기,비,교차로 - 교차로안,승용,여,27세,상해없음,이륜,남,20세,경상
2014081500100145,2014년 8월 15일 07시,금요일,제주특별자치도 제주시 한림읍,중상사고,0,1,0,0,차대차 - 기타,중앙선침범,건조,흐림,교차로 - 교차로부근,승용,남,23세,상해없음,원동기,남,56세,중상
2014081500100167,2014년 8월 15일 08시,금요일,제주특별자치도 제주시 조천읍,경상사고,0,0,1,0,차대차 - 측면직각충돌,중앙선침범,습기,비,단일로 - 기타,승용,남,24세,상해없음,화물,남,62세,경상
2014081500100236,2014년 8월 15일 11시,금요일,제주특별자치도 제주시 화북일동,경상사고,0,0,1,0,차대차 - 측면직각충돌,안전운전불이행,건조,맑음,단일로 - 기타,승용,남,90세 이상,상해없음,이륜,남,90세 이상,경상
2014081500100237,2014년 8월 15일 11시,금요일,제주특별자치도 제주시 연동,중상사고,0,1,0,0,차량단독 - 기타,안전운전불이행,습기,흐림,단일로 - 기타,원동기,남,40세,중상,,,,
2014081500100356,2014년 8월 15일 15시,금요일,제주특별자치도 제주시 해안동,경상사고,0,0,1,0,차대차 - 기타,안전운전불이행,습기,흐림,단일로 - 기타,승합,여,56세,상해없음,승용,남,63세,경상
2014081500100357,2014년 8월 15일 15시,금요일,제주특별자치도 제주시 노형동,경상사고,0,0,1,0,차대차 - 측면직각충돌,안전거리미확보,건조,맑음,단일로 - 기타,승용,남,54세,상해없음,승용,남,59세,상해없음
2014081500100401,2014년 8월 15일 16시,금요일,제주특별자치도 서귀포시 안덕면,경상사고,0,0,2,0,차대차 - 기타,안전운전불이행,습기,흐림,교차로 - 교차로안,승합,남,65세,상해없음,승용,여,35세,경상
2014081500100402,2014년 8월 15일 16시,금요일,제주특별자치도 제주시 연동,경상사고,0,0,4,0,차대차 - 기타,신호위반,건조,맑음,교차로 - 교차로안,승용,남,41세,기타불명,승용,남,34세,경상
2014081500100403,2014년 8월 15일 16시,금요일,제주특별자치도 제주시 용담이동,경상사고,0,0,3,0,차대차 - 기타,안전거리미확보,습기,흐림,단일로 - 기타,승용,남,40세,상해없음,승용,여,57세,상해없음
2014081500100438,2014년 8월 15일 17시,금요일,제주특별자치도 서귀포시 법환동,경상사고,0,0,1,0,차대차 - 기타,안전운전불이행,기타,흐림,단일로 - 기타,승용,남,45세,기타불명,승용,여,44세,상해없음
2014081500100481,2014년 8월 15일 18시,금요일,제주특별자치도 서귀포시 동홍동,경상사고,0,0,1,0,차대차 - 기타,신호위반,건조,맑음,교차로 - 교차로안,승용,남,44세,상해없음,승용,남,34세,경상
2014081500100482,2014년 8월 15일 18시,금요일,제주특별자치도 서귀포시 신효동,부상신고사고,0,0,0,1,차대차 - 기타,직진우회전진행방해,건조,맑음,교차로 - 교차로안,자전거,남,19세,부상신고,승용,남,34세,상해없음
2014081500100483,2014년 8월 15일 18시,금요일,제주특별자치도 제주시 용담이동,경상사고,0,0,1,0,차대사람 - 기타,안전운전불이행,건조,맑음,단일로 - 기타,승용,여,46세,상해없음,보행자,남,45세,경상
2014081500100484,2014년 8월 15일 18시,금요일,제주특별자치도 제주시 한림읍,경상사고,0,0,1,0,차대차 - 측면직각충돌,직진우회전진행방해,건조,맑음,교차로 - 교차로안,승용,남,19세,경상,화물,남,55세,상해없음
2014081500100555,2014년 8월 15일 20시,금요일,제주특별자치도 제주시 오라이동,경상사고,0,0,1,0,차대사람 - 횡단중,보행자보호의무위반,건조,맑음,단일로 - 횡단보도상,승용,남,32세,상해없음,보행자,남,59세,경상
2014081500100556,2014년 8월 15일 20시,금요일,제주특별자치도 제주시 연동,경상사고,0,0,4,0,차대차 - 기타,안전운전불이행,건조,맑음,교차로 - 교차로부근,승용,남,39세,상해없음,승용,여,24세,경상
2014081500100628,2014년 8월 15일 23시,금요일,제주특별자치도 제주시 이도이동,중상사고,0,1,2,0,차대차 - 추돌 - 진행중,안전운전불이행,습기,흐림,교차로 - 교차로부근,승용,남,36세,중상,승용,남,34세,경상
2014081500100629,2014년 8월 15일 23시,금요일,제주특별자치도 제주시 한림읍,중상사고,0,4,1,0,차대차 - 기타,교차로운행방법위반,건조,맑음,교차로 - 교차로안,승용,남,56세,중상,승용,여,64세,중상
2014081600100208,2014년 8월 16일 11시,토요일,제주특별자치도 제주시 외도일동,경상사고,0,0,1,0,차대사람 - 기타,안전운전불이행,건조,맑음,단일로 - 기타,화물,남,39세,상해없음,보행자,남,7세,경상
2014081600100244,2014년 8월 16일 12시,토요일,제주특별자치도 제주시 해안동,경상사고,0,0,3,0,차대차 - 기타,안전거리미확보,건조,맑음,교차로 - 교차로부근,승용,남,40세,상해없음,승용,남,48세,경상
2014081600100387,2014년 8월 16일 16시,토요일,제주특별자치도 제주시 한림읍,경상사고,0,0,1,0,차대차 - 추돌 - 주정차중,안전운전불이행,건조,흐림,단일로 - 기타,승용,남,43세,상해없음,승용,여,23세,경상
2014081600100388,2014년 8월 16일 16시,토요일,제주특별자치도 제주시 노형동,부상신고사고,0,0,0,1,차대차 - 기타,안전운전불이행,건조,맑음,단일로 - 기타,승용,남,38세,상해없음,원동기,남,20세,부상신고
2014081600100389,2014년 8월 16일 16시,토요일,제주특별자치도 제주시 연동,경상사고,0,0,1,0,차대차 - 기타,신호위반,건조,맑음,교차로 - 교차로안,승용,남,39세,상해없음,화물,여,53세,경상
2014081600100593,2014년 8월 16일 22시,토요일,제주특별자치도 제주시 화북일동,중상사고,0,2,0,0,차대차 - 측면직각충돌,안전운전불이행,건조,맑음,기타 - 기타,이륜,남,63세,중상,이륜,남,17세,중상
2014081600100594,2014년 8월 16일 22시,토요일,제주특별자치도 제주시 한경면,경상사고,0,0,1,0,차대차 - 기타,중앙선침범,건조,맑음,단일로 - 기타,승용,남,50세,상해없음,승용,남,73세,경상
2014081600100617,2014년 8월 16일 23시,토요일,제주특별자치도 제주시 한림읍,경상사고,0,0,1,0,차대차 - 추돌 - 진행중,안전운전불이행,건조,맑음,단일로 - 기타,승용,남,22세,상해없음,승용,여,46세,경상
2014081600100618,2014년 8월 16일 23시,토요일,제주특별자치도 제주시 애월읍,부상신고사고,0,0,0,1,차대차 - 측면직각충돌,안전운전불이행,건조,맑음,단일로 - 기타,승용,남,42세,부상신고,승용,남,71세,상해없음
2014081700100013,2014년 8월 17일 00시,일요일,제주특별자치도 서귀포시 색달동,중상사고,0,4,0,0,차대차 - 기타,안전운전불이행,건조,흐림,교차로 - 교차로부근,승용,남,31세,상해없음,승용,남,26세,중상
2014081700100046,2014년 8월 17일 02시,일요일,제주특별자치도 서귀포시 서홍동,중상사고,0,1,0,0,차량단독 - 기타,안전운전불이행,건조,맑음,단일로 - 기타,이륜,남,23세,중상,,,,
2014081700100186,2014년 8월 17일 12시,일요일,제주특별자치도 제주시 삼도일동,중상사고,0,1,0,0,차량단독 - 공작물충돌,안전운전불이행,건조,맑음,단일로 - 기타,승합,남,56세,상해없음,,,,
2014081700100215,2014년 8월 17일 13시,일요일,제주특별자치도 서귀포시 남원읍,경상사고,0,0,3,0,차대차 - 정면충돌,중앙선침범,습기,비,단일로 - 기타,승용,남,21세,상해없음,승용,남,43세,경상
2014081700100216,2014년 8월 17일 13시,일요일,제주특별자치도 제주시 연동,경상사고,0,0,1,0,차대사람 - 기타,안전운전불이행,건조,맑음,단일로 - 기타,승용,여,50세,상해없음,보행자,여,18세,경상
2014081700100238,2014년 8월 17일 14시,일요일,제주특별자치도 제주시 구좌읍,중상사고,0,4,0,0,차대차 - 측면직각충돌,신호위반,습기,비,교차로 - 교차로안,승용,여,24세,상해없음,승용,남,28세,중상
2014081700100239,2014년 8월 17일 14시,일요일,제주특별자치도 제주시 일도일동,경상사고,0,0,1,0,차대사람 - 횡단중,보행자보호의무위반,습기,비,단일로 - 횡단보도상,승용,여,32세,상해없음,보행자,여,56세,경상
2014081700100240,2014년 8월 17일 14시,일요일,제주특별자치도 제주시 외도일동,중상사고,0,1,0,0,차대차 - 기타,직진우회전진행방해,습기,비,교차로 - 교차로안,승용,남,35세,상해없음,원동기,남,68세,중상
2014081700100273,2014년 8월 17일 15시,일요일,제주특별자치도 서귀포시 보목동,중상사고,0,1,1,0,차대차 - 기타,안전운전불이행,습기,비,단일로 - 기타,승용,여,33세,상해없음,승용,남,61세,경상
2014081700100320,2014년 8월 17일 17시,일요일,제주특별자치도 서귀포시 남원읍,중상사고,0,1,0,0,차량단독 - 기타,안전운전불이행,습기,비,교차로 - 교차로안,원동기,남,58세,중상,,,,
2014081700100370,2014년 8월 17일 19시,일요일,제주특별자치도 제주시 이도이동,경상사고,0,0,1,0,차대차 - 추돌 - 진행중,안전거리미확보,습기,비,단일로 - 기타,승용,남,31세,상해없음,승용,남,24세,경상
2014081700100371,2014년 8월 17일 19시,일요일,제주특별자치도 제주시 용담이동,부상신고사고,0,0,0,1,차대차 - 기타,안전운전불이행,습기,비,교차로 - 교차로부근,승용,남,34세,상해없음,승용,여,27세,부상신고
2014081700100403,2014년 8월 17일 20시,일요일,제주특별자치도 제주시 봉개동,중상사고,0,1,0,0,차량단독 - 공작물충돌,안전운전불이행,습기,비,단일로 - 기타,화물,남,52세,중상,,,,
2014081700100430,2014년 8월 17일 21시,일요일,제주특별자치도 제주시 화북이동,경상사고,0,0,1,1,차대차 - 추돌 - 주정차중,안전운전불이행,습기,비,교차로 - 교차로부근,화물,남,44세,상해없음,승용,여,49세,경상
2014081800100030,2014년 8월 18일 01시,월요일,제주특별자치도 제주시 연동,중상사고,0,1,0,0,차대사람 - 기타,안전운전불이행,습기,비,단일로 - 기타,승용,남,62세,상해없음,보행자,남,58세,중상
2014081800100228,2014년 8월 18일 11시,월요일,제주특별자치도 서귀포시 남원읍,부상신고사고,0,0,0,1,차량단독 - 기타,안전운전불이행,건조,맑음,기타 - 기타,승용,남,67세,부상신고,,,,
2014081800100322,2014년 8월 18일 14시,월요일,제주특별자치도 제주시 이도이동,경상사고,0,0,1,0,차대차 - 추돌 - 진행중,교차로운행방법위반,건조,흐림,교차로 - 교차로안,이륜,남,18세,경상,승용,여,30세,상해없음
2014081800100385,2014년 8월 18일 16시,월요일,제주특별자치도 제주시 아라일동,경상사고,0,0,1,0,차대차 - 추돌 - 진행중,안전운전불이행,건조,맑음,기타 - 기타,화물,남,48세,상해없음,승용,남,39세,경상
2014081800100386,2014년 8월 18일 16시,월요일,제주특별자치도 제주시 오라삼동,중상사고,0,1,0,0,차대사람 - 기타,안전운전불이행,건조,맑음,교차로 - 교차로안,화물,남,36세,상해없음,보행자,남,81세,중상
2014081800100418,2014년 8월 18일 17시,월요일,제주특별자치도 제주시 한경면,경상사고,0,0,1,0,차대차 - 기타,직진우회전진행방해,건조,맑음,교차로 - 교차로안,승용,남,53세,상해없음,승합,여,53세,경상
2014081800100443,2014년 8월 18일 18시,월요일,제주특별자치도 제주시 삼도일동,중상사고,0,1,0,0,차대사람 - 기타,안전운전불이행,건조,맑음,교차로 - 교차로안,화물,남,30세,상해없음,보행자,여,48세,중상
2014081800100444,2014년 8월 18일 18시,월요일,제주특별자치도 제주시 노형동,중상사고,0,1,1,0,차대차 - 기타,직진우회전진행방해,건조,맑음,교차로 - 교차로안,승용,여,42세,경상,승용,여,32세,중상
2014081800100527,2014년 8월 18일 20시,월요일,제주특별자치도 제주시 노형동,사망사고,1,0,0,0,차대사람 - 횡단중,안전운전불이행,습기,비,단일로 - 기타,승용,여,44세,상해없음,보행자,남,83세,사망
2014081800100550,2014년 8월 18일 21시,월요일,제주특별자치도 서귀포시 대포동,경상사고,0,0,1,0,차량단독 - 기타,안전운전불이행,습기,비,단일로 - 기타,승용,남,43세,경상,,,,
2014081800100618,2014년 8월 18일 23시,월요일,제주특별자치도 제주시 삼도일동,중상사고,0,1,0,0,차대차 - 기타,중앙선침범,습기,비,단일로 - 기타,승용,남,37세,상해없음,승용,남,29세,중상
2014081900100136,2014년 8월 19일 07시,화요일,제주특별자치도 제주시 건입동,경상사고,0,0,1,0,차대차 - 추돌 - 진행중,중앙선침범,습기,흐림,단일로 - 기타,자전거,남,33세,경상,화물,남,53세,상해없음
2014081900100175,2014년 8월 19일 08시,화요일,제주특별자치도 제주시 용담일동,경상사고,0,0,1,0,차대차 - 추돌 - 진행중,안전거리미확보,습기,비,단일로 - 기타,화물,남,35세,상해없음,승용,남,45세,상해없음
2014081900100176,2014년 8월 19일 08시,화요일,제주특별자치도 제주시 연동,경상사고,0,0,1,0,차대차 - 기타,안전거리미확보,습기,비,단일로 - 기타,승용,남,45세,상해없음,승용,남,50세,경상
2014081900100269,2014년 8월 19일 11시,화요일,제주특별자치도 제주시 구좌읍,경상사고,0,0,1,0,차대차 - 추돌 - 진행중,안전거리미확보,습기,비,교차로 - 교차로안,승용,여,24세,상해없음,승용,남,58세,경상
2014081900100391,2014년 8월 19일 15시,화요일,제주특별자치도 제주시 한경면,중상사고,0,1,0,0,차대차 - 기타,안전운전불이행,건조,맑음,교차로 - 교차로안,승합,남,49세,상해없음,승합,남,71세,상해없음
2014081900100424,2014년 8월 19일 16시,화요일,제주특별자치도 제주시 한림읍,중상사고,0,1,0,0,차대차 - 기타,안전운전불이행,건조,맑음,단일로 - 기타,화물,남,48세,상해없음,승용,남,41세,중상
2014081900100462,2014년 8월 19일 17시,화요일,제주특별자치도 서귀포시 신효동,경상사고,0,0,1,0,차대차 - 기타,안전운전불이행,습기,비,교차로 - 교차로부근,화물,남,51세,기타불명,승용,남,43세,경상
2014081900100508,2014년 8월 19일 18시,화요일,제주특별자치도 서귀포시 안덕면,경상사고,0,0,1,0,차대차 - 기타,신호위반,습기,비,교차로 - 교차로안,승용,여,36세,상해없음,승용,남,72세,경상
2014081900100550,2014년 8월 19일 19시,화요일,제주특별자치도 제주시 일도이동,사망사고,1,0,0,0,차대사람 - 기타,안전운전불이행,습기,비,단일로 - 기타,승용,남,47세,상해없음,보행자,남,45세,사망
2014081900100648,2014년 8월 19일 22시,화요일,제주특별자치도 서귀포시 토평동,경상사고,0,0,2,0,차대차 - 정면충돌,중앙선침범,습기,비,단일로 - 기타,승용,여,53세,상해없음,승용,남,58세,경상
2014081900100674,2014년 8월 19일 23시,화요일,제주특별자치도 서귀포시 성산읍,부상신고사고,0,0,0,1,차량단독 - 공작물충돌,안전운전불이행,습기,비,단일로 - 기타,승용,남,55세,부상신고,,,,
2014082000100049,2014년 8월 20일 02시,수요일,제주특별자치도 서귀포시 남원읍,중상사고,0,1,0,0,차량단독 - 공작물충돌,안전운전불이행,습기,비,단일로 - 기타,승용,남,42세,중상,,,,
2014082000100102,2014년 8월 20일 07시,수요일,제주특별자치도 서귀포시 성산읍,경상사고,0,0,2,0,차대차 - 측면직각충돌,직진우회전진행방해,습기,비,교차로 - 교차로안,화물,여,56세,상해없음,승용,여,52세,경상
2014082000100215,2014년 8월 20일 11시,수요일,제주특별자치도 제주시 아라일동,부상신고사고,0,0,0,1,차대차 - 추돌 - 진행중,차로위반,습기,비,단일로 - 기타,승용,여,47세,부상신고,승합,남,28세,상해없음
2014082000100251,2014년 8월 20일 12시,수요일,제주특별자치도 서귀포시 동홍동,경상사고,0,0,1,0,차대사람 - 기타,보행자보호의무위반,건조,맑음,교차로 - 교차로부근,기타불명,기타불명,기타불명,기타불명,보행자,여,46세,경상
2014082000100278,2014년 8월 20일 13시,수요일,제주특별자치도 서귀포시 안덕면,중상사고,0,1,1,0,차대차 - 기타,직진우회전진행방해,습기,비,교차로 - 교차로안,승용,남,47세,기타불명,승용,여,43세,경상
2014082000100306,2014년 8월 20일 14시,수요일,제주특별자치도 제주시 봉개동,중상사고,0,1,1,0,차대차 - 정면충돌,중앙선침범,습기,비,단일로 - 기타,승용,남,64세,상해없음,승용,남,53세,중상
2014082000100345,2014년 8월 20일 15시,수요일,제주특별자치도 제주시 연동,경상사고,0,0,1,0,차대사람 - 횡단중,안전운전불이행,건조,맑음,교차로 - 교차로부근,승용,남,24세,상해없음,보행자,남,50세,경상
2014082000100375,2014년 8월 20일 16시,수요일,제주특별자치도 서귀포시 대정읍,경상사고,0,0,10,0,차대차 - 기타,직진우회전진행방해,습기,비,교차로 - 교차로안,승용,남,42세,경상,승용,여,36세,상해없음
2014082000100425,2014년 8월 20일 18시,수요일,제주특별자치도 제주시 영평동,경상사고,0,0,1,0,차대차 - 기타,안전거리미확보,습기,비,교차로 - 교차로부근,승용,여,31세,상해없음,승용,여,40세,경상
2014082000100550,2014년 8월 20일 21시,수요일,제주특별자치도 제주시 도평동,경상사고,0,0,1,2,차대차 - 추돌 - 진행중,안전운전불이행,습기,비,단일로 - 기타,승용,남,43세,상해없음,승합,남,33세,부상신고
2014082000100551,2014년 8월 20일 21시,수요일,제주특별자치도 제주시 노형동,중상사고,0,1,0,0,차대사람 - 기타,안전운전불이행,건조,맑음,단일로 - 기타,승용,남,58세,기타불명,보행자,남,41세,중상
2014082000100588,2014년 8월 20일 22시,수요일,제주특별자치도 제주시 연동,경상사고,0,0,1,0,차대차 - 추돌 - 진행중,안전운전불이행,습기,비,단일로 - 기타,화물,남,32세,상해없음,승합,남,41세,경상
2014082000100630,2014년 8월 20일 23시,수요일,제주특별자치도 제주시 일도일동,중상사고,0,1,0,0,차대사람 - 횡단중,보행자보호의무위반,습기,비,단일로 - 횡단보도상,승용,남,54세,상해없음,보행자,여,75세,중상
2014082000100631,2014년 8월 20일 23시,수요일,제주특별자치도 서귀포시 서귀동,중상사고,0,1,0,0,차대사람 - 기타,안전운전불이행,건조,맑음,교차로 - 교차로안,승용,남,22세,상해없음,보행자,남,54세,중상
2014082100100069,2014년 8월 21일 02시,목요일,제주특별자치도 제주시 이도이동,경상사고,0,0,1,0,차대사람 - 기타,안전운전불이행,습기,비,단일로 - 기타,승용,남,28세,상해없음,보행자,남,20세,경상
2014082100100070,2014년 8월 21일 02시,목요일,제주특별자치도 제주시 한림읍,경상사고,0,0,1,0,차대사람 - 기타,안전운전불이행,건조,맑음,단일로 - 기타,승용,남,43세,기타불명,보행자,남,25세,경상
2014082100100209,2014년 8월 21일 09시,목요일,제주특별자치도 서귀포시 서귀동,경상사고,0,0,1,0,차대사람 - 기타,보행자보호의무위반,건조,맑음,단일로 - 횡단보도상,승용,남,76세,상해없음,보행자,남,55세,경상
2014082100100232,2014년 8월 21일 10시,목요일,제주특별자치도 서귀포시 표선면,중상사고,0,1,0,0,차량단독 - 공작물충돌,안전운전불이행,건조,맑음,교차로 - 교차로부근,승용,여,50세,중상,,,,
2014082100100233,2014년 8월 21일 10시,목요일,제주특별자치도 서귀포시 성산읍,중상사고,0,1,0,0,차대사람 - 기타,안전운전불이행,건조,맑음,단일로 - 기타,승용,남,33세,상해없음,보행자,여,54세,중상