사고번호,사고일시,요일,시군구,사고내용,사망자수,중상자수,경상자수,부상신고자수,사고유형,법규위반,노면상태,기상상태,도로형태,가해운전자 차종,가해운전자 성별,가해운전자 연령,가해운전자 상해정도,피해운전자 차종,피해운전자 성별,피해운전자 연령,피해운전자 상해정도
2014082100100255,2014년 8월 21일 11시,목요일,제주특별자치도 제주시 한림읍,중상사고,0,1,0,0,차대차 - 기타,안전운전불이행,건조,맑음,교차로 - 교차로안,승용,남,78세,상해없음,원동기,여,76세,중상
2014082100100294,2014년 8월 21일 12시,목요일,제주특별자치도 제주시 용담일동,경상사고,0,0,1,0,차대차 - 추돌 - 진행중,중앙선침범,건조,맑음,교차로 - 교차로부근,이륜,여,23세,경상,승용,남,51세,상해없음
2014082100100295,2014년 8월 21일 12시,목요일,제주특별자치도 제주시 구좌읍,중상사고,0,1,0,0,차대차 - 추돌 - 진행중,안전거리미확보,건조,맑음,단일로 - 기타,이륜,남,66세,중상,화물,남,68세,상해없음
2014082100100296,2014년 8월 21일 12시,목요일,제주특별자치도 제주시 봉개동,경상사고,0,0,1,0,차대차 - 기타,안전거리미확보,건조,맑음,단일로 - 기타,승합,남,47세,상해없음,승용,남,50세,상해없음
2014082100100297,2014년 8월 21일 12시,목요일,제주특별자치도 서귀포시 안덕면,중상사고,0,1,0,0,차대차 - 기타,신호위반,건조,맑음,교차로 - 교차로안,농기계,남,70세,상해없음,승합,남,46세,상해없음
2014082100100328,2014년 8월 21일 13시,목요일,제주특별자치도 제주시 노형동,경상사고,0,0,1,0,차대차 - 기타,기타,건조,맑음,단일로 - 기타,화물,남,41세,기타불명,화물,남,30세,기타불명
2014082100100452,2014년 8월 21일 17시,목요일,제주특별자치도 제주시 구좌읍,중상사고,0,1,0,0,차대차 - 측면직각충돌,교차로운행방법위반,건조,맑음,교차로 - 교차로안,원동기,여,61세,중상,화물,남,37세,상해없음
2014082100100529,2014년 8월 21일 19시,목요일,제주특별자치도 제주시 한림읍,경상사고,0,0,2,0,차대차 - 기타,안전운전불이행,건조,맑음,교차로 - 교차로부근,원동기,남,22세,경상,승용,남,37세,상해없음
2014082100100573,2014년 8월 21일 20시,목요일,제주특별자치도 서귀포시 동홍동,중상사고,0,1,0,0,차대사람 - 기타,보행자보호의무위반,건조,흐림,교차로 - 교차로부근,승용,남,36세,상해없음,보행자,여,52세,중상
2014082100100609,2014년 8월 21일 21시,목요일,제주특별자치도 제주시 화북일동,경상사고,0,0,2,0,차대차 - 추돌 - 진행중,안전거리미확보,건조,맑음,교차로 - 교차로부근,원동기,남,34세,경상,승용,남,25세,경상
2014082100100636,2014년 8월 21일 22시,목요일,제주특별자치도 제주시 이호일동,부상신고사고,0,0,0,1,차대차 - 측면직각충돌,안전운전불이행,건조,맑음,단일로 - 기타,기타불명,기타불명,기타불명,기타불명,자전거,남,16세,부상신고
2014082100100659,2014년 8월 21일 23시,목요일,제주특별자치도 제주시 우도면,경상사고,0,0,1,0,차량단독 - 기타,안전운전불이행,건조,맑음,기타 - 기타,원동기,남,25세,경상,,,,
2014082100100660,2014년 8월 21일 23시,목요일,제주특별자치도 제주시 연동,경상사고,0,0,1,0,차대사람 - 기타,중앙선침범,건조,맑음,단일로 - 기타,승용,남,62세,상해없음,보행자,여,28세,경상
2014082200100154,2014년 8월 22일 08시,금요일,제주특별자치도 제주시 이도이동,경상사고,0,0,1,0,차대차 - 추돌 - 진행중,안전거리미확보,건조,맑음,단일로 - 기타,승용,남,67세,상해없음,승용,여,30세,경상
2014082200100211,2014년 8월 22일 10시,금요일,제주특별자치도 제주시 구좌읍,사망사고,1,0,1,0,차대차 - 측면직각충돌,중앙선침범,건조,맑음,교차로 - 교차로부근,승용,여,31세,경상,이륜,여,62세,사망
2014082200100278,2014년 8월 22일 12시,금요일,제주특별자치도 제주시 연동,경상사고,0,0,1,0,차대차 - 측면직각충돌,안전운전불이행,건조,맑음,교차로 - 교차로안,승용,남,48세,상해없음,이륜,남,34세,경상
2014082200100309,2014년 8월 22일 13시,금요일,제주특별자치도 서귀포시 표선면,중상사고,0,1,0,0,차대차 - 기타,직진우회전진행방해,건조,맑음,교차로 - 교차로안,승용,여,42세,중상,승용,남,29세,상해없음
2014082200100343,2014년 8월 22일 14시,금요일,제주특별자치도 제주시 이도일동,경상사고,0,0,1,0,차대사람 - 횡단중,안전운전불이행,건조,맑음,단일로 - 기타,화물,남,36세,기타불명,보행자,여,75세,경상
2014082200100344,2014년 8월 22일 14시,금요일,제주특별자치도 서귀포시 대정읍,중상사고,0,1,0,0,차대사람 - 기타,안전운전불이행,건조,맑음,단일로 - 기타,승합,여,45세,상해없음,보행자,여,66세,중상
2014082200100419,2014년 8월 22일 16시,금요일,제주특별자치도 제주시 노형동,중상사고,0,3,0,0,차대차 - 기타,안전운전불이행,건조,맑음,교차로 - 교차로안,승용,남,47세,상해없음,승용,여,41세,중상
2014082200100462,2014년 8월 22일 17시,금요일,제주특별자치도 제주시 용담이동,중상사고,0,1,1,0,차대차 - 기타,안전거리미확보,건조,맑음,단일로 - 기타,기타불명,기타불명,기타불명,기타불명,원동기,여,20세,중상
2014082200100547,2014년 8월 22일 19시,금요일,제주특별자치도 제주시 일도일동,중상사고,0,1,0,0,차대사람 - 횡단중,보행자보호의무위반,건조,맑음,단일로 - 기타,승용,남,24세,상해없음,보행자,남,71세,중상
2014082200100583,2014년 8월 22일 20시,금요일,제주특별자치도 제주시 도두이동,경상사고,0,0,1,0,차대차 - 추돌 - 진행중,안전거리미확보,건조,맑음,단일로 - 기타,승용,남,22세,상해없음,승용,남,32세,상해없음
2014082200100584,2014년 8월 22일 20시,금요일,제주특별자치도 제주시 한경면,부상신고사고,0,0,0,1,차량단독 - 기타,안전운전불이행,건조,맑음,단일로 - 기타,자전거,남,51세,부상신고,,,,
2014082200100585,2014년 8월 22일 20시,금요일,제주특별자치도 제주시 연동,경상사고,0,0,2,0,차대차 - 측면직각충돌,교차로운행방법위반,건조,흐림,교차로 - 교차로안,승용,남,52세,상해없음,화물,남,43세,경상
2014082200100700,2014년 8월 22일 23시,금요일,제주특별자치도 제주시 도남동,경상사고,0,0,1,0,차대차 - 추돌 - 진행중,중앙선침범,건조,맑음,교차로 - 교차로부근,승용,남,42세,상해없음,승용,남,30세,경상
2014082300100070,2014년 8월 23일 03시,토요일,제주특별자치도 제주시 한림읍,경상사고,0,0,1,0,차량단독 - 공작물충돌,안전운전불이행,건조,맑음,교차로 - 교차로안,승용,남,32세,경상,,,,
2014082300100245,2014년 8월 23일 11시,토요일,제주특별자치도 제주시 이도일동,경상사고,0,0,1,0,차대차 - 추돌 - 진행중,직진우회전진행방해,건조,맑음,교차로 - 교차로안,승용,여,24세,경상,승합,남,49세,상해없음
2014082300100481,2014년 8월 23일 18시,토요일,제주특별자치도 서귀포시 표선면,경상사고,0,0,1,0,차대차 - 측면직각충돌,교차로운행방법위반,건조,맑음,교차로 - 교차로안,원동기,남,49세,경상,승용,남,38세,상해없음
2014082300100482,2014년 8월 23일 18시,토요일,제주특별자치도 제주시 내도동,경상사고,0,0,1,0,차대차 - 기타,신호위반,건조,맑음,교차로 - 교차로부근,원동기,남,18세,경상,승용,남,55세,상해없음
2014082300100529,2014년 8월 23일 19시,토요일,제주특별자치도 제주시 구좌읍,중상사고,0,1,0,0,차대차 - 기타,안전운전불이행,건조,맑음,단일로 - 기타,원동기,남,47세,중상,농기계,남,56세,상해없음
2014082300100530,2014년 8월 23일 19시,토요일,제주특별자치도 서귀포시 색달동,경상사고,0,0,1,0,차대차 - 기타,안전운전불이행,건조,맑음,단일로 - 기타,이륜,남,16세,경상,승용,남,37세,상해없음
2014082300100531,2014년 8월 23일 19시,토요일,제주특별자치도 서귀포시 상효동,중상사고,0,1,0,0,차대사람 - 기타,보행자보호의무위반,건조,맑음,교차로 - 교차로부근,승용,남,56세,상해없음,보행자,여,90세,중상
2014082300100557,2014년 8월 23일 20시,토요일,제주특별자치도 제주시 화북일동,경상사고,0,0,1,0,차대차 - 측면직각충돌,안전운전불이행,건조,맑음,교차로 - 교차로부근,승용,여,35세,경상,승용,여,46세,상해없음
2014082400100075,2014년 8월 24일 05시,일요일,제주특별자치도 제주시 일도이동,경상사고,0,0,1,0,차대사람 - 횡단중,안전운전불이행,습기,비,단일로 - 기타,승용,남,50세,상해없음,보행자,남,74세,경상
2014082400100153,2014년 8월 24일 10시,일요일,제주특별자치도 제주시 화북일동,경상사고,0,0,1,0,차대사람 - 기타,안전운전불이행,습기,비,기타 - 기타,승용,남,56세,상해없음,보행자,남,48세,경상
2014082400100154,2014년 8월 24일 10시,일요일,제주특별자치도 제주시 조천읍,경상사고,0,0,1,0,차대차 - 기타,안전운전불이행,습기,비,교차로 - 교차로부근,승용,여,34세,경상,화물,남,82세,상해없음
2014082400100155,2014년 8월 24일 10시,일요일,제주특별자치도 서귀포시 서홍동,경상사고,0,0,1,0,차대사람 - 기타,안전운전불이행,건조,맑음,단일로 - 기타,승용,남,38세,상해없음,보행자,남,28세,경상
2014082400100202,2014년 8월 24일 12시,일요일,제주특별자치도 제주시 한림읍,경상사고,0,0,1,0,차대차 - 추돌 - 주정차중,안전운전불이행,건조,흐림,교차로 - 교차로부근,승용,여,35세,상해없음,승용,남,43세,경상
2014082400100291,2014년 8월 24일 15시,일요일,제주특별자치도 서귀포시 성산읍,사망사고,1,7,0,0,차대차 - 측면직각충돌,직진우회전진행방해,건조,맑음,교차로 - 교차로안,승용,여,55세,중상,화물,남,51세,중상
2014082400100292,2014년 8월 24일 15시,일요일,제주특별자치도 서귀포시 상예동,중상사고,0,2,0,0,차대차 - 추돌 - 진행중,안전운전불이행,건조,흐림,단일로 - 기타,승용,여,39세,상해없음,승용,여,28세,중상
2014082400100415,2014년 8월 24일 19시,일요일,제주특별자치도 서귀포시 성산읍,경상사고,0,0,1,0,차대사람 - 기타,안전운전불이행,건조,맑음,교차로 - 교차로안,승합,남,36세,상해없음,보행자,남,50세,경상
2014082400100416,2014년 8월 24일 19시,일요일,제주특별자치도 제주시 용담이동,경상사고,0,0,2,1,차대차 - 기타,안전운전불이행,건조,맑음,단일로 - 기타,승용,여,40세,부상신고,승용,남,21세,경상
2014082400100458,2014년 8월 24일 20시,일요일,제주특별자치도 제주시 일도이동,경상사고,0,0,1,0,차대사람 - 횡단중,보행자보호의무위반,건조,맑음,단일로 - 기타,승용,남,26세,상해없음,보행자,여,54세,경상
2014082400100504,2014년 8월 24일 22시,일요일,제주특별자치도 제주시 노형동,중상사고,0,1,2,1,차대차 - 기타,안전운전불이행,건조,맑음,단일로 - 기타,승용,남,50세,부상신고,승용,남,48세,중상
2014082500100041,2014년 8월 25일 04시,월요일,제주특별자치도 제주시 화북일동,중상사고,0,1,0,0,차대사람 - 횡단중,안전운전불이행,건조,맑음,단일로 - 기타,승용,남,51세,상해없음,보행자,남,60세,중상
2014082500100096,2014년 8월 25일 07시,월요일,제주특별자치도 제주시 도두일동,경상사고,0,0,1,0,차대차 - 추돌 - 주정차중,안전거리미확보,습기,비,단일로 - 기타,승용,여,47세,상해없음,승용,남,47세,경상
2014082500100167,2014년 8월 25일 09시,월요일,제주특별자치도 제주시 외도일동,경상사고,0,0,1,0,차대차 - 측면직각충돌,안전운전불이행,습기,흐림,단일로 - 기타,화물,남,42세,상해없음,자전거,여,21세,경상
2014082500100191,2014년 8월 25일 10시,월요일,제주특별자치도 제주시 아라이동,경상사고,0,0,1,0,차대차 - 추돌 - 진행중,안전운전불이행,습기,비,기타 - 기타,승용,남,53세,상해없음,승합,남,43세,상해없음
2014082500100192,2014년 8월 25일 10시,월요일,제주특별자치도 제주시 애월읍,중상사고,0,1,0,0,차대차 - 측면직각충돌,신호위반,건조,맑음,교차로 - 교차로안,자전거,남,86세,중상,승용,여,26세,상해없음
2014082500100310,2014년 8월 25일 14시,월요일,제주특별자치도 제주시 구좌읍,경상사고,0,0,4,0,차대차 - 측면직각충돌,교차로운행방법위반,건조,맑음,교차로 - 교차로안,승용,남,35세,상해없음,화물,남,50세,경상
2014082500100311,2014년 8월 25일 14시,월요일,제주특별자치도 제주시 용담삼동,경상사고,0,0,1,2,차대차 - 기타,안전거리미확보,건조,맑음,단일로 - 기타,승용,남,35세,상해없음,승용,여,59세,경상
2014082500100390,2014년 8월 25일 16시,월요일,제주특별자치도 서귀포시 동홍동,중상사고,0,1,0,1,차대차 - 기타,안전운전불이행,습기,비,교차로 - 교차로부근,승용,남,64세,부상신고,승용,남,41세,중상
2014082500100427,2014년 8월 25일 17시,월요일,제주특별자치도 제주시 일도이동,중상사고,0,1,0,0,차대사람 - 기타,안전운전불이행,건조,흐림,교차로 - 교차로안,기타불명,기타불명,기타불명,기타불명,보행자,여,64세,중상
2014082500100428,2014년 8월 25일 17시,월요일,제주특별자치도 서귀포시 서홍동,중상사고,0,1,0,0,차대차 - 기타,안전거리미확보,건조,맑음,단일로 - 기타,승용,여,47세,상해없음,원동기,남,19세,중상
2014082500100456,2014년 8월 25일 18시,월요일,제주특별자치도 제주시 이도일동,경상사고,0,0,1,0,차대차 - 추돌 - 진행중,기타,건조,맑음,단일로 - 기타,이륜,남,35세,경상,승용,남,63세,상해없음
2014082500100457,2014년 8월 25일 18시,월요일,제주특별자치도 제주시 이도이동,경상사고,0,0,2,0,차대차 - 측면직각충돌,신호위반,건조,맑음,교차로 - 교차로안,승용,남,68세,상해없음,승용,남,71세,경상
2014082500100458,2014년 8월 25일 18시,월요일,제주특별자치도 제주시 화북이동,경상사고,0,0,1,0,차대차 - 추돌 - 주정차중,안전운전불이행,습기,흐림,교차로 - 교차로부근,화물,남,32세,상해없음,승용,여,42세,경상
2014082500100459,2014년 8월 25일 18시,월요일,제주특별자치도 제주시 연동,경상사고,0,0,1,0,차대사람 - 횡단중,보행자보호의무위반,습기,흐림,단일로 - 기타,승용,남,43세,상해없음,보행자,남,8세,경상
2014082500100493,2014년 8월 25일 19시,월요일,제주특별자치도 제주시 도남동,경상사고,0,0,1,0,차대차 - 추돌 - 진행중,안전운전불이행,건조,맑음,교차로 - 교차로안,승용,남,28세,상해없음,승용,여,27세,상해없음
2014082500100494,2014년 8월 25일 19시,월요일,제주특별자치도 서귀포시 강정동,경상사고,0,0,1,0,차대차 - 기타,안전운전불이행,습기,비,교차로 - 교차로안,화물,남,68세,상해없음,자전거,남,27세,경상
2014082500100531,2014년 8월 25일 20시,월요일,제주특별자치도 제주시 우도면,중상사고,0,1,0,0,차량단독 - 기타,안전운전불이행,기타,맑음,단일로 - 기타,이륜,여,27세,중상,,,,
2014082500100624,2014년 8월 25일 23시,월요일,제주특별자치도 제주시 이도이동,경상사고,0,0,2,0,차대차 - 추돌 - 진행중,안전운전불이행,건조,흐림,교차로 - 교차로부근,승합,남,35세,상해없음,승용,남,70세,상해없음
2014082600100014,2014년 8월 26일 00시,화요일,제주특별자치도 제주시 애월읍,경상사고,0,0,2,0,차대차 - 추돌 - 주정차중,안전운전불이행,건조,맑음,단일로 - 횡단보도부근,승용,남,54세,상해없음,승용,남,50세,경상
2014082600100015,2014년 8월 26일 00시,화요일,제주특별자치도 제주시 노형동,중상사고,0,1,0,1,차대차 - 정면충돌,중앙선침범,습기,비,단일로 - 기타,화물,남,48세,상해없음,승용,남,37세,중상
2014082600100050,2014년 8월 26일 02시,화요일,제주특별자치도 서귀포시 동홍동,경상사고,0,0,1,0,차대차 - 기타,직진우회전진행방해,건조,맑음,교차로 - 교차로안,승용,남,55세,상해없음,원동기,남,37세,경상
2014082600100078,2014년 8월 26일 06시,화요일,제주특별자치도 서귀포시 안덕면,경상사고,0,0,2,0,차대차 - 기타,직진우회전진행방해,건조,맑음,교차로 - 교차로안,승용,여,24세,상해없음,승합,남,57세,상해없음
2014082600100133,2014년 8월 26일 08시,화요일,제주특별자치도 제주시 용담이동,경상사고,0,0,1,0,차대차 - 기타,안전운전불이행,건조,맑음,단일로 - 기타,승용,여,23세,상해없음,승용,남,46세,경상
2014082600100174,2014년 8월 26일 09시,화요일,제주특별자치도 제주시 조천읍,중상사고,0,1,1,0,차대차 - 측면직각충돌,기타,건조,맑음,단일로 - 기타,승합,남,64세,상해없음,이륜,여,21세,중상
2014082600100175,2014년 8월 26일 09시,화요일,제주특별자치도 서귀포시 동홍동,중상사고,0,1,0,0,차대사람 - 기타,보행자보호의무위반,건조,맑음,단일로 - 횡단보도상,승용,여,36세,상해없음,보행자,여,55세,중상
2014082600100228,2014년 8월 26일 11시,화요일,제주특별자치도 서귀포시 안덕면,중상사고,0,1,0,0,차대차 - 기타,직진우회전진행방해,건조,맑음,교차로 - 교차로안,승용,남,45세,상해없음,승용,남,58세,중상
2014082600100229,2014년 8월 26일 11시,화요일,제주특별자치도 제주시 한림읍,중상사고,0,1,0,0,차대차 - 기타,안전운전불이행,건조,맑음,단일로 - 기타,승용,여,74세,상해없음,자전거,남,9세,중상
2014082600100282,2014년 8월 26일 13시,화요일,제주특별자치도 제주시 구좌읍,중상사고,0,1,0,0,차량단독 - 기타,안전운전불이행,기타,맑음,기타 - 기타,자전거,여,64세,중상,,,,
2014082600100283,2014년 8월 26일 13시,화요일,제주특별자치도 서귀포시 성산읍,중상사고,0,2,1,0,차대차 - 기타,교차로운행방법위반,건조,맑음,교차로 - 교차로안,이륜,남,71세,중상,승용,남,29세,경상
2014082600100284,2014년 8월 26일 13시,화요일,제주특별자치도 서귀포시 서홍동,부상신고사고,0,0,0,1,차대차 - 기타,안전운전불이행,건조,맑음,단일로 - 기타,이륜,남,22세,상해없음,승용,여,25세,상해없음
2014082600100355,2014년 8월 26일 15시,화요일,제주특별자치도 제주시 삼도이동,중상사고,0,1,0,0,차대사람 - 횡단중,안전운전불이행,건조,맑음,교차로 - 교차로안,화물,남,49세,상해없음,보행자,남,69세,중상
2014082600100356,2014년 8월 26일 15시,화요일,제주특별자치도 제주시 이도일동,중상사고,0,1,0,0,차대사람 - 횡단중,보행자보호의무위반,건조,맑음,단일로 - 횡단보도상,승용,남,23세,상해없음,보행자,남,54세,중상
2014082600100407,2014년 8월 26일 16시,화요일,제주특별자치도 제주시 애월읍,경상사고,0,0,1,0,차대차 - 기타,안전운전불이행,건조,맑음,교차로 - 교차로안,승용,남,32세,상해없음,이륜,남,26세,경상
2014082600100408,2014년 8월 26일 16시,화요일,제주특별자치도 제주시 노형동,부상신고사고,0,0,0,1,차대차 - 기타,안전운전불이행,건조,맑음,교차로 - 교차로부근,이륜,남,17세,상해없음,화물,남,58세,상해없음
2014082600100449,2014년 8월 26일 17시,화요일,제주특별자치도 서귀포시 서홍동,부상신고사고,0,0,0,1,차량단독 - 기타,안전운전불이행,건조,맑음,기타 - 기타,자전거,남,15세,부상신고,,,,
2014082600100450,2014년 8월 26일 17시,화요일,제주특별자치도 서귀포시 표선면,중상사고,0,1,1,0,차량단독 - 공작물충돌,안전운전불이행,건조,맑음,교차로 - 교차로부근,승용,여,41세,경상,,,,
2014082600100497,2014년 8월 26일 18시,화요일,제주특별자치도 제주시 연동,부상신고사고,0,0,0,1,차대차 - 기타,안전운전불이행,건조,맑음,교차로 - 교차로안,승합,남,48세,상해없음,자전거,남,90세 이상,부상신고
2014082600100540,2014년 8월 26일 19시,화요일,제주특별자치도 제주시 애월읍,경상사고,0,0,1,0,차대사람 - 기타,안전운전불이행,건조,맑음,단일로 - 기타,승용,남,52세,상해없음,보행자,여,5세,경상
2014082600100541,2014년 8월 26일 19시,화요일,제주특별자치도 제주시 애월읍,중상사고,0,1,0,0,차량단독 - 기타,안전운전불이행,건조,맑음,단일로 - 기타,화물,남,65세,상해없음,,,,
2014082600100615,2014년 8월 26일 21시,화요일,제주특별자치도 제주시 노형동,경상사고,0,0,1,0,차대차 - 기타,안전운전불이행,건조,맑음,단일로 - 기타,승용,남,54세,상해없음,승용,여,35세,경상
2014082600100651,2014년 8월 26일 22시,화요일,제주특별자치도 제주시 조천읍,경상사고,0,0,1,0,차대차 - 추돌 - 진행중,안전운전불이행,건조,맑음,단일로 - 기타,승용,남,54세,상해없음,승용,남,31세,경상
2014082700100097,2014년 8월 27일 07시,수요일,제주특별자치도 서귀포시 표선면,중상사고,0,1,0,0,차대차 - 기타,안전운전불이행,건조,맑음,단일로 - 기타,승용,여,54세,상해없음,원동기,여,64세,중상
2014082700100098,2014년 8월 27일 07시,수요일,제주특별자치도 제주시 노형동,부상신고사고,0,0,0,1,차대차 - 기타,안전운전불이행,습기,흐림,교차로 - 교차로부근,화물,남,41세,상해없음,자전거,남,11세,부상신고
2014082700100131,2014년 8월 27일 08시,수요일,제주특별자치도 제주시 연동,경상사고,0,0,1,0,차대차 - 기타,직진우회전진행방해,건조,맑음,교차로 - 교차로안,승합,남,38세,경상,승용,여,58세,상해없음
2014082700100195,2014년 8월 27일 10시,수요일,제주특별자치도 제주시 이도이동,경상사고,0,0,2,0,차대차 - 추돌 - 진행중,안전운전불이행,건조,맑음,교차로 - 교차로안,승용,남,71세,상해없음,승용,여,38세,경상
2014082700100196,2014년 8월 27일 10시,수요일,제주특별자치도 서귀포시 성산읍,경상사고,0,0,1,0,차대차 - 추돌 - 주정차중,안전운전불이행,건조,맑음,단일로 - 기타,승용,남,26세,상해없음,승용,남,29세,경상
2014082700100197,2014년 8월 27일 10시,수요일,제주특별자치도 제주시 용담이동,부상신고사고,0,0,0,1,차대차 - 기타,안전운전불이행,건조,맑음,교차로 - 교차로안,화물,남,19세,상해없음,승용,여,55세,부상신고
2014082700100255,2014년 8월 27일 12시,수요일,제주특별자치도 제주시 구좌읍,중상사고,0,1,0,0,차대차 - 추돌 - 진행중,안전운전불이행,습기,흐림,기타 - 기타,승용,남,27세,상해없음,원동기,남,69세,중상
2014082700100327,2014년 8월 27일 14시,수요일,제주특별자치도 서귀포시 서홍동,중상사고,0,1,0,0,차대차 - 기타,안전운전불이행,건조,맑음,교차로 - 교차로안,승용,남,22세,상해없음,이륜,남,51세,중상
2014082700100328,2014년 8월 27일 14시,수요일,제주특별자치도 서귀포시 대정읍,중상사고,0,1,0,0,차대차 - 기타,신호위반,건조,맑음,교차로 - 교차로안,원동기,남,18세,중상,승용,남,44세,상해없음
2014082700100402,2014년 8월 27일 16시,수요일,제주특별자치도 서귀포시 동홍동,중상사고,0,1,0,0,차대사람 - 기타,보행자보호의무위반,건조,맑음,교차로 - 교차로부근,승용,남,41세,상해없음,보행자,남,76세,중상
2014082700100403,2014년 8월 27일 16시,수요일,제주특별자치도 제주시 연동,부상신고사고,0,0,0,1,차대차 - 추돌 - 주정차중,안전거리미확보,습기,흐림,단일로 - 기타,화물,남,47세,상해없음,승용,여,32세,부상신고
2014082700100404,2014년 8월 27일 16시,수요일,제주특별자치도 제주시 연동,경상사고,0,0,1,0,차대차 - 기타,안전운전불이행,건조,맑음,교차로 - 교차로부근,승용,남,58세,상해없음,자전거,남,11세,경상
2014082700100450,2014년 8월 27일 17시,수요일,제주특별자치도 제주시 화북일동,중상사고,0,1,0,0,차대차 - 추돌 - 진행중,신호위반,기타,맑음,교차로 - 교차로안,이륜,남,35세,중상,승용,여,44세,상해없음
2014082700100451,2014년 8월 27일 17시,수요일,제주특별자치도 제주시 이도이동,경상사고,0,0,1,0,차대차 - 추돌 - 진행중,교차로운행방법위반,건조,맑음,교차로 - 교차로안,승용,여,53세,상해없음,승용,남,59세,상해없음
2014082700100452,2014년 8월 27일 17시,수요일,제주특별자치도 서귀포시 남원읍,중상사고,0,1,1,0,차대차 - 기타,안전운전불이행,습기,비,단일로 - 기타,화물,남,61세,상해없음,승용,여,22세,중상
2014082700100580,2014년 8월 27일 20시,수요일,제주특별자치도 제주시 도남동,경상사고,0,0,1,0,차대사람 - 기타,직진우회전진행방해,건조,맑음,교차로 - 교차로안,승용,여,40세,상해없음,보행자,남,43세,경상
2014082700100581,2014년 8월 27일 20시,수요일,제주특별자치도 제주시 이호이동,중상사고,0,1,0,0,차대차 - 기타,안전운전불이행,습기,비,단일로 - 기타,승합,남,56세,상해없음,자전거,남,74세,중상
2014082700100608,2014년 8월 27일 21시,수요일,제주특별자치도 제주시 한림읍,경상사고,0,0,1,0,차대차 - 기타,안전운전불이행,건조,맑음,단일로 - 기타,승용,남,42세,상해없음,승합,남,52세,경상
2014082800100018,2014년 8월 28일 00시,목요일,제주특별자치도 제주시 연동,경상사고,0,0,2,0,차대차 - 기타,안전운전불이행,건조,맑음,교차로 - 교차로부근,승용,남,35세,상해없음,승용,남,62세,경상
2014082800100152,2014년 8월 28일 08시,목요일,제주특별자치도 제주시 연동,경상사고,0,0,2,0,차대차 - 기타,직진우회전진행방해,습기,비,교차로 - 교차로안,승용,여,46세,경상,승용,남,48세,경상
2014082800100183,2014년 8월 28일 09시,목요일,제주특별자치도 제주시 조천읍,경상사고,0,0,1,0,차대차 - 기타,안전거리미확보,습기,비,단일로 - 기타,승용,남,69세,상해없음,승용,남,30세,경상
2014082800100237,2014년 8월 28일 11시,목요일,제주특별자치도 제주시 조천읍,경상사고,0,0,3,0,차대차 - 기타,차로위반,습기,비,기타 - 기타,화물,남,44세,상해없음,승용,여,51세,경상
2014082800100292,2014년 8월 28일 13시,목요일,제주특별자치도 제주시 한림읍,경상사고,0,0,1,0,차대차 - 기타,교차로운행방법위반,건조,맑음,교차로 - 교차로안,화물,남,61세,경상,화물,남,53세,상해없음
2014082800100401,2014년 8월 28일 16시,목요일,제주특별자치도 서귀포시 안덕면,경상사고,0,0,1,0,차대차 - 측면직각충돌,신호위반,건조,맑음,교차로 - 교차로안,승용,남,25세,상해없음,승용,남,35세,경상
2014082800100402,2014년 8월 28일 16시,목요일,제주특별자치도 서귀포시 호근동,중상사고,0,1,0,0,차대차 - 추돌 - 진행중,안전거리미확보,건조,맑음,단일로 - 기타,화물,남,81세,상해없음,승용,여,38세,중상
2014082800100490,2014년 8월 28일 18시,목요일,제주특별자치도 서귀포시 남원읍,중상사고,0,1,0,0,차대차 - 추돌 - 진행중,안전운전불이행,습기,비,단일로 - 기타,승용,남,29세,상해없음,승용,남,70세,상해없음
2014082800100525,2014년 8월 28일 19시,목요일,제주특별자치도 제주시 용담일동,경상사고,0,0,1,0,차대사람 - 횡단중,보행자보호의무위반,습기,비,단일로 - 기타,승용,남,25세,상해없음,보행자,남,49세,경상
2014082800100526,2014년 8월 28일 19시,목요일,제주특별자치도 제주시 아라일동,경상사고,0,0,1,0,차대차 - 추돌 - 진행중,신호위반,습기,비,교차로 - 교차로안,승용,여,43세,경상,승용,남,49세,상해없음
2014082800100527,2014년 8월 28일 19시,목요일,제주특별자치도 서귀포시 서귀동,중상사고,0,1,1,0,차대차 - 측면직각충돌,신호위반,건조,맑음,교차로 - 교차로안,승용,남,29세,상해없음,승용,남,53세,경상
2014082800100570,2014년 8월 28일 20시,목요일,제주특별자치도 제주시 이도이동,경상사고,0,0,1,0,차대차 - 추돌 - 주정차중,안전운전불이행,습기,비,단일로 - 기타,승합,남,53세,상해없음,승용,남,44세,상해없음
2014082800100571,2014년 8월 28일 20시,목요일,제주특별자치도 제주시 노형동,부상신고사고,0,0,0,1,차대차 - 기타,기타,건조,맑음,단일로 - 기타,승용,남,66세,상해없음,이륜,남,20세,부상신고
2014082800100606,2014년 8월 28일 21시,목요일,제주특별자치도 제주시 용담일동,경상사고,0,0,1,0,차대차 - 추돌 - 진행중,안전운전불이행,건조,맑음,단일로 - 기타,승용,남,47세,상해없음,승용,여,28세,경상