사고번호,사고일시,요일,시군구,사고내용,사망자수,중상자수,경상자수,부상신고자수,사고유형,법규위반,노면상태,기상상태,도로형태,가해운전자 차종,가해운전자 성별,가해운전자 연령,가해운전자 상해정도,피해운전자 차종,피해운전자 성별,피해운전자 연령,피해운전자 상해정도
2014091800100619,2014년 9월 18일 22시,목요일,제주특별자치도 제주시 이도이동,경상사고,0,0,3,0,차대차 - 추돌 - 진행중,안전운전불이행,건조,맑음,교차로 - 교차로부근,승용,남,34세,상해없음,승용,남,24세,경상
2014091900100174,2014년 9월 19일 08시,금요일,제주특별자치도 제주시 연동,경상사고,0,0,2,0,차대차 - 추돌 - 주정차중,직진우회전진행방해,습기,비,교차로 - 교차로안,승용,여,32세,상해없음,승용,남,30세,경상
2014091900100207,2014년 9월 19일 09시,금요일,제주특별자치도 제주시 조천읍,경상사고,0,0,1,0,차대차 - 추돌 - 진행중,안전운전불이행,건조,맑음,단일로 - 기타,화물,남,20세,상해없음,농기계,남,54세,경상
2014091900100235,2014년 9월 19일 10시,금요일,제주특별자치도 제주시 연동,중상사고,0,2,0,4,차대차 - 추돌 - 진행중,안전운전불이행,습기,비,교차로 - 교차로부근,화물,남,37세,상해없음,승용,남,33세,부상신고
2014091900100391,2014년 9월 19일 15시,금요일,제주특별자치도 제주시 이도이동,경상사고,0,0,1,0,차대사람 - 기타,보행자보호의무위반,습기,비,단일로 - 기타,승용,여,36세,상해없음,보행자,남,6세,경상
2014091900100392,2014년 9월 19일 15시,금요일,제주특별자치도 제주시 애월읍,경상사고,0,0,3,0,차대차 - 측면직각충돌,직진우회전진행방해,건조,흐림,교차로 - 교차로안,승용,남,44세,경상,화물,남,72세,경상
2014091900100423,2014년 9월 19일 16시,금요일,제주특별자치도 제주시 연동,경상사고,0,0,1,0,차대사람 - 기타,안전운전불이행,습기,비,단일로 - 기타,이륜,남,21세,상해없음,보행자,남,31세,경상
2014091900100475,2014년 9월 19일 17시,금요일,제주특별자치도 제주시 연동,경상사고,0,0,1,0,차대차 - 기타,안전운전불이행,습기,비,단일로 - 기타,승합,남,62세,상해없음,승용,여,36세,경상
2014091900100522,2014년 9월 19일 18시,금요일,제주특별자치도 제주시 애월읍,경상사고,0,0,3,0,차대차 - 측면직각충돌,직진우회전진행방해,건조,맑음,교차로 - 교차로안,승용,남,19세,상해없음,승용,여,32세,경상
2014091900100575,2014년 9월 19일 19시,금요일,제주특별자치도 제주시 이도이동,경상사고,0,0,1,0,차대사람 - 기타,보행자보호의무위반,습기,비,교차로 - 교차로안,기타불명,기타불명,기타불명,기타불명,보행자,남,45세,경상
2014091900100576,2014년 9월 19일 19시,금요일,제주특별자치도 서귀포시 대정읍,부상신고사고,0,0,0,1,차대사람 - 기타,안전운전불이행,습기,비,교차로 - 교차로안,기타불명,기타불명,기타불명,기타불명,보행자,여,23세,부상신고
2014091900100577,2014년 9월 19일 19시,금요일,제주특별자치도 제주시 연동,경상사고,0,0,2,0,차대차 - 기타,안전운전불이행,습기,비,단일로 - 기타,승용,남,49세,상해없음,화물,남,34세,경상
2014091900100621,2014년 9월 19일 20시,금요일,제주특별자치도 제주시 아라이동,중상사고,0,1,1,0,차대차 - 기타,신호위반,기타,맑음,교차로 - 교차로안,승용,여,53세,경상,승용,여,55세,중상
2014092000100083,2014년 9월 20일 03시,토요일,제주특별자치도 제주시 이도이동,경상사고,0,0,1,0,차대차 - 기타,신호위반,건조,맑음,교차로 - 교차로안,승용,남,25세,상해없음,승용,남,41세,상해없음
2014092000100217,2014년 9월 20일 09시,토요일,제주특별자치도 제주시 건입동,중상사고,0,1,0,0,차대차 - 측면직각충돌,안전운전불이행,건조,맑음,교차로 - 교차로안,승용,남,63세,상해없음,이륜,남,36세,중상
2014092000100218,2014년 9월 20일 09시,토요일,제주특별자치도 제주시 화북이동,중상사고,0,1,0,0,차대차 - 측면직각충돌,안전운전불이행,건조,맑음,단일로 - 기타,건설기계,남,43세,상해없음,승용,남,21세,중상
2014092000100219,2014년 9월 20일 09시,토요일,제주특별자치도 제주시 이도이동,중상사고,0,1,0,0,차대사람 - 기타,보행자보호의무위반,기타,맑음,단일로 - 횡단보도상,승용,남,56세,상해없음,보행자,여,17세,중상
2014092000100353,2014년 9월 20일 13시,토요일,제주특별자치도 제주시 삼도일동,경상사고,0,0,2,0,차대차 - 측면직각충돌,직진우회전진행방해,건조,맑음,교차로 - 교차로안,승용,남,46세,상해없음,승용,여,58세,경상
2014092000100454,2014년 9월 20일 15시,토요일,제주특별자치도 제주시 삼도일동,중상사고,0,1,0,0,차량단독 - 기타,기타,건조,맑음,단일로 - 기타,승합,남,59세,상해없음,,,,
2014092000100483,2014년 9월 20일 16시,토요일,제주특별자치도 서귀포시 남원읍,중상사고,0,2,0,0,차대차 - 기타,기타,건조,맑음,교차로 - 교차로안,승용,남,45세,상해없음,화물,여,55세,중상
2014092000100620,2014년 9월 20일 19시,토요일,제주특별자치도 서귀포시 서귀동,중상사고,0,1,0,0,차대사람 - 기타,안전운전불이행,건조,맑음,단일로 - 기타,승용,남,39세,상해없음,보행자,남,5세,중상
2014092100100119,2014년 9월 21일 07시,일요일,제주특별자치도 제주시 해안동,부상신고사고,0,0,0,1,차대차 - 기타,안전거리미확보,건조,맑음,단일로 - 기타,승용,남,68세,상해없음,승용,남,26세,부상신고
2014092100100137,2014년 9월 21일 08시,일요일,제주특별자치도 제주시 조천읍,중상사고,0,4,1,0,차대차 - 측면직각충돌,과속,건조,맑음,교차로 - 교차로안,승합,남,50세,중상,화물,남,44세,중상
2014092100100151,2014년 9월 21일 09시,일요일,제주특별자치도 제주시 연동,경상사고,0,0,1,0,차대차 - 기타,안전거리미확보,건조,맑음,교차로 - 교차로부근,건설기계,남,46세,상해없음,승용,남,52세,상해없음
2014092100100198,2014년 9월 21일 11시,일요일,제주특별자치도 서귀포시 성산읍,중상사고,0,1,0,0,차대차 - 측면직각충돌,직진우회전진행방해,건조,맑음,교차로 - 교차로안,승용,여,51세,상해없음,원동기,여,73세,중상
2014092100100246,2014년 9월 21일 13시,일요일,제주특별자치도 제주시 삼도이동,중상사고,0,1,0,0,차대차 - 기타,안전운전불이행,건조,맑음,교차로 - 교차로부근,승용,남,81세,상해없음,승합,남,45세,상해없음
2014092100100247,2014년 9월 21일 13시,일요일,제주특별자치도 제주시 연동,중상사고,0,1,0,0,차대사람 - 기타,안전운전불이행,건조,맑음,단일로 - 기타,승용,여,35세,상해없음,보행자,여,17세,중상
2014092100100289,2014년 9월 21일 14시,일요일,제주특별자치도 제주시 우도면,경상사고,0,0,1,0,차량단독 - 전도전복,안전운전불이행,건조,맑음,단일로 - 기타,자전거,여,29세,경상,,,,
2014092100100378,2014년 9월 21일 17시,일요일,제주특별자치도 서귀포시 서귀동,부상신고사고,0,0,0,1,차대차 - 기타,안전운전불이행,건조,맑음,단일로 - 기타,승용,여,44세,상해없음,승용,남,49세,부상신고
2014092100100405,2014년 9월 21일 18시,일요일,제주특별자치도 제주시 조천읍,경상사고,0,0,2,0,차대차 - 추돌 - 진행중,안전거리미확보,건조,맑음,단일로 - 기타,화물,남,42세,상해없음,화물,남,78세,경상
2014092100100447,2014년 9월 21일 19시,일요일,제주특별자치도 제주시 연동,중상사고,0,1,0,0,차대차 - 기타,안전거리미확보,건조,맑음,단일로 - 기타,승용,남,47세,상해없음,승용,여,42세,중상
2014092100100489,2014년 9월 21일 20시,일요일,제주특별자치도 제주시 오라이동,중상사고,0,3,1,0,차대차 - 측면직각충돌,신호위반,건조,맑음,교차로 - 교차로안,승합,여,45세,경상,승용,남,53세,중상
2014092200100086,2014년 9월 22일 07시,월요일,제주특별자치도 서귀포시 서홍동,경상사고,0,0,1,0,차대차 - 추돌 - 진행중,안전운전불이행,건조,맑음,단일로 - 기타,승용,남,60세,상해없음,승용,남,58세,상해없음
2014092200100195,2014년 9월 22일 10시,월요일,제주특별자치도 제주시 이도이동,부상신고사고,0,0,0,1,차대차 - 측면직각충돌,교차로운행방법위반,건조,맑음,교차로 - 교차로안,원동기,남,32세,부상신고,화물,남,29세,상해없음
2014092200100257,2014년 9월 22일 12시,월요일,제주특별자치도 제주시 애월읍,경상사고,0,0,1,0,차대차 - 기타,안전운전불이행,건조,맑음,교차로 - 교차로안,화물,남,30세,상해없음,화물,남,49세,경상
2014092200100366,2014년 9월 22일 15시,월요일,제주특별자치도 서귀포시 성산읍,중상사고,0,1,0,0,차량단독 - 공작물충돌,안전운전불이행,건조,맑음,단일로 - 기타,승용,여,36세,상해없음,,,,
2014092200100405,2014년 9월 22일 16시,월요일,제주특별자치도 제주시 이도이동,경상사고,0,0,1,0,차대사람 - 횡단중,보행자보호의무위반,건조,맑음,단일로 - 횡단보도상,승합,남,59세,상해없음,보행자,남,13세,경상
2014092200100441,2014년 9월 22일 17시,월요일,제주특별자치도 제주시 삼도이동,경상사고,0,0,1,0,차대차 - 기타,안전운전불이행,건조,맑음,단일로 - 기타,화물,남,49세,기타불명,승용,여,49세,경상
2014092200100442,2014년 9월 22일 17시,월요일,제주특별자치도 제주시 한경면,부상신고사고,0,0,0,1,차대차 - 기타,안전운전불이행,건조,맑음,단일로 - 기타,원동기,남,66세,부상신고,승용,여,30세,상해없음
2014092200100495,2014년 9월 22일 18시,월요일,제주특별자치도 서귀포시 남원읍,중상사고,0,1,0,0,차량단독 - 공작물충돌,안전운전불이행,건조,맑음,단일로 - 기타,승용,남,30세,상해없음,,,,
2014092200100496,2014년 9월 22일 18시,월요일,제주특별자치도 제주시 애월읍,중상사고,0,1,0,0,차대차 - 기타,신호위반,건조,맑음,교차로 - 교차로안,승합,남,47세,상해없음,승용,남,26세,중상
2014092200100533,2014년 9월 22일 19시,월요일,제주특별자치도 제주시 용담일동,경상사고,0,0,1,0,차대차 - 측면직각충돌,신호위반,건조,맑음,교차로 - 교차로안,원동기,남,71세,경상,승용,남,50세,상해없음
2014092200100534,2014년 9월 22일 19시,월요일,제주특별자치도 제주시 도남동,중상사고,0,1,0,0,차대사람 - 횡단중,보행자보호의무위반,기타,맑음,단일로 - 횡단보도상,승용,남,80세,상해없음,보행자,여,75세,중상
2014092200100535,2014년 9월 22일 19시,월요일,제주특별자치도 제주시 연동,경상사고,0,0,1,0,차대차 - 기타,신호위반,건조,맑음,교차로 - 교차로안,승용,남,71세,상해없음,승용,여,38세,경상
2014092200100590,2014년 9월 22일 21시,월요일,제주특별자치도 제주시 용담일동,중상사고,0,1,0,0,차대차 - 측면직각충돌,신호위반,건조,맑음,교차로 - 교차로안,이륜,남,60세,중상,승용,남,21세,상해없음
2014092300100119,2014년 9월 23일 07시,화요일,제주특별자치도 서귀포시 상효동,경상사고,0,0,1,0,차대차 - 측면직각충돌,신호위반,건조,맑음,교차로 - 교차로안,승용,여,60세,상해없음,화물,여,65세,경상
2014092300100120,2014년 9월 23일 07시,화요일,제주특별자치도 제주시 연동,부상신고사고,0,0,0,2,차대차 - 측면직각충돌,교차로운행방법위반,건조,맑음,교차로 - 교차로안,승용,남,27세,부상신고,승합,남,50세,부상신고
2014092300100163,2014년 9월 23일 08시,화요일,제주특별자치도 제주시 조천읍,경상사고,0,0,1,0,차대차 - 추돌 - 진행중,신호위반,건조,맑음,교차로 - 교차로안,승용,여,47세,상해없음,승용,여,47세,경상
2014092300100287,2014년 9월 23일 12시,화요일,제주특별자치도 서귀포시 강정동,중상사고,0,2,1,1,차대차 - 추돌 - 진행중,중앙선침범,습기,비,단일로 - 기타,승합,남,23세,부상신고,화물,남,47세,경상
2014092300100315,2014년 9월 23일 13시,화요일,제주특별자치도 서귀포시 호근동,경상사고,0,0,1,1,차량단독 - 전도전복,안전운전불이행,습기,비,단일로 - 기타,승합,남,32세,부상신고,,,,
2014092300100316,2014년 9월 23일 13시,화요일,제주특별자치도 제주시 애월읍,중상사고,0,1,0,0,차대차 - 기타,안전운전불이행,건조,맑음,단일로 - 기타,승합,남,44세,상해없음,승용,여,45세,중상
2014092300100350,2014년 9월 23일 14시,화요일,제주특별자치도 제주시 도련일동,경상사고,0,0,1,0,차대차 - 기타,안전운전불이행,습기,비,단일로 - 기타,승합,여,69세,경상,화물,남,38세,상해없음
2014092300100387,2014년 9월 23일 15시,화요일,제주특별자치도 제주시 노형동,경상사고,0,0,2,0,차대차 - 기타,안전거리미확보,건조,맑음,단일로 - 기타,승용,여,43세,상해없음,승용,여,40세,경상
2014092300100419,2014년 9월 23일 16시,화요일,제주특별자치도 서귀포시 동홍동,부상신고사고,0,0,0,1,차대차 - 추돌 - 진행중,직진우회전진행방해,습기,비,단일로 - 기타,승용,여,43세,상해없음,이륜,남,18세,부상신고
2014092300100420,2014년 9월 23일 16시,화요일,제주특별자치도 제주시 연동,경상사고,0,0,1,0,차대차 - 기타,신호위반,습기,비,교차로 - 교차로부근,승합,남,41세,상해없음,자전거,남,15세,경상
2014092300100506,2014년 9월 23일 18시,화요일,제주특별자치도 제주시 일도이동,경상사고,0,0,2,0,차대차 - 추돌 - 진행중,안전거리미확보,건조,맑음,단일로 - 기타,화물,남,51세,상해없음,승용,남,23세,경상
2014092300100507,2014년 9월 23일 18시,화요일,제주특별자치도 제주시 연동,경상사고,0,0,1,0,차대사람 - 횡단중,보행자보호의무위반,습기,비,단일로 - 기타,승용,남,32세,상해없음,보행자,남,27세,경상
2014092300100561,2014년 9월 23일 19시,화요일,제주특별자치도 제주시 이도이동,경상사고,0,0,1,0,차대사람 - 횡단중,안전운전불이행,습기,비,교차로 - 교차로부근,화물,남,47세,상해없음,보행자,남,52세,경상
2014092300100663,2014년 9월 23일 21시,화요일,제주특별자치도 제주시 용담일동,경상사고,0,0,1,0,차대차 - 추돌 - 진행중,중앙선침범,습기,비,교차로 - 교차로부근,승용,남,35세,상해없음,승용,남,49세,경상
2014092300100712,2014년 9월 23일 22시,화요일,제주특별자치도 제주시 화북일동,경상사고,0,0,1,0,차대사람 - 횡단중,안전운전불이행,습기,비,단일로 - 기타,화물,남,26세,상해없음,보행자,남,38세,경상
2014092400100025,2014년 9월 24일 00시,수요일,제주특별자치도 제주시 화북이동,경상사고,0,0,1,0,차량단독 - 공작물충돌,안전운전불이행,습기,비,단일로 - 기타,승용,여,57세,경상,,,,
2014092400100048,2014년 9월 24일 01시,수요일,제주특별자치도 제주시 연동,부상신고사고,0,0,0,2,차대차 - 기타,교차로운행방법위반,습기,맑음,교차로 - 교차로안,승용,여,28세,부상신고,승용,남,53세,부상신고
2014092400100292,2014년 9월 24일 11시,수요일,제주특별자치도 제주시 한림읍,경상사고,0,0,1,0,차대사람 - 기타,안전운전불이행,습기,비,단일로 - 기타,승합,남,48세,상해없음,보행자,여,81세,경상
2014092400100324,2014년 9월 24일 12시,수요일,제주특별자치도 서귀포시 동홍동,경상사고,0,0,1,0,차대차 - 기타,직진우회전진행방해,건조,맑음,교차로 - 교차로안,승용,여,47세,상해없음,이륜,남,37세,경상
2014092400100402,2014년 9월 24일 14시,수요일,제주특별자치도 서귀포시 도순동,경상사고,0,0,3,0,차대차 - 기타,안전거리미확보,건조,흐림,교차로 - 교차로부근,승합,남,38세,상해없음,승용,남,32세,상해없음
2014092400100403,2014년 9월 24일 14시,수요일,제주특별자치도 제주시 애월읍,경상사고,0,0,1,0,차대차 - 추돌 - 진행중,안전운전불이행,건조,맑음,교차로 - 교차로안,건설기계,남,38세,상해없음,화물,여,46세,경상
2014092400100439,2014년 9월 24일 15시,수요일,제주특별자치도 제주시 일도일동,중상사고,0,1,0,0,차대사람 - 횡단중,보행자보호의무위반,건조,맑음,단일로 - 횡단보도상,승용,남,28세,상해없음,보행자,여,63세,중상
2014092400100538,2014년 9월 24일 18시,수요일,제주특별자치도 제주시 일도이동,중상사고,0,1,0,0,차대사람 - 횡단중,안전운전불이행,건조,흐림,단일로 - 기타,승용,남,71세,상해없음,보행자,여,13세,중상
2014092400100539,2014년 9월 24일 18시,수요일,제주특별자치도 제주시 오라이동,중상사고,0,1,0,0,차대차 - 추돌 - 진행중,보행자보호의무위반,건조,맑음,단일로 - 횡단보도상,화물,남,36세,상해없음,승용,남,39세,상해없음
2014092400100641,2014년 9월 24일 20시,수요일,제주특별자치도 제주시 영평동,경상사고,0,0,1,0,차대차 - 추돌 - 진행중,신호위반,기타,맑음,교차로 - 교차로안,승용,남,22세,상해없음,승용,남,54세,경상
2014092400100666,2014년 9월 24일 21시,수요일,제주특별자치도 서귀포시 서귀동,중상사고,0,1,0,0,차대사람 - 기타,안전운전불이행,건조,맑음,단일로 - 기타,화물,여,56세,상해없음,보행자,남,61세,중상
2014092400100707,2014년 9월 24일 22시,수요일,제주특별자치도 제주시 화북일동,경상사고,0,0,1,0,차대사람 - 횡단중,안전운전불이행,건조,흐림,단일로 - 기타,승용,여,59세,상해없음,보행자,여,42세,경상
2014092400100734,2014년 9월 24일 23시,수요일,제주특별자치도 서귀포시 서호동,중상사고,0,1,0,0,차대사람 - 기타,안전운전불이행,건조,맑음,단일로 - 기타,승용,여,29세,상해없음,보행자,남,51세,중상
2014092500100010,2014년 9월 25일 00시,목요일,제주특별자치도 제주시 오라일동,부상신고사고,0,0,0,1,차대차 - 기타,안전운전불이행,건조,맑음,단일로 - 기타,화물,남,39세,상해없음,이륜,남,30세,부상신고
2014092500100058,2014년 9월 25일 05시,목요일,제주특별자치도 제주시 이도이동,경상사고,0,0,1,0,차대사람 - 횡단중,안전운전불이행,건조,맑음,단일로 - 기타,이륜,남,62세,상해없음,보행자,여,70세,경상
2014092500100095,2014년 9월 25일 07시,목요일,제주특별자치도 제주시 조천읍,중상사고,0,1,1,0,차대차 - 추돌 - 진행중,안전운전불이행,건조,맑음,단일로 - 기타,화물,여,40세,경상,화물,여,56세,중상
2014092500100336,2014년 9월 25일 14시,목요일,제주특별자치도 제주시 한경면,사망사고,1,1,0,0,차대차 - 기타,안전운전불이행,건조,맑음,단일로 - 기타,승용,남,71세,사망,승용,남,71세,중상
2014092500100370,2014년 9월 25일 15시,목요일,제주특별자치도 제주시 오라일동,경상사고,0,0,2,0,차대차 - 추돌 - 진행중,안전거리미확보,건조,맑음,교차로 - 교차로안,승용,여,45세,경상,승용,남,34세,경상
2014092500100475,2014년 9월 25일 18시,목요일,제주특별자치도 제주시 건입동,경상사고,0,0,2,0,차대사람 - 횡단중,보행자보호의무위반,건조,맑음,단일로 - 횡단보도상,화물,남,24세,상해없음,보행자,남,47세,경상
2014092500100517,2014년 9월 25일 19시,목요일,제주특별자치도 제주시 건입동,경상사고,0,0,1,0,차대차 - 추돌 - 진행중,중앙선침범,기타,맑음,단일로 - 기타,화물,남,67세,상해없음,승용,남,29세,경상
2014092500100518,2014년 9월 25일 19시,목요일,제주특별자치도 제주시 이도이동,경상사고,0,0,2,0,차대차 - 추돌 - 진행중,안전거리미확보,건조,맑음,교차로 - 교차로부근,화물,남,44세,상해없음,승용,여,24세,경상
2014092500100519,2014년 9월 25일 19시,목요일,제주특별자치도 제주시 한림읍,부상신고사고,0,0,0,2,차대차 - 기타,안전운전불이행,건조,맑음,단일로 - 기타,승합,남,61세,상해없음,원동기,남,19세,부상신고
2014092500100520,2014년 9월 25일 19시,목요일,제주특별자치도 제주시 노형동,부상신고사고,0,0,0,1,차대차 - 기타,안전거리미확보,건조,흐림,단일로 - 기타,승합,남,51세,상해없음,승용,남,24세,부상신고
2014092500100617,2014년 9월 25일 22시,목요일,제주특별자치도 제주시 오라일동,경상사고,0,0,1,0,차대차 - 추돌 - 진행중,교차로운행방법위반,건조,맑음,교차로 - 교차로안,승용,남,38세,상해없음,승용,여,54세,경상
2014092500100618,2014년 9월 25일 22시,목요일,제주특별자치도 제주시 외도일동,경상사고,0,0,1,0,차대사람 - 기타,안전운전불이행,건조,맑음,교차로 - 교차로안,승용,남,57세,기타불명,보행자,여,53세,경상
2014092500100645,2014년 9월 25일 23시,목요일,제주특별자치도 서귀포시 동홍동,부상신고사고,0,0,0,2,차대차 - 기타,기타,건조,맑음,교차로 - 교차로안,승용,남,72세,부상신고,승용,남,22세,부상신고
2014092600100114,2014년 9월 26일 07시,금요일,제주특별자치도 제주시 이도이동,경상사고,0,0,1,0,차대차 - 기타,안전운전불이행,건조,맑음,교차로 - 교차로안,기타불명,기타불명,기타불명,기타불명,자전거,남,13세,경상
2014092600100115,2014년 9월 26일 07시,금요일,제주특별자치도 제주시 한림읍,부상신고사고,0,0,0,1,차대차 - 기타,안전운전불이행,건조,맑음,단일로 - 기타,승용,남,41세,부상신고,화물,남,60세,상해없음
2014092600100250,2014년 9월 26일 11시,금요일,제주특별자치도 제주시 이도일동,부상신고사고,0,0,0,1,차대차 - 추돌 - 진행중,안전운전불이행,건조,맑음,교차로 - 교차로안,승용,남,54세,상해없음,승용,여,46세,부상신고
2014092600100406,2014년 9월 26일 16시,금요일,제주특별자치도 서귀포시 강정동,중상사고,0,1,0,0,차대차 - 기타,안전운전불이행,건조,맑음,교차로 - 교차로안,승용,여,42세,상해없음,원동기,남,28세,중상
2014092600100506,2014년 9월 26일 18시,금요일,제주특별자치도 제주시 애월읍,중상사고,0,1,1,0,차대차 - 기타,안전운전불이행,건조,맑음,교차로 - 교차로안,승용,남,63세,상해없음,원동기,남,72세,중상
2014092600100609,2014년 9월 26일 20시,금요일,제주특별자치도 제주시 삼도일동,경상사고,0,0,1,0,차대사람 - 횡단중,안전운전불이행,건조,맑음,교차로 - 교차로안,승용,남,28세,상해없음,보행자,여,14세,경상
2014092600100610,2014년 9월 26일 20시,금요일,제주특별자치도 제주시 연동,경상사고,0,0,1,0,차대차 - 추돌 - 진행중,안전거리미확보,건조,맑음,단일로 - 기타,승용,남,32세,상해없음,승용,여,51세,경상
2014092600100660,2014년 9월 26일 21시,금요일,제주특별자치도 제주시 일도이동,경상사고,0,0,1,0,차대사람 - 횡단중,안전운전불이행,건조,맑음,교차로 - 교차로안,승용,남,39세,상해없음,보행자,남,56세,경상
2014092600100661,2014년 9월 26일 21시,금요일,제주특별자치도 서귀포시 대정읍,경상사고,0,0,1,0,차대사람 - 기타,안전운전불이행,건조,맑음,단일로 - 기타,기타불명,기타불명,기타불명,기타불명,보행자,남,52세,경상
2014092700100018,2014년 9월 27일 00시,토요일,제주특별자치도 제주시 일도이동,중상사고,0,1,0,0,차량단독 - 전도전복,안전운전불이행,건조,맑음,기타 - 기타,원동기,남,16세,중상,,,,
2014092700100019,2014년 9월 27일 00시,토요일,제주특별자치도 제주시 애월읍,경상사고,0,0,1,0,차대사람 - 기타,안전운전불이행,건조,맑음,단일로 - 기타,승용,남,50세,상해없음,보행자,여,59세,경상
2014092700100112,2014년 9월 27일 05시,토요일,제주특별자치도 제주시 화북이동,중상사고,0,1,0,0,차대차 - 추돌 - 진행중,안전운전불이행,건조,맑음,교차로 - 교차로부근,승용,남,35세,중상,승합,남,56세,상해없음
2014092700100129,2014년 9월 27일 06시,토요일,제주특별자치도 제주시 한림읍,중상사고,0,1,0,0,차대차 - 기타,안전운전불이행,건조,맑음,단일로 - 기타,승용,남,47세,상해없음,농기계,남,59세,중상
2014092700100152,2014년 9월 27일 07시,토요일,제주특별자치도 제주시 조천읍,중상사고,0,1,1,0,차대차 - 측면직각충돌,신호위반,건조,맑음,교차로 - 교차로안,승용,남,47세,상해없음,승용,여,51세,중상
2014092700100182,2014년 9월 27일 08시,토요일,제주특별자치도 제주시 노형동,경상사고,0,0,1,0,차대차 - 기타,안전운전불이행,건조,맑음,단일로 - 기타,승용,여,37세,상해없음,원동기,남,22세,경상
2014092700100252,2014년 9월 27일 10시,토요일,제주특별자치도 제주시 일도일동,경상사고,0,0,1,0,차대사람 - 기타,안전운전불이행,건조,맑음,단일로 - 기타,승용,남,44세,상해없음,보행자,남,40세,경상
2014092700100253,2014년 9월 27일 10시,토요일,제주특별자치도 서귀포시 서귀동,부상신고사고,0,0,0,1,차대차 - 기타,안전거리미확보,건조,맑음,교차로 - 교차로안,승용,여,38세,부상신고,승용,남,30세,상해없음
2014092700100323,2014년 9월 27일 12시,토요일,제주특별자치도 서귀포시 남원읍,경상사고,0,0,1,0,차대차 - 측면직각충돌,신호위반,건조,맑음,교차로 - 교차로안,승용,남,35세,상해없음,승용,남,43세,경상
2014092700100447,2014년 9월 27일 15시,토요일,제주특별자치도 제주시 이도일동,경상사고,0,0,1,0,차량단독 - 공작물충돌,교차로운행방법위반,건조,맑음,교차로 - 교차로부근,승용,남,45세,상해없음,,,,
2014092700100491,2014년 9월 27일 16시,토요일,제주특별자치도 제주시 아라일동,중상사고,0,1,0,0,차대차 - 추돌 - 진행중,안전운전불이행,건조,맑음,단일로 - 횡단보도상,승합,남,52세,상해없음,자전거,남,12세,중상
2014092700100492,2014년 9월 27일 16시,토요일,제주특별자치도 서귀포시 서귀동,부상신고사고,0,0,0,1,차대차 - 기타,안전운전불이행,건조,맑음,단일로 - 기타,원동기,남,44세,상해없음,원동기,남,31세,부상신고
2014092700100493,2014년 9월 27일 16시,토요일,제주특별자치도 제주시 한림읍,중상사고,0,1,0,0,차량단독 - 전도전복,안전운전불이행,건조,맑음,단일로 - 기타,원동기,남,69세,중상,,,,
2014092700100529,2014년 9월 27일 17시,토요일,제주특별자치도 제주시 이도일동,경상사고,0,0,1,0,차대차 - 추돌 - 진행중,중앙선침범,건조,맑음,단일로 - 기타,승용,남,38세,상해없음,이륜,남,18세,경상
2014092700100612,2014년 9월 27일 19시,토요일,제주특별자치도 제주시 이도이동,경상사고,0,0,1,0,차대차 - 기타,교차로운행방법위반,건조,맑음,교차로 - 교차로부근,승용,남,52세,상해없음,자전거,남,19세,경상
2014092700100613,2014년 9월 27일 19시,토요일,제주특별자치도 서귀포시 서귀동,중상사고,0,1,0,0,차대사람 - 기타,안전운전불이행,건조,맑음,단일로 - 기타,승용,남,30세,상해없음,보행자,남,51세,중상
2014092700100684,2014년 9월 27일 21시,토요일,제주특별자치도 제주시 오라일동,경상사고,0,0,1,0,차대차 - 추돌 - 진행중,안전거리미확보,건조,맑음,단일로 - 기타,승용,남,26세,상해없음,승용,여,42세,경상
2014092800100067,2014년 9월 28일 03시,일요일,제주특별자치도 제주시 이도일동,경상사고,0,0,2,0,차대차 - 추돌 - 진행중,안전운전불이행,건조,맑음,단일로 - 기타,화물,남,52세,상해없음,승용,남,66세,경상
2014092800100098,2014년 9월 28일 06시,일요일,제주특별자치도 제주시 일도이동,중상사고,0,1,1,0,차대차 - 추돌 - 진행중,안전운전불이행,건조,맑음,기타 - 기타,승용,여,22세,경상,화물,남,48세,중상
2014092800100133,2014년 9월 28일 08시,일요일,제주특별자치도 서귀포시 남원읍,경상사고,0,0,1,0,차대차 - 추돌 - 진행중,안전운전불이행,건조,맑음,단일로 - 기타,화물,남,66세,상해없음,화물,남,31세,경상
2014092800100142,2014년 9월 28일 09시,일요일,제주특별자치도 제주시 애월읍,중상사고,0,1,0,0,차대차 - 기타,안전운전불이행,건조,맑음,단일로 - 기타,승용,남,27세,상해없음,농기계,남,76세,중상
2014092800100162,2014년 9월 28일 10시,일요일,제주특별자치도 제주시 구좌읍,경상사고,0,0,1,0,차대차 - 측면직각충돌,차로위반,기타,맑음,단일로 - 기타,승용,남,29세,상해없음,화물,남,35세,경상
2014092800100181,2014년 9월 28일 11시,일요일,제주특별자치도 제주시 애월읍,경상사고,0,0,1,0,차대차 - 기타,기타,건조,맑음,교차로 - 교차로안,승용,남,62세,상해없음,원동기,여,41세,경상