사고번호,사고일시,요일,시군구,사고내용,사망자수,중상자수,경상자수,부상신고자수,사고유형,법규위반,노면상태,기상상태,도로형태,가해운전자 차종,가해운전자 성별,가해운전자 연령,가해운전자 상해정도,피해운전자 차종,피해운전자 성별,피해운전자 연령,피해운전자 상해정도
2014110800100621,2014년 11월 8일 22시,토요일,제주특별자치도 제주시 이도일동,경상사고,0,0,1,0,차대차 - 측면직각충돌,중앙선침범,건조,맑음,단일로 - 기타,승용,남,31세,상해없음,승용,남,52세,경상
2014110900100024,2014년 11월 9일 00시,일요일,제주특별자치도 제주시 삼도일동,경상사고,0,0,1,0,차대차 - 측면직각충돌,신호위반,습기,비,교차로 - 교차로안,승용,여,55세,상해없음,승용,남,61세,상해없음
2014110900100107,2014년 11월 9일 07시,일요일,제주특별자치도 제주시 용담일동,경상사고,0,0,1,0,차대차 - 추돌 - 진행중,안전거리미확보,건조,맑음,교차로 - 교차로안,승합,남,65세,상해없음,승용,남,67세,상해없음
2014110900100159,2014년 11월 9일 10시,일요일,제주특별자치도 서귀포시 안덕면,경상사고,0,0,1,0,차대차 - 기타,안전운전불이행,건조,맑음,교차로 - 교차로안,승용,여,61세,경상,승용,여,44세,상해없음
2014110900100176,2014년 11월 9일 11시,일요일,제주특별자치도 제주시 우도면,중상사고,0,1,0,0,차대사람 - 기타,안전운전불이행,건조,맑음,교차로 - 교차로안,이륜,여,35세,상해없음,보행자,남,54세,중상
2014110900100177,2014년 11월 9일 11시,일요일,제주특별자치도 제주시 용담일동,경상사고,0,0,2,0,차대차 - 추돌 - 진행중,안전운전불이행,건조,맑음,교차로 - 교차로부근,승용,남,63세,상해없음,승용,남,59세,경상
2014110900100199,2014년 11월 9일 12시,일요일,제주특별자치도 서귀포시 표선면,경상사고,0,0,2,0,차대차 - 측면직각충돌,안전운전불이행,건조,맑음,단일로 - 기타,승합,남,57세,상해없음,승용,남,67세,경상
2014110900100200,2014년 11월 9일 12시,일요일,제주특별자치도 서귀포시 보목동,경상사고,0,0,1,0,차대사람 - 기타,안전운전불이행,건조,맑음,단일로 - 기타,승용,남,27세,상해없음,보행자,남,4세,경상
2014110900100201,2014년 11월 9일 12시,일요일,제주특별자치도 제주시 용담이동,경상사고,0,0,1,0,차량단독 - 공작물충돌,안전운전불이행,건조,맑음,단일로 - 기타,승용,여,40세,경상,,,,
2014110900100234,2014년 11월 9일 13시,일요일,제주특별자치도 제주시 우도면,경상사고,0,0,1,0,차대차 - 추돌 - 진행중,안전운전불이행,건조,맑음,단일로 - 기타,이륜,남,36세,상해없음,승용,남,52세,상해없음
2014110900100268,2014년 11월 9일 14시,일요일,제주특별자치도 서귀포시 남원읍,경상사고,0,0,1,0,차대차 - 측면직각충돌,기타,건조,맑음,교차로 - 교차로안,화물,남,49세,상해없음,승용,여,29세,상해없음
2014110900100269,2014년 11월 9일 14시,일요일,제주특별자치도 제주시 애월읍,경상사고,0,0,1,2,차대차 - 기타,교차로운행방법위반,건조,맑음,교차로 - 교차로안,승용,남,70세,상해없음,승용,남,19세,경상
2014110900100335,2014년 11월 9일 16시,일요일,제주특별자치도 서귀포시 대정읍,중상사고,0,1,0,0,차대차 - 기타,직진우회전진행방해,건조,맑음,교차로 - 교차로안,이륜,여,69세,중상,화물,남,67세,상해없음
2014110900100412,2014년 11월 9일 18시,일요일,제주특별자치도 제주시 애월읍,중상사고,0,1,0,0,차대차 - 기타,안전거리미확보,건조,맑음,단일로 - 기타,승용,여,34세,상해없음,승용,여,59세,중상
2014110900100509,2014년 11월 9일 21시,일요일,제주특별자치도 제주시 삼도일동,경상사고,0,0,1,0,차대사람 - 횡단중,안전운전불이행,건조,맑음,단일로 - 기타,승용,여,28세,상해없음,보행자,여,22세,경상
2014111000100010,2014년 11월 10일 00시,월요일,제주특별자치도 제주시 오라일동,중상사고,0,1,0,0,차대사람 - 횡단중,안전운전불이행,건조,맑음,교차로 - 교차로부근,승용,남,41세,상해없음,보행자,남,55세,중상
2014111000100019,2014년 11월 10일 01시,월요일,제주특별자치도 서귀포시 중문동,경상사고,0,0,1,0,차대차 - 기타,중앙선침범,건조,맑음,단일로 - 기타,승용,남,51세,상해없음,승용,여,28세,기타불명
2014111000100130,2014년 11월 10일 08시,월요일,제주특별자치도 제주시 도남동,경상사고,0,0,1,0,차대사람 - 기타,안전운전불이행,건조,맑음,단일로 - 기타,승용,여,33세,상해없음,보행자,여,23세,경상
2014111000100131,2014년 11월 10일 08시,월요일,제주특별자치도 서귀포시 대정읍,경상사고,0,0,1,0,차대차 - 기타,직진우회전진행방해,건조,맑음,교차로 - 교차로안,승용,남,31세,상해없음,승용,여,53세,경상
2014111000100161,2014년 11월 10일 09시,월요일,제주특별자치도 서귀포시 남원읍,중상사고,0,3,1,0,차대차 - 측면직각충돌,직진우회전진행방해,건조,맑음,교차로 - 교차로안,승용,남,39세,경상,화물,남,62세,중상
2014111000100162,2014년 11월 10일 09시,월요일,제주특별자치도 제주시 용담이동,경상사고,0,0,1,0,차대차 - 기타,안전운전불이행,건조,맑음,단일로 - 기타,승용,남,30세,상해없음,원동기,남,44세,경상
2014111000100360,2014년 11월 10일 15시,월요일,제주특별자치도 제주시 조천읍,중상사고,0,2,0,0,차대차 - 기타,안전운전불이행,건조,맑음,단일로 - 기타,승용,남,45세,상해없음,승용,남,30세,중상
2014111000100447,2014년 11월 10일 17시,월요일,제주특별자치도 제주시 구좌읍,중상사고,0,1,0,0,차대차 - 기타,교차로운행방법위반,건조,맑음,교차로 - 교차로안,화물,남,45세,상해없음,이륜,여,79세,중상
2014111000100520,2014년 11월 10일 18시,월요일,제주특별자치도 서귀포시 안덕면,경상사고,0,0,2,0,차대차 - 기타,직진우회전진행방해,건조,맑음,교차로 - 교차로안,화물,남,59세,상해없음,승용,여,37세,경상
2014111000100521,2014년 11월 10일 18시,월요일,제주특별자치도 서귀포시 안덕면,중상사고,0,1,0,0,차대차 - 기타,안전운전불이행,건조,맑음,단일로 - 기타,화물,남,63세,상해없음,승합,남,45세,중상
2014111000100553,2014년 11월 10일 19시,월요일,제주특별자치도 제주시 화북일동,중상사고,0,1,0,0,차대사람 - 기타,안전운전불이행,건조,맑음,단일로 - 기타,승용,남,33세,상해없음,보행자,여,67세,중상
2014111000100554,2014년 11월 10일 19시,월요일,제주특별자치도 제주시 연동,중상사고,0,1,2,0,차대차 - 기타,안전운전불이행,건조,맑음,교차로 - 교차로부근,승용,남,66세,경상,승용,남,27세,경상
2014111000100594,2014년 11월 10일 20시,월요일,제주특별자치도 서귀포시 표선면,중상사고,0,1,0,0,차대사람 - 횡단중,보행자보호의무위반,건조,맑음,교차로 - 교차로부근,승용,남,36세,상해없음,보행자,남,65세,중상
2014111000100672,2014년 11월 10일 23시,월요일,제주특별자치도 제주시 이도일동,경상사고,0,0,2,0,차대차 - 추돌 - 진행중,안전운전불이행,건조,맑음,교차로 - 교차로부근,승용,남,47세,상해없음,승용,남,46세,경상
2014111100100079,2014년 11월 11일 06시,화요일,제주특별자치도 서귀포시 중문동,중상사고,0,1,0,0,차대사람 - 기타,보행자보호의무위반,건조,맑음,교차로 - 교차로안,승용,여,48세,상해없음,보행자,남,49세,중상
2014111100100101,2014년 11월 11일 07시,화요일,제주특별자치도 제주시 삼도이동,경상사고,0,0,2,0,차대차 - 측면직각충돌,안전운전불이행,건조,맑음,교차로 - 교차로안,승용,남,29세,상해없음,승용,남,35세,경상
2014111100100144,2014년 11월 11일 08시,화요일,제주특별자치도 제주시 연동,중상사고,0,1,0,0,차대차 - 기타,안전거리미확보,건조,맑음,단일로 - 기타,화물,남,55세,상해없음,원동기,남,22세,중상
2014111100100145,2014년 11월 11일 08시,화요일,제주특별자치도 제주시 한림읍,경상사고,0,0,2,0,차대차 - 기타,직진우회전진행방해,건조,맑음,교차로 - 교차로안,승용,남,64세,경상,화물,남,47세,경상
2014111100100146,2014년 11월 11일 08시,화요일,제주특별자치도 제주시 애월읍,중상사고,0,1,0,0,차대차 - 기타,안전운전불이행,건조,맑음,단일로 - 기타,승용,여,35세,상해없음,승용,남,51세,상해없음
2014111100100374,2014년 11월 11일 16시,화요일,제주특별자치도 제주시 구좌읍,경상사고,0,0,1,0,차대차 - 측면직각충돌,안전운전불이행,건조,맑음,단일로 - 기타,승용,남,77세,경상,승용,남,71세,상해없음
2014111100100416,2014년 11월 11일 17시,화요일,제주특별자치도 제주시 아라일동,중상사고,0,1,0,0,차량단독 - 공작물충돌,안전운전불이행,건조,맑음,교차로 - 교차로부근,승합,남,48세,상해없음,,,,
2014111100100473,2014년 11월 11일 18시,화요일,제주특별자치도 서귀포시 동홍동,중상사고,0,1,0,0,차대차 - 추돌 - 진행중,안전운전불이행,건조,맑음,단일로 - 기타,원동기,남,53세,상해없음,자전거,남,21세,중상
2014111100100474,2014년 11월 11일 18시,화요일,제주특별자치도 서귀포시 대정읍,중상사고,0,1,0,0,차량단독 - 공작물충돌,안전운전불이행,기타,맑음,기타 - 기타,원동기,여,51세,중상,,,,
2014111200100023,2014년 11월 12일 00시,수요일,제주특별자치도 서귀포시 신효동,중상사고,0,1,0,0,차대차 - 기타,교차로운행방법위반,건조,맑음,교차로 - 교차로안,화물,남,43세,상해없음,자전거,남,39세,중상
2014111200100088,2014년 11월 12일 05시,수요일,제주특별자치도 제주시 이도이동,경상사고,0,0,2,1,차대차 - 측면직각충돌,신호위반,습기,비,교차로 - 교차로안,승용,여,38세,부상신고,화물,남,61세,경상
2014111200100195,2014년 11월 12일 08시,수요일,제주특별자치도 서귀포시 강정동,경상사고,0,0,2,0,차대사람 - 기타,안전운전불이행,건조,맑음,단일로 - 기타,승용,남,62세,상해없음,보행자,남,42세,경상
2014111200100227,2014년 11월 12일 09시,수요일,제주특별자치도 제주시 애월읍,중상사고,0,2,0,0,차대차 - 기타,직진우회전진행방해,습기,흐림,교차로 - 교차로부근,승용,남,34세,중상,승용,여,29세,중상
2014111200100253,2014년 11월 12일 10시,수요일,제주특별자치도 제주시 오라일동,중상사고,0,3,0,0,차대차 - 추돌 - 진행중,안전거리미확보,기타,맑음,단일로 - 기타,승용,남,21세,상해없음,승용,남,27세,상해없음
2014111200100282,2014년 11월 12일 11시,수요일,제주특별자치도 제주시 아라일동,경상사고,0,0,2,0,차대차 - 추돌 - 진행중,안전거리미확보,건조,맑음,단일로 - 기타,승용,남,39세,상해없음,승용,여,41세,경상
2014111200100283,2014년 11월 12일 11시,수요일,제주특별자치도 서귀포시 안덕면,경상사고,0,0,2,0,차대차 - 추돌 - 진행중,안전운전불이행,건조,흐림,교차로 - 교차로안,화물,남,52세,상해없음,화물,남,36세,경상
2014111200100370,2014년 11월 12일 14시,수요일,제주특별자치도 서귀포시 동홍동,경상사고,0,0,1,0,차대차 - 기타,안전운전불이행,건조,맑음,교차로 - 교차로부근,화물,남,30세,기타불명,승용,여,48세,경상
2014111200100409,2014년 11월 12일 15시,수요일,제주특별자치도 서귀포시 신효동,경상사고,0,0,1,1,차대차 - 추돌 - 진행중,직진우회전진행방해,건조,맑음,교차로 - 교차로안,승용,남,46세,부상신고,승용,남,36세,상해없음
2014111200100447,2014년 11월 12일 16시,수요일,제주특별자치도 제주시 이도이동,경상사고,0,0,1,0,차대차 - 추돌 - 진행중,안전운전불이행,건조,맑음,교차로 - 교차로부근,이륜,남,21세,경상,승용,남,21세,상해없음
2014111200100489,2014년 11월 12일 17시,수요일,제주특별자치도 제주시 연동,경상사고,0,0,1,0,차대차 - 기타,안전운전불이행,건조,맑음,단일로 - 기타,화물,남,61세,상해없음,승용,남,42세,경상
2014111200100660,2014년 11월 12일 20시,수요일,제주특별자치도 제주시 노형동,경상사고,0,0,1,0,차대차 - 기타,안전운전불이행,건조,맑음,단일로 - 기타,화물,남,40세,상해없음,승용,남,40세,상해없음
2014111200100690,2014년 11월 12일 21시,수요일,제주특별자치도 서귀포시 서귀동,경상사고,0,0,1,0,차대차 - 추돌 - 진행중,안전거리미확보,건조,맑음,교차로 - 교차로안,승용,남,34세,상해없음,이륜,남,46세,경상
2014111200100744,2014년 11월 12일 23시,수요일,제주특별자치도 제주시 용담이동,경상사고,0,0,1,1,차대차 - 기타,안전운전불이행,건조,맑음,교차로 - 교차로안,원동기,남,17세,부상신고,승용,남,33세,경상
2014111300100137,2014년 11월 13일 08시,목요일,제주특별자치도 서귀포시 남원읍,중상사고,0,1,0,0,차대차 - 측면직각충돌,안전운전불이행,건조,맑음,단일로 - 기타,화물,남,61세,상해없음,원동기,여,73세,중상
2014111300100138,2014년 11월 13일 08시,목요일,제주특별자치도 서귀포시 남원읍,경상사고,0,0,1,0,차대사람 - 기타,안전운전불이행,건조,맑음,단일로 - 기타,화물,남,64세,상해없음,보행자,남,57세,경상
2014111300100204,2014년 11월 13일 10시,목요일,제주특별자치도 제주시 봉개동,중상사고,0,3,1,0,차대차 - 추돌 - 진행중,안전거리미확보,건조,맑음,단일로 - 기타,승용,여,66세,상해없음,승합,남,57세,중상
2014111300100205,2014년 11월 13일 10시,목요일,제주특별자치도 제주시 화북일동,경상사고,0,0,2,0,차대차 - 추돌 - 진행중,안전운전불이행,건조,맑음,기타 - 기타,승용,남,38세,상해없음,승용,여,61세,경상
2014111300100240,2014년 11월 13일 11시,목요일,제주특별자치도 제주시 아라일동,중상사고,0,1,1,0,차대차 - 추돌 - 진행중,중앙선침범,습기,비,기타 - 기타,승용,남,40세,경상,화물,남,54세,중상
2014111300100241,2014년 11월 13일 11시,목요일,제주특별자치도 제주시 오라일동,경상사고,0,0,1,0,차대차 - 추돌 - 진행중,신호위반,건조,맑음,교차로 - 교차로안,승합,남,41세,상해없음,승용,남,38세,경상
2014111300100242,2014년 11월 13일 11시,목요일,제주특별자치도 서귀포시 서귀동,경상사고,0,0,1,0,차대사람 - 기타,안전운전불이행,건조,맑음,단일로 - 기타,승용,남,28세,상해없음,보행자,남,76세,경상
2014111300100243,2014년 11월 13일 11시,목요일,제주특별자치도 제주시 용담이동,경상사고,0,0,3,0,차대차 - 추돌 - 진행중,안전거리미확보,건조,흐림,교차로 - 교차로부근,승합,남,43세,상해없음,승합,남,57세,경상
2014111300100277,2014년 11월 13일 12시,목요일,제주특별자치도 제주시 연동,부상신고사고,0,0,0,1,차대차 - 측면직각충돌,직진우회전진행방해,건조,맑음,교차로 - 교차로안,화물,남,37세,상해없음,승용,여,53세,부상신고
2014111300100311,2014년 11월 13일 13시,목요일,제주특별자치도 제주시 이도이동,경상사고,0,0,1,0,차대차 - 추돌 - 진행중,안전운전불이행,건조,맑음,단일로 - 기타,승용,남,68세,기타불명,화물,남,60세,경상
2014111300100344,2014년 11월 13일 14시,목요일,제주특별자치도 서귀포시 남원읍,중상사고,0,1,0,0,차량단독 - 전도전복,안전운전불이행,습기,비,단일로 - 기타,화물,남,63세,상해없음,,,,
2014111300100377,2014년 11월 13일 15시,목요일,제주특별자치도 제주시 이도이동,경상사고,0,0,1,0,차대사람 - 횡단중,보행자보호의무위반,습기,비,단일로 - 횡단보도상,승합,남,61세,상해없음,보행자,남,7세,경상
2014111300100378,2014년 11월 13일 15시,목요일,제주특별자치도 서귀포시 색달동,경상사고,0,0,1,0,차대차 - 기타,안전운전불이행,기타,흐림,단일로 - 기타,승용,남,52세,상해없음,승용,남,39세,경상
2014111300100379,2014년 11월 13일 15시,목요일,제주특별자치도 제주시 연동,경상사고,0,0,1,0,차대차 - 기타,직진우회전진행방해,건조,흐림,교차로 - 교차로안,승용,남,47세,상해없음,승용,여,44세,경상
2014111300100411,2014년 11월 13일 16시,목요일,제주특별자치도 서귀포시 남원읍,중상사고,0,2,0,0,차대차 - 측면직각충돌,직진우회전진행방해,건조,맑음,교차로 - 교차로안,승용,여,37세,중상,화물,여,56세,중상
2014111300100524,2014년 11월 13일 18시,목요일,제주특별자치도 제주시 아라이동,경상사고,0,0,1,0,차대차 - 기타,직진우회전진행방해,건조,흐림,교차로 - 교차로안,화물,남,69세,상해없음,이륜,남,69세,경상
2014111300100582,2014년 11월 13일 19시,목요일,제주특별자치도 제주시 건입동,중상사고,0,1,0,0,차대사람 - 횡단중,보행자보호의무위반,건조,맑음,단일로 - 횡단보도상,승용,남,36세,상해없음,보행자,남,38세,중상
2014111300100611,2014년 11월 13일 20시,목요일,제주특별자치도 제주시 삼도일동,경상사고,0,0,1,0,차대차 - 추돌 - 진행중,안전운전불이행,건조,맑음,교차로 - 교차로부근,승용,남,39세,상해없음,승용,남,28세,경상
2014111300100640,2014년 11월 13일 21시,목요일,제주특별자치도 제주시 조천읍,중상사고,0,1,0,0,차대차 - 측면직각충돌,교차로운행방법위반,건조,맑음,교차로 - 교차로안,승용,여,69세,상해없음,원동기,남,16세,중상
2014111400100017,2014년 11월 14일 00시,금요일,제주특별자치도 제주시 일도이동,경상사고,0,0,1,0,차대차 - 추돌 - 진행중,안전운전불이행,건조,맑음,단일로 - 기타,승용,남,57세,상해없음,승용,남,67세,상해없음
2014111400100018,2014년 11월 14일 00시,금요일,제주특별자치도 제주시 연동,부상신고사고,0,0,0,1,차대사람 - 기타,보행자보호의무위반,건조,맑음,교차로 - 교차로부근,승용,남,44세,상해없음,보행자,남,44세,부상신고
2014111400100019,2014년 11월 14일 00시,금요일,제주특별자치도 제주시 노형동,중상사고,0,1,1,0,차대차 - 추돌 - 진행중,안전운전불이행,습기,비,단일로 - 기타,승용,남,43세,상해없음,이륜,남,18세,중상
2014111400100300,2014년 11월 14일 12시,금요일,제주특별자치도 서귀포시 남원읍,경상사고,0,0,1,0,차대차 - 기타,안전운전불이행,습기,비,단일로 - 기타,승용,남,31세,상해없음,승용,여,40세,경상
2014111400100335,2014년 11월 14일 13시,금요일,제주특별자치도 서귀포시 표선면,경상사고,0,0,1,0,차대차 - 기타,안전운전불이행,건조,맑음,단일로 - 기타,승합,남,31세,상해없음,농기계,남,76세,경상
2014111400100336,2014년 11월 14일 13시,금요일,제주특별자치도 서귀포시 동홍동,경상사고,0,0,1,0,차대차 - 기타,직진우회전진행방해,건조,맑음,교차로 - 교차로안,승용,남,25세,상해없음,이륜,여,67세,경상
2014111400100380,2014년 11월 14일 14시,금요일,제주특별자치도 서귀포시 서귀동,부상신고사고,0,0,0,1,차대차 - 기타,안전운전불이행,건조,맑음,교차로 - 교차로안,이륜,남,27세,부상신고,승용,남,40세,상해없음
2014111400100424,2014년 11월 14일 15시,금요일,제주특별자치도 제주시 노형동,경상사고,0,0,2,0,차대차 - 기타,안전운전불이행,건조,맑음,교차로 - 교차로부근,승용,남,38세,상해없음,승용,남,60세,경상
2014111400100520,2014년 11월 14일 17시,금요일,제주특별자치도 제주시 삼도일동,경상사고,0,0,1,0,차대차 - 추돌 - 진행중,안전운전불이행,건조,맑음,교차로 - 교차로부근,자전거,남,15세,경상,승용,남,26세,상해없음
2014111400100521,2014년 11월 14일 17시,금요일,제주특별자치도 제주시 용담이동,경상사고,0,0,1,0,차대차 - 기타,안전거리미확보,건조,흐림,단일로 - 기타,승용,남,47세,상해없음,화물,남,70세,경상
2014111400100585,2014년 11월 14일 18시,금요일,제주특별자치도 제주시 일도이동,경상사고,0,0,2,0,차대차 - 추돌 - 진행중,안전운전불이행,건조,맑음,교차로 - 교차로부근,승용,남,22세,경상,승용,여,27세,경상
2014111400100586,2014년 11월 14일 18시,금요일,제주특별자치도 제주시 오라이동,경상사고,0,0,1,0,차대차 - 기타,안전운전불이행,건조,맑음,단일로 - 기타,승용,남,48세,상해없음,승용,남,25세,경상
2014111400100641,2014년 11월 14일 19시,금요일,제주특별자치도 서귀포시 동홍동,경상사고,0,0,1,0,차대차 - 기타,직진우회전진행방해,건조,맑음,교차로 - 교차로안,승용,남,27세,기타불명,승용,여,64세,경상
2014111400100681,2014년 11월 14일 20시,금요일,제주특별자치도 제주시 이도이동,중상사고,0,1,1,0,차대차 - 측면직각충돌,교차로운행방법위반,건조,맑음,교차로 - 교차로안,승용,여,42세,상해없음,승용,여,32세,중상
2014111400100682,2014년 11월 14일 20시,금요일,제주특별자치도 제주시 노형동,중상사고,0,1,0,0,차대차 - 기타,안전운전불이행,건조,흐림,단일로 - 기타,승용,여,49세,상해없음,원동기,여,60세,중상
2014111500100120,2014년 11월 15일 06시,토요일,제주특별자치도 제주시 도남동,중상사고,0,1,0,0,차대차 - 측면직각충돌,안전거리미확보,건조,맑음,단일로 - 기타,승용,남,53세,상해없음,원동기,남,58세,중상
2014111500100168,2014년 11월 15일 08시,토요일,제주특별자치도 제주시 영평동,경상사고,0,0,1,0,차대차 - 추돌 - 진행중,안전운전불이행,건조,맑음,교차로 - 교차로부근,화물,남,42세,상해없음,승용,남,32세,경상
2014111500100190,2014년 11월 15일 09시,토요일,제주특별자치도 서귀포시 남원읍,중상사고,0,1,0,0,차대차 - 측면직각충돌,직진우회전진행방해,건조,맑음,교차로 - 교차로안,승용,여,65세,상해없음,승용,남,64세,상해없음
2014111500100327,2014년 11월 15일 13시,토요일,제주특별자치도 제주시 애월읍,중상사고,0,1,0,0,차대사람 - 기타,기타,건조,맑음,단일로 - 기타,승합,남,56세,상해없음,보행자,여,62세,중상
2014111500100477,2014년 11월 15일 17시,토요일,제주특별자치도 서귀포시 색달동,경상사고,0,0,1,0,차대차 - 기타,안전운전불이행,건조,맑음,교차로 - 교차로안,화물,남,38세,상해없음,농기계,남,65세,경상
2014111500100567,2014년 11월 15일 19시,토요일,제주특별자치도 서귀포시 동홍동,경상사고,0,0,1,0,차대차 - 기타,신호위반,건조,맑음,교차로 - 교차로안,승용,남,54세,상해없음,승용,남,55세,경상
2014111500100568,2014년 11월 15일 19시,토요일,제주특별자치도 제주시 노형동,부상신고사고,0,0,0,1,차대차 - 측면직각충돌,안전운전불이행,건조,맑음,교차로 - 교차로안,승용,남,32세,상해없음,이륜,남,23세,부상신고
2014111500100599,2014년 11월 15일 20시,토요일,제주특별자치도 제주시 연동,부상신고사고,0,0,0,2,차대차 - 측면직각충돌,신호위반,건조,맑음,교차로 - 교차로안,승용,남,38세,상해없음,승용,남,56세,부상신고
2014111500100628,2014년 11월 15일 21시,토요일,제주특별자치도 제주시 화북일동,경상사고,0,0,1,0,차대차 - 측면직각충돌,차로위반,건조,맑음,단일로 - 기타,승용,남,39세,상해없음,원동기,남,18세,경상
2014111600100023,2014년 11월 16일 00시,일요일,제주특별자치도 제주시 연동,경상사고,0,0,1,0,차대사람 - 기타,안전운전불이행,건조,맑음,단일로 - 기타,승용,남,53세,상해없음,보행자,남,46세,경상
2014111600100239,2014년 11월 16일 13시,일요일,제주특별자치도 제주시 조천읍,경상사고,0,0,1,0,차대차 - 기타,교차로운행방법위반,건조,맑음,교차로 - 교차로안,승합,남,31세,상해없음,승용,여,22세,경상
2014111600100302,2014년 11월 16일 15시,일요일,제주특별자치도 제주시 용담이동,경상사고,0,0,1,0,차대사람 - 기타,안전운전불이행,건조,맑음,단일로 - 기타,승용,여,30세,상해없음,보행자,남,22세,경상
2014111600100369,2014년 11월 16일 17시,일요일,제주특별자치도 서귀포시 토평동,중상사고,0,1,0,0,차대사람 - 기타,안전운전불이행,건조,맑음,단일로 - 기타,화물,남,73세,상해없음,보행자,여,56세,중상
2014111600100404,2014년 11월 16일 18시,일요일,제주특별자치도 서귀포시 도순동,경상사고,0,0,2,0,차대차 - 추돌 - 진행중,안전운전불이행,습기,흐림,단일로 - 기타,승용,남,39세,상해없음,승용,남,39세,경상
2014111600100405,2014년 11월 16일 18시,일요일,제주특별자치도 서귀포시 강정동,경상사고,0,0,1,0,차대차 - 측면직각충돌,안전거리미확보,건조,맑음,단일로 - 기타,승용,남,55세,상해없음,승용,여,56세,경상
2014111600100406,2014년 11월 16일 18시,일요일,제주특별자치도 제주시 한림읍,부상신고사고,0,0,0,1,차대차 - 기타,안전운전불이행,건조,흐림,단일로 - 기타,원동기,남,39세,상해없음,원동기,여,35세,부상신고
2014111600100556,2014년 11월 16일 23시,일요일,제주특별자치도 제주시 화북이동,경상사고,0,0,2,0,차대차 - 추돌 - 진행중,안전운전불이행,건조,맑음,교차로 - 교차로안,이륜,남,32세,경상,승용,남,35세,경상
2014111700100143,2014년 11월 17일 08시,월요일,제주특별자치도 제주시 한림읍,부상신고사고,0,0,0,1,차대사람 - 기타,안전운전불이행,건조,맑음,단일로 - 기타,기타불명,기타불명,기타불명,기타불명,보행자,남,12세,부상신고
2014111700100244,2014년 11월 17일 11시,월요일,제주특별자치도 서귀포시 대정읍,경상사고,0,0,1,0,차대차 - 기타,안전운전불이행,건조,맑음,교차로 - 교차로안,화물,남,77세,상해없음,원동기,여,62세,경상
2014111700100336,2014년 11월 17일 14시,월요일,제주특별자치도 서귀포시 성산읍,중상사고,0,1,0,0,차대차 - 측면직각충돌,직진우회전진행방해,건조,맑음,교차로 - 교차로안,화물,남,32세,상해없음,이륜,남,43세,중상
2014111700100405,2014년 11월 17일 16시,월요일,제주특별자치도 제주시 용담이동,경상사고,0,0,1,0,차대사람 - 횡단중,신호위반,건조,맑음,교차로 - 교차로안,승용,남,50세,상해없음,보행자,남,13세,경상
2014111700100432,2014년 11월 17일 17시,월요일,제주특별자치도 제주시 삼도이동,부상신고사고,0,0,0,1,차대차 - 추돌 - 주정차중,안전거리미확보,건조,맑음,단일로 - 기타,승용,남,66세,상해없음,승용,남,75세,부상신고
2014111700100433,2014년 11월 17일 17시,월요일,제주특별자치도 서귀포시 성산읍,중상사고,0,1,0,0,차대차 - 측면직각충돌,직진우회전진행방해,건조,맑음,교차로 - 교차로안,승용,남,51세,상해없음,원동기,남,68세,중상
2014111700100505,2014년 11월 17일 18시,월요일,제주특별자치도 서귀포시 남원읍,경상사고,0,0,3,0,차량단독 - 전도전복,안전운전불이행,건조,맑음,단일로 - 기타,화물,남,52세,경상,,,,
2014111700100547,2014년 11월 17일 19시,월요일,제주특별자치도 제주시 영평동,경상사고,0,0,1,0,차대사람 - 횡단중,보행자보호의무위반,건조,맑음,단일로 - 횡단보도상,승용,남,64세,상해없음,보행자,여,51세,경상
2014111700100580,2014년 11월 17일 20시,월요일,제주특별자치도 제주시 화북이동,경상사고,0,0,5,0,차대차 - 추돌 - 주정차중,안전운전불이행,건조,맑음,교차로 - 교차로부근,승용,남,31세,상해없음,승용,남,37세,경상
2014111700100655,2014년 11월 17일 22시,월요일,제주특별자치도 제주시 용담삼동,부상신고사고,0,0,0,1,차대차 - 측면직각충돌,교차로운행방법위반,건조,맑음,교차로 - 교차로안,기타불명,기타불명,기타불명,기타불명,승용,여,41세,부상신고
2014111800100145,2014년 11월 18일 08시,화요일,제주특별자치도 제주시 일도이동,부상신고사고,0,0,0,1,차대사람 - 횡단중,보행자보호의무위반,건조,맑음,교차로 - 교차로안,기타불명,기타불명,기타불명,기타불명,보행자,남,8세,부상신고
2014111800100146,2014년 11월 18일 08시,화요일,제주특별자치도 서귀포시 안덕면,경상사고,0,0,1,0,차대차 - 측면직각충돌,신호위반,건조,맑음,교차로 - 교차로안,승용,남,27세,상해없음,승용,여,48세,경상
2014111800100178,2014년 11월 18일 09시,화요일,제주특별자치도 제주시 일도이동,경상사고,0,0,1,0,차대사람 - 횡단중,안전운전불이행,건조,맑음,단일로 - 기타,승용,여,54세,상해없음,보행자,여,50세,경상