사고번호,사고일시,요일,시군구,사고내용,사망자수,중상자수,경상자수,부상신고자수,사고유형,법규위반,노면상태,기상상태,도로형태,가해운전자 차종,가해운전자 성별,가해운전자 연령,가해운전자 상해정도,피해운전자 차종,피해운전자 성별,피해운전자 연령,피해운전자 상해정도
2014111800100263,2014년 11월 18일 12시,화요일,제주특별자치도 제주시 조천읍,경상사고,0,0,1,0,차대차 - 추돌 - 진행중,안전거리미확보,건조,맑음,단일로 - 기타,승용,여,22세,경상,승합,남,57세,상해없음
2014111800100264,2014년 11월 18일 12시,화요일,제주특별자치도 제주시 용담이동,경상사고,0,0,2,0,차대차 - 기타,교차로운행방법위반,건조,맑음,교차로 - 교차로안,화물,남,62세,상해없음,승용,남,71세,경상
2014111800100292,2014년 11월 18일 13시,화요일,제주특별자치도 서귀포시 남원읍,경상사고,0,0,1,1,차대차 - 측면직각충돌,신호위반,건조,맑음,교차로 - 교차로안,화물,남,50세,부상신고,승용,남,25세,상해없음
2014111800100328,2014년 11월 18일 14시,화요일,제주특별자치도 제주시 일도이동,경상사고,0,0,1,0,차대차 - 추돌 - 진행중,안전거리미확보,건조,맑음,교차로 - 교차로부근,승용,남,74세,상해없음,원동기,남,39세,경상
2014111800100391,2014년 11월 18일 16시,화요일,제주특별자치도 서귀포시 안덕면,중상사고,0,1,0,0,차대차 - 기타,안전운전불이행,건조,맑음,교차로 - 교차로안,화물,남,41세,상해없음,자전거,남,4세,중상
2014111800100437,2014년 11월 18일 17시,화요일,제주특별자치도 제주시 용담이동,경상사고,0,0,2,1,차대차 - 기타,안전운전불이행,건조,맑음,교차로 - 교차로부근,승용,남,80세,상해없음,승용,남,50세,상해없음
2014111800100492,2014년 11월 18일 18시,화요일,제주특별자치도 제주시 조천읍,경상사고,0,0,2,0,차대차 - 추돌 - 진행중,안전운전불이행,건조,맑음,기타 - 기타,승용,여,41세,경상,승용,남,51세,경상
2014111800100493,2014년 11월 18일 18시,화요일,제주특별자치도 서귀포시 남원읍,경상사고,0,0,1,0,차대사람 - 기타,안전운전불이행,기타,맑음,기타 - 기타,화물,남,59세,상해없음,보행자,여,17세,경상
2014111800100537,2014년 11월 18일 19시,화요일,제주특별자치도 제주시 삼양이동,중상사고,0,1,0,0,차대차 - 추돌 - 진행중,차로위반,건조,맑음,단일로 - 기타,이륜,남,18세,상해없음,이륜,남,20세,중상
2014111800100538,2014년 11월 18일 19시,화요일,제주특별자치도 제주시 일도이동,중상사고,0,1,0,0,차대차 - 추돌 - 주정차중,안전운전불이행,습기,흐림,교차로 - 교차로부근,승용,남,38세,기타불명,승용,여,56세,중상
2014111800100578,2014년 11월 18일 20시,화요일,제주특별자치도 서귀포시 성산읍,부상신고사고,0,0,0,1,차량단독 - 공작물충돌,안전운전불이행,건조,맑음,단일로 - 기타,원동기,남,45세,부상신고,,,,
2014111800100658,2014년 11월 18일 23시,화요일,제주특별자치도 제주시 일도일동,중상사고,0,1,0,0,차대사람 - 기타,안전운전불이행,건조,맑음,단일로 - 기타,자전거,남,52세,상해없음,보행자,남,37세,중상
2014111900100091,2014년 11월 19일 06시,수요일,제주특별자치도 제주시 조천읍,중상사고,0,1,0,0,차대사람 - 횡단중,안전운전불이행,건조,맑음,교차로 - 교차로부근,승용,남,56세,상해없음,보행자,여,28세,중상
2014111900100119,2014년 11월 19일 07시,수요일,제주특별자치도 서귀포시 성산읍,중상사고,0,1,0,0,차대차 - 기타,안전운전불이행,건조,맑음,단일로 - 기타,화물,남,49세,상해없음,원동기,여,76세,중상
2014111900100236,2014년 11월 19일 10시,수요일,제주특별자치도 제주시 우도면,경상사고,0,0,1,0,차대차 - 추돌 - 진행중,안전운전불이행,건조,맑음,기타 - 기타,승합,남,54세,상해없음,원동기,남,31세,경상
2014111900100258,2014년 11월 19일 11시,수요일,제주특별자치도 제주시 화북이동,중상사고,0,1,0,0,차대차 - 측면직각충돌,신호위반,건조,맑음,교차로 - 교차로안,승용,남,64세,상해없음,승용,남,52세,중상
2014111900100259,2014년 11월 19일 11시,수요일,제주특별자치도 제주시 애월읍,경상사고,0,0,3,0,차대차 - 기타,교차로운행방법위반,건조,맑음,교차로 - 교차로안,승용,여,46세,경상,승용,여,24세,경상
2014111900100319,2014년 11월 19일 13시,수요일,제주특별자치도 서귀포시 표선면,경상사고,0,0,1,0,차대차 - 측면직각충돌,직진우회전진행방해,건조,맑음,교차로 - 교차로안,이륜,여,52세,경상,승용,여,49세,상해없음
2014111900100459,2014년 11월 19일 17시,수요일,제주특별자치도 서귀포시 남원읍,경상사고,0,0,1,0,차대차 - 기타,안전운전불이행,건조,맑음,단일로 - 기타,승용,여,73세,상해없음,농기계,남,81세,경상
2014111900100460,2014년 11월 19일 17시,수요일,제주특별자치도 서귀포시 안덕면,중상사고,0,1,5,0,차대차 - 기타,신호위반,건조,맑음,교차로 - 교차로안,승합,남,55세,기타불명,승용,남,48세,중상
2014111900100569,2014년 11월 19일 19시,수요일,제주특별자치도 제주시 화북일동,경상사고,0,0,1,0,차대차 - 측면직각충돌,신호위반,건조,맑음,교차로 - 교차로안,승용,여,42세,상해없음,승합,남,56세,경상
2014111900100570,2014년 11월 19일 19시,수요일,제주특별자치도 제주시 이도이동,경상사고,0,0,1,0,차대차 - 측면직각충돌,중앙선침범,건조,맑음,교차로 - 교차로부근,승용,여,42세,상해없음,원동기,남,43세,경상
2014111900100604,2014년 11월 19일 20시,수요일,제주특별자치도 제주시 이도이동,중상사고,0,1,0,0,차대사람 - 횡단중,보행자보호의무위반,건조,기타,교차로 - 교차로안,승용,남,58세,상해없음,보행자,여,35세,중상
2014111900100605,2014년 11월 19일 20시,수요일,제주특별자치도 제주시 삼도일동,경상사고,0,0,1,0,차대차 - 추돌 - 진행중,안전운전불이행,건조,맑음,단일로 - 기타,승용,남,56세,상해없음,승용,남,60세,경상
2014112000100009,2014년 11월 20일 00시,목요일,제주특별자치도 제주시 노형동,경상사고,0,0,1,0,차대차 - 기타,안전운전불이행,건조,맑음,교차로 - 교차로부근,승용,여,19세,상해없음,승용,여,45세,경상
2014112000100021,2014년 11월 20일 01시,목요일,제주특별자치도 제주시 연동,경상사고,0,0,2,0,차대차 - 기타,신호위반,건조,맑음,교차로 - 교차로안,승용,남,25세,상해없음,승용,남,51세,경상
2014112000100030,2014년 11월 20일 02시,목요일,제주특별자치도 제주시 노형동,중상사고,0,1,1,0,차대차 - 기타,신호위반,건조,맑음,교차로 - 교차로안,승용,여,56세,중상,승용,남,47세,경상
2014112000100049,2014년 11월 20일 05시,목요일,제주특별자치도 서귀포시 남원읍,경상사고,0,0,2,0,차대차 - 기타,안전운전불이행,건조,맑음,교차로 - 교차로부근,승용,남,51세,상해없음,승용,여,59세,경상
2014112000100289,2014년 11월 20일 12시,목요일,제주특별자치도 서귀포시 토평동,경상사고,0,0,1,0,차대차 - 기타,안전운전불이행,건조,맑음,단일로 - 기타,화물,남,42세,상해없음,이륜,남,19세,경상
2014112000100315,2014년 11월 20일 13시,목요일,제주특별자치도 서귀포시 상예동,중상사고,0,1,0,0,차량단독 - 기타,안전운전불이행,건조,맑음,단일로 - 기타,이륜,남,82세,중상,,,,
2014112000100358,2014년 11월 20일 14시,목요일,제주특별자치도 제주시 삼도일동,경상사고,0,0,1,0,차대차 - 추돌 - 주정차중,안전운전불이행,건조,맑음,교차로 - 교차로부근,승합,남,56세,상해없음,승용,남,53세,경상
2014112000100359,2014년 11월 20일 14시,목요일,제주특별자치도 서귀포시 서귀동,중상사고,0,1,0,0,차대차 - 기타,직진우회전진행방해,건조,맑음,교차로 - 교차로안,이륜,남,63세,중상,화물,남,46세,상해없음
2014112000100400,2014년 11월 20일 15시,목요일,제주특별자치도 제주시 구좌읍,중상사고,0,1,0,0,차대차 - 추돌 - 진행중,중앙선침범,건조,맑음,교차로 - 교차로안,농기계,남,73세,중상,승용,남,70세,상해없음
2014112000100497,2014년 11월 20일 17시,목요일,제주특별자치도 제주시 용담삼동,경상사고,0,0,2,0,차대차 - 기타,중앙선침범,건조,맑음,단일로 - 기타,승용,여,40세,경상,승용,남,38세,경상
2014112000100560,2014년 11월 20일 18시,목요일,제주특별자치도 제주시 조천읍,경상사고,0,0,1,0,차대차 - 추돌 - 주정차중,안전운전불이행,건조,맑음,단일로 - 기타,승용,여,53세,경상,화물,남,66세,상해없음
2014112000100561,2014년 11월 20일 18시,목요일,제주특별자치도 제주시 연동,중상사고,0,1,0,0,차대사람 - 기타,안전운전불이행,건조,맑음,단일로 - 기타,화물,남,24세,상해없음,보행자,남,51세,중상
2014112000100610,2014년 11월 20일 19시,목요일,제주특별자치도 서귀포시 표선면,부상신고사고,0,0,0,1,차량단독 - 기타,안전운전불이행,건조,맑음,단일로 - 기타,원동기,남,59세,부상신고,,,,
2014112000100720,2014년 11월 20일 22시,목요일,제주특별자치도 제주시 연동,경상사고,0,0,1,0,차대사람 - 기타,안전운전불이행,건조,맑음,단일로 - 기타,승용,남,37세,상해없음,보행자,남,14세,경상
2014112100100017,2014년 11월 21일 00시,금요일,제주특별자치도 제주시 이도이동,경상사고,0,0,1,0,차대사람 - 횡단중,안전운전불이행,건조,맑음,교차로 - 교차로안,승용,남,33세,상해없음,보행자,여,30세,경상
2014112100100032,2014년 11월 21일 01시,금요일,제주특별자치도 제주시 삼도일동,경상사고,0,0,1,0,차대차 - 추돌 - 진행중,안전운전불이행,건조,맑음,교차로 - 교차로안,승용,남,64세,상해없음,승용,남,37세,경상
2014112100100053,2014년 11월 21일 04시,금요일,제주특별자치도 서귀포시 서홍동,사망사고,1,0,0,0,차대차 - 기타,안전운전불이행,건조,맑음,단일로 - 기타,승용,남,30세,상해없음,자전거,남,75세,사망
2014112100100098,2014년 11월 21일 07시,금요일,제주특별자치도 서귀포시 서귀동,경상사고,0,0,1,0,차대차 - 추돌 - 주정차중,신호위반,건조,맑음,교차로 - 교차로안,화물,남,53세,상해없음,승용,여,54세,경상
2014112100100261,2014년 11월 21일 13시,금요일,제주특별자치도 제주시 이도이동,경상사고,0,0,1,0,차대사람 - 횡단중,안전운전불이행,건조,맑음,단일로 - 기타,승용,남,29세,상해없음,보행자,여,69세,경상
2014112100100279,2014년 11월 21일 14시,금요일,제주특별자치도 제주시 노형동,경상사고,0,0,1,0,차대차 - 측면직각충돌,안전운전불이행,건조,맑음,교차로 - 교차로안,승용,남,63세,상해없음,승용,남,34세,경상
2014112100100321,2014년 11월 21일 15시,금요일,제주특별자치도 제주시 이도이동,경상사고,0,0,1,0,차대차 - 추돌 - 진행중,중앙선침범,건조,맑음,교차로 - 교차로부근,원동기,남,33세,경상,승용,남,51세,상해없음
2014112100100398,2014년 11월 21일 17시,금요일,제주특별자치도 제주시 일도이동,경상사고,0,0,1,0,차대사람 - 보도통행중,기타,건조,맑음,단일로 - 기타,승용,남,66세,상해없음,보행자,남,10세,경상
2014112100100464,2014년 11월 21일 18시,금요일,제주특별자치도 제주시 건입동,중상사고,0,1,0,0,차대사람 - 횡단중,안전운전불이행,건조,맑음,교차로 - 교차로안,승용,남,53세,상해없음,보행자,여,61세,중상
2014112100100511,2014년 11월 21일 19시,금요일,제주특별자치도 제주시 오라이동,부상신고사고,0,0,0,1,차대차 - 기타,안전거리미확보,건조,흐림,교차로 - 교차로부근,승용,남,31세,상해없음,승용,남,50세,상해없음
2014112100100580,2014년 11월 21일 21시,금요일,제주특별자치도 제주시 도남동,중상사고,0,1,1,0,차대사람 - 횡단중,안전운전불이행,건조,맑음,단일로 - 기타,화물,남,33세,상해없음,보행자,남,40세,경상
2014112200100108,2014년 11월 22일 05시,토요일,제주특별자치도 제주시 연동,중상사고,0,1,1,0,차대차 - 기타,중앙선침범,건조,맑음,단일로 - 기타,승용,남,44세,상해없음,승용,남,70세,경상
2014112200100129,2014년 11월 22일 06시,토요일,제주특별자치도 서귀포시 강정동,중상사고,0,1,0,0,차대차 - 측면직각충돌,신호위반,건조,맑음,교차로 - 교차로안,화물,남,65세,상해없음,승용,남,48세,상해없음
2014112200100149,2014년 11월 22일 07시,토요일,제주특별자치도 제주시 건입동,중상사고,0,1,0,0,차대사람 - 기타,안전운전불이행,건조,맑음,단일로 - 기타,승용,남,63세,상해없음,보행자,여,62세,중상
2014112200100216,2014년 11월 22일 09시,토요일,제주특별자치도 제주시 삼도일동,경상사고,0,0,1,0,차대사람 - 기타,안전운전불이행,건조,흐림,단일로 - 기타,승합,남,70세,상해없음,보행자,남,66세,경상
2014112200100259,2014년 11월 22일 10시,토요일,제주특별자치도 제주시 일도이동,중상사고,0,1,0,0,차대차 - 기타,안전운전불이행,건조,맑음,교차로 - 교차로안,자전거,남,53세,중상,승용,남,52세,상해없음
2014112200100260,2014년 11월 22일 10시,토요일,제주특별자치도 제주시 일도이동,중상사고,0,1,0,0,차대차 - 추돌 - 진행중,안전운전불이행,건조,맑음,단일로 - 횡단보도상,화물,남,34세,상해없음,자전거,남,17세,중상
2014112200100303,2014년 11월 22일 11시,토요일,제주특별자치도 제주시 봉개동,경상사고,0,0,5,0,차대차 - 기타,교차로운행방법위반,건조,맑음,교차로 - 교차로안,승용,여,23세,상해없음,승합,남,57세,경상
2014112200100344,2014년 11월 22일 12시,토요일,제주특별자치도 제주시 연동,경상사고,0,0,3,0,차대차 - 측면직각충돌,차로위반,건조,맑음,단일로 - 기타,승용,여,52세,상해없음,승용,여,32세,경상
2014112200100380,2014년 11월 22일 13시,토요일,제주특별자치도 서귀포시 성산읍,경상사고,0,0,1,0,차량단독 - 기타,안전운전불이행,건조,맑음,단일로 - 기타,이륜,남,57세,경상,,,,
2014112200100381,2014년 11월 22일 13시,토요일,제주특별자치도 제주시 노형동,중상사고,0,1,2,0,차대차 - 기타,안전거리미확보,건조,맑음,단일로 - 기타,화물,남,32세,상해없음,승용,여,31세,경상
2014112200100466,2014년 11월 22일 15시,토요일,제주특별자치도 서귀포시 서홍동,경상사고,0,0,1,0,차대사람 - 기타,안전운전불이행,건조,맑음,교차로 - 교차로안,승용,남,34세,상해없음,보행자,남,71세,경상
2014112200100649,2014년 11월 22일 19시,토요일,제주특별자치도 제주시 이도이동,경상사고,0,0,1,0,차대사람 - 기타,안전운전불이행,건조,맑음,기타 - 기타,자전거,남,12세,상해없음,보행자,남,48세,경상
2014112200100650,2014년 11월 22일 19시,토요일,제주특별자치도 제주시 노형동,경상사고,0,0,1,0,차대차 - 기타,중앙선침범,건조,맑음,교차로 - 교차로부근,원동기,남,29세,상해없음,원동기,남,32세,경상
2014112200100682,2014년 11월 22일 20시,토요일,제주특별자치도 제주시 연동,부상신고사고,0,0,0,1,차대사람 - 기타,안전운전불이행,건조,맑음,단일로 - 기타,승용,남,39세,상해없음,보행자,남,13세,부상신고
2014112200100709,2014년 11월 22일 21시,토요일,제주특별자치도 제주시 노형동,경상사고,0,0,1,0,차대차 - 추돌 - 진행중,안전운전불이행,건조,맑음,단일로 - 기타,승용,남,35세,상해없음,승용,남,55세,경상
2014112200100748,2014년 11월 22일 22시,토요일,제주특별자치도 제주시 건입동,경상사고,0,0,3,0,차대차 - 정면충돌,중앙선침범,건조,맑음,교차로 - 교차로부근,승용,여,33세,상해없음,승용,남,48세,경상
2014112200100781,2014년 11월 22일 23시,토요일,제주특별자치도 제주시 한림읍,경상사고,0,0,2,0,차대차 - 기타,안전운전불이행,건조,맑음,교차로 - 교차로안,화물,남,53세,상해없음,승용,남,30세,경상
2014112300100022,2014년 11월 23일 00시,일요일,제주특별자치도 제주시 도남동,중상사고,0,2,0,0,차대차 - 정면충돌,중앙선침범,건조,맑음,단일로 - 기타,승용,남,29세,상해없음,승용,남,49세,중상
2014112300100120,2014년 11월 23일 07시,일요일,제주특별자치도 서귀포시 상효동,경상사고,0,0,1,0,차대차 - 기타,신호위반,건조,맑음,교차로 - 교차로안,승용,여,29세,상해없음,화물,남,53세,경상
2014112300100213,2014년 11월 23일 12시,일요일,제주특별자치도 제주시 일도이동,경상사고,0,0,1,0,차대사람 - 기타,안전운전불이행,건조,맑음,단일로 - 기타,기타불명,기타불명,기타불명,기타불명,보행자,여,62세,경상
2014112300100292,2014년 11월 23일 15시,일요일,제주특별자치도 제주시 구좌읍,경상사고,0,0,3,0,차대차 - 측면직각충돌,교차로운행방법위반,건조,맑음,교차로 - 교차로안,승용,여,35세,상해없음,승용,남,37세,경상
2014112300100293,2014년 11월 23일 15시,일요일,제주특별자치도 제주시 연동,중상사고,0,1,0,0,차대사람 - 차도통행중,기타,건조,맑음,단일로 - 기타,이륜,남,31세,상해없음,보행자,여,4세,중상
2014112300100403,2014년 11월 23일 18시,일요일,제주특별자치도 제주시 도남동,경상사고,0,0,1,0,차대차 - 추돌 - 진행중,신호위반,건조,맑음,교차로 - 교차로부근,승용,남,21세,상해없음,이륜,남,23세,경상
2014112300100404,2014년 11월 23일 18시,일요일,제주특별자치도 서귀포시 법환동,중상사고,0,1,0,0,차대사람 - 기타,안전운전불이행,건조,맑음,교차로 - 교차로부근,승합,남,48세,상해없음,보행자,남,48세,중상
2014112300100405,2014년 11월 23일 18시,일요일,제주특별자치도 제주시 노형동,중상사고,0,1,0,1,차대사람 - 횡단중,안전운전불이행,건조,맑음,교차로 - 교차로안,승합,남,39세,상해없음,보행자,여,41세,중상
2014112300100450,2014년 11월 23일 19시,일요일,제주특별자치도 제주시 연동,경상사고,0,0,1,0,차대차 - 측면직각충돌,직진우회전진행방해,건조,맑음,교차로 - 교차로안,승용,남,42세,상해없음,승용,여,60세,경상
2014112400100009,2014년 11월 24일 00시,월요일,제주특별자치도 제주시 연동,사망사고,1,1,0,0,차대사람 - 횡단중,과속,건조,맑음,단일로 - 기타,승용,남,47세,상해없음,보행자,남,50세,사망
2014112400100031,2014년 11월 24일 02시,월요일,제주특별자치도 제주시 연동,부상신고사고,0,0,0,1,차대차 - 측면직각충돌,안전거리미확보,건조,맑음,단일로 - 기타,이륜,남,19세,부상신고,승용,여,40세,상해없음
2014112400100107,2014년 11월 24일 07시,월요일,제주특별자치도 제주시 화북일동,경상사고,0,0,2,0,차대차 - 추돌 - 진행중,안전운전불이행,건조,맑음,단일로 - 기타,화물,남,35세,상해없음,승용,여,45세,경상
2014112400100108,2014년 11월 24일 07시,월요일,제주특별자치도 제주시 노형동,경상사고,0,0,4,0,차대차 - 기타,중앙선침범,건조,맑음,교차로 - 교차로부근,승용,남,30세,상해없음,승용,여,30세,경상
2014112400100164,2014년 11월 24일 09시,월요일,제주특별자치도 제주시 오라일동,경상사고,0,0,1,0,차량단독 - 공작물충돌,안전운전불이행,건조,맑음,단일로 - 기타,승용,남,59세,경상,,,,
2014112400100165,2014년 11월 24일 09시,월요일,제주특별자치도 서귀포시 서귀동,중상사고,0,1,0,0,차대사람 - 횡단중,보행자보호의무위반,습기,흐림,단일로 - 기타,승합,남,63세,상해없음,보행자,여,46세,중상
2014112400100203,2014년 11월 24일 10시,월요일,제주특별자치도 제주시 애월읍,경상사고,0,0,2,0,차대차 - 기타,안전운전불이행,건조,맑음,교차로 - 교차로안,승용,여,59세,경상,승용,남,44세,경상
2014112400100233,2014년 11월 24일 11시,월요일,제주특별자치도 제주시 오라일동,경상사고,0,0,1,0,차대사람 - 횡단중,안전운전불이행,건조,흐림,단일로 - 횡단보도부근,건설기계,남,55세,상해없음,보행자,여,75세,경상
2014112400100256,2014년 11월 24일 12시,월요일,제주특별자치도 제주시 화북일동,경상사고,0,0,1,0,차대차 - 기타,교차로운행방법위반,습기,흐림,교차로 - 교차로안,화물,남,49세,상해없음,화물,남,63세,경상
2014112400100257,2014년 11월 24일 12시,월요일,제주특별자치도 서귀포시 서귀동,경상사고,0,0,1,0,차대차 - 기타,교차로운행방법위반,건조,맑음,교차로 - 교차로안,화물,남,46세,상해없음,화물,남,61세,경상
2014112400100339,2014년 11월 24일 14시,월요일,제주특별자치도 서귀포시 회수동,중상사고,0,2,0,0,차대차 - 추돌 - 주정차중,안전운전불이행,건조,맑음,단일로 - 기타,승용,남,61세,중상,원동기,남,62세,중상
2014112400100369,2014년 11월 24일 15시,월요일,제주특별자치도 제주시 이도일동,경상사고,0,0,1,0,차대사람 - 기타,보행자보호의무위반,건조,맑음,단일로 - 횡단보도부근,승용,남,35세,상해없음,보행자,여,7세,경상
2014112400100411,2014년 11월 24일 16시,월요일,제주특별자치도 제주시 삼도일동,경상사고,0,0,1,0,차대차 - 추돌 - 진행중,안전운전불이행,습기,흐림,교차로 - 교차로부근,승용,남,48세,상해없음,승용,남,21세,경상
2014112400100477,2014년 11월 24일 17시,월요일,제주특별자치도 서귀포시 표선면,경상사고,0,0,1,0,차대사람 - 횡단중,안전운전불이행,습기,비,교차로 - 교차로부근,승용,남,35세,상해없음,보행자,여,72세,경상
2014112400100554,2014년 11월 24일 18시,월요일,제주특별자치도 제주시 이도이동,경상사고,0,0,2,0,차대차 - 기타,안전거리미확보,습기,비,단일로 - 기타,화물,남,56세,상해없음,승용,남,47세,경상
2014112400100555,2014년 11월 24일 18시,월요일,제주특별자치도 제주시 삼도일동,중상사고,0,1,0,0,차대사람 - 횡단중,보행자보호의무위반,습기,비,단일로 - 횡단보도상,승용,여,46세,상해없음,보행자,여,51세,중상
2014112400100556,2014년 11월 24일 18시,월요일,제주특별자치도 제주시 노형동,경상사고,0,0,1,0,차대차 - 기타,안전거리미확보,습기,비,단일로 - 기타,승용,남,69세,상해없음,승용,남,49세,경상
2014112400100610,2014년 11월 24일 19시,월요일,제주특별자치도 제주시 조천읍,경상사고,0,0,1,0,차량단독 - 공작물충돌,안전운전불이행,건조,맑음,단일로 - 기타,승용,남,25세,상해없음,,,,
2014112400100611,2014년 11월 24일 19시,월요일,제주특별자치도 제주시 이도이동,경상사고,0,0,1,0,차대사람 - 차도통행중,안전운전불이행,습기,비,교차로 - 교차로안,승용,여,48세,상해없음,보행자,남,15세,경상
2014112400100656,2014년 11월 24일 20시,월요일,제주특별자치도 제주시 이도이동,부상신고사고,0,0,0,1,차대사람 - 기타,안전운전불이행,습기,비,교차로 - 교차로부근,승용,남,35세,상해없음,보행자,여,22세,부상신고
2014112400100657,2014년 11월 24일 20시,월요일,제주특별자치도 제주시 이도이동,경상사고,0,0,1,0,차대사람 - 기타,중앙선침범,습기,비,단일로 - 기타,승용,남,47세,상해없음,보행자,여,41세,경상
2014112400100658,2014년 11월 24일 20시,월요일,제주특별자치도 제주시 애월읍,부상신고사고,0,0,0,1,차대사람 - 기타,안전운전불이행,습기,비,단일로 - 기타,화물,남,57세,상해없음,보행자,남,50세,부상신고
2014112500100026,2014년 11월 25일 00시,화요일,제주특별자치도 제주시 일도이동,경상사고,0,0,1,0,차대차 - 추돌 - 주정차중,안전거리미확보,습기,비,교차로 - 교차로부근,승용,남,24세,상해없음,승용,남,54세,경상
2014112500100027,2014년 11월 25일 00시,화요일,제주특별자치도 서귀포시 호근동,경상사고,0,0,1,0,차대차 - 기타,안전운전불이행,건조,맑음,단일로 - 기타,화물,남,38세,경상,건설기계,남,47세,기타불명
2014112500100047,2014년 11월 25일 01시,화요일,제주특별자치도 제주시 노형동,경상사고,0,0,2,1,차대차 - 기타,신호위반,건조,맑음,교차로 - 교차로안,승용,남,41세,부상신고,승용,남,35세,경상
2014112500100197,2014년 11월 25일 09시,화요일,제주특별자치도 서귀포시 서호동,경상사고,0,0,2,0,차대차 - 기타,직진우회전진행방해,건조,맑음,교차로 - 교차로안,화물,남,62세,상해없음,승용,남,28세,경상
2014112500100306,2014년 11월 25일 13시,화요일,제주특별자치도 제주시 연동,중상사고,0,1,0,0,차대차 - 기타,안전운전불이행,건조,흐림,교차로 - 교차로부근,기타불명,기타불명,기타불명,기타불명,자전거,남,13세,중상
2014112500100375,2014년 11월 25일 15시,화요일,제주특별자치도 제주시 구좌읍,중상사고,0,1,0,0,차량단독 - 기타,안전운전불이행,건조,흐림,교차로 - 교차로안,승합,남,33세,상해없음,,,,
2014112500100376,2014년 11월 25일 15시,화요일,제주특별자치도 서귀포시 표선면,사망사고,1,0,0,0,차량단독 - 기타,기타,습기,비,단일로 - 기타,농기계,남,77세,사망,,,,
2014112500100414,2014년 11월 25일 16시,화요일,제주특별자치도 제주시 용담이동,경상사고,0,0,1,0,차대사람 - 횡단중,안전운전불이행,습기,비,단일로 - 기타,승용,여,50세,상해없음,보행자,남,11세,경상
2014112500100465,2014년 11월 25일 17시,화요일,제주특별자치도 제주시 이도이동,경상사고,0,0,1,0,차대차 - 추돌 - 진행중,안전운전불이행,습기,비,단일로 - 기타,화물,남,48세,상해없음,화물,남,70세,상해없음
2014112500100557,2014년 11월 25일 19시,화요일,제주특별자치도 제주시 일도이동,경상사고,0,0,1,0,차대사람 - 횡단중,안전운전불이행,건조,흐림,단일로 - 기타,화물,남,74세,상해없음,보행자,여,89세,경상
2014112500100608,2014년 11월 25일 21시,화요일,제주특별자치도 서귀포시 동홍동,중상사고,0,1,0,0,차대사람 - 기타,안전운전불이행,습기,비,단일로 - 기타,승용,남,35세,상해없음,보행자,여,47세,중상
2014112500100654,2014년 11월 25일 23시,화요일,제주특별자치도 제주시 일도이동,경상사고,0,0,1,0,차대차 - 측면직각충돌,안전운전불이행,건조,맑음,교차로 - 교차로안,승용,남,30세,상해없음,승용,여,51세,경상
2014112600100010,2014년 11월 26일 00시,수요일,제주특별자치도 제주시 오라일동,경상사고,0,0,1,0,차대차 - 추돌 - 진행중,안전운전불이행,습기,비,교차로 - 교차로부근,화물,남,43세,상해없음,승용,남,62세,경상
2014112600100029,2014년 11월 26일 01시,수요일,제주특별자치도 제주시 연동,경상사고,0,0,4,1,차대차 - 기타,안전운전불이행,습기,비,단일로 - 기타,승용,남,42세,부상신고,승용,남,44세,경상
2014112600100030,2014년 11월 26일 01시,수요일,제주특별자치도 제주시 연동,중상사고,0,1,0,0,차대사람 - 기타,안전운전불이행,건조,맑음,교차로 - 교차로안,승용,남,33세,상해없음,보행자,여,57세,중상
2014112600100049,2014년 11월 26일 03시,수요일,제주특별자치도 서귀포시 서귀동,경상사고,0,0,1,0,차대차 - 기타,교차로운행방법위반,습기,비,교차로 - 교차로안,승용,남,24세,상해없음,승용,남,53세,상해없음
2014112600100138,2014년 11월 26일 08시,수요일,제주특별자치도 제주시 이도일동,경상사고,0,0,1,0,차대차 - 추돌 - 진행중,안전거리미확보,습기,비,단일로 - 기타,승용,남,74세,상해없음,승용,여,31세,경상
2014112600100139,2014년 11월 26일 08시,수요일,제주특별자치도 제주시 연동,경상사고,0,0,1,0,차대차 - 기타,안전운전불이행,습기,비,단일로 - 기타,승용,여,20세,상해없음,승용,남,29세,상해없음
2014112600100186,2014년 11월 26일 10시,수요일,제주특별자치도 제주시 화북일동,중상사고,0,1,0,0,차대사람 - 횡단중,안전운전불이행,습기,비,교차로 - 교차로부근,승용,남,75세,상해없음,보행자,여,28세,중상
2014112600100187,2014년 11월 26일 10시,수요일,제주특별자치도 서귀포시 남원읍,중상사고,0,2,1,0,차대차 - 기타,중앙선침범,결빙,비,단일로 - 기타,승용,남,66세,중상,승합,남,53세,중상
2014112600100224,2014년 11월 26일 11시,수요일,제주특별자치도 제주시 이도일동,경상사고,0,0,1,0,차대사람 - 횡단중,안전운전불이행,건조,맑음,단일로 - 기타,승용,남,70세,상해없음,보행자,여,48세,경상