사고번호,사고일시,요일,시군구,사고내용,사망자수,중상자수,경상자수,부상신고자수,사고유형,법규위반,노면상태,기상상태,도로형태,가해운전자 차종,가해운전자 성별,가해운전자 연령,가해운전자 상해정도,피해운전자 차종,피해운전자 성별,피해운전자 연령,피해운전자 상해정도
2014120600100701,2014년 12월 6일 23시,토요일,제주특별자치도 제주시 화북이동,경상사고,0,0,1,0,차대차 - 기타,신호위반,건조,흐림,교차로 - 교차로안,원동기,남,16세,경상,승용,남,41세,상해없음
2014120700100024,2014년 12월 7일 00시,일요일,제주특별자치도 제주시 노형동,경상사고,0,0,1,0,차대사람 - 횡단중,보행자보호의무위반,건조,맑음,교차로 - 교차로안,승용,여,24세,상해없음,보행자,여,59세,경상
2014120700100060,2014년 12월 7일 02시,일요일,제주특별자치도 제주시 용담이동,부상신고사고,0,0,0,1,차대차 - 추돌 - 진행중,안전운전불이행,건조,흐림,단일로 - 기타,승용,남,25세,상해없음,승용,남,56세,상해없음
2014120700100213,2014년 12월 7일 13시,일요일,제주특별자치도 제주시 노형동,중상사고,0,1,0,0,차대차 - 기타,신호위반,건조,맑음,교차로 - 교차로안,이륜,남,63세,중상,승용,남,52세,상해없음
2014120700100238,2014년 12월 7일 14시,일요일,제주특별자치도 제주시 연동,부상신고사고,0,0,0,1,차대사람 - 기타,안전운전불이행,건조,맑음,단일로 - 기타,승용,여,43세,상해없음,보행자,남,16세,부상신고
2014120700100271,2014년 12월 7일 15시,일요일,제주특별자치도 서귀포시 서귀동,경상사고,0,0,1,0,차대사람 - 횡단중,보행자보호의무위반,건조,맑음,단일로 - 기타,승용,여,40세,상해없음,보행자,남,17세,경상
2014120700100332,2014년 12월 7일 17시,일요일,제주특별자치도 제주시 이도이동,부상신고사고,0,0,0,1,차대차 - 측면직각충돌,중앙선침범,건조,맑음,교차로 - 교차로부근,원동기,남,16세,부상신고,승용,남,54세,상해없음
2014120700100333,2014년 12월 7일 17시,일요일,제주특별자치도 제주시 연동,부상신고사고,0,0,0,1,차대차 - 기타,직진우회전진행방해,건조,맑음,교차로 - 교차로안,승용,남,39세,상해없음,승용,남,60세,부상신고
2014120700100413,2014년 12월 7일 19시,일요일,제주특별자치도 제주시 연동,경상사고,0,0,3,0,차대차 - 기타,안전거리미확보,건조,맑음,단일로 - 기타,승용,남,49세,상해없음,화물,남,44세,경상
2014120700100465,2014년 12월 7일 21시,일요일,제주특별자치도 제주시 용담일동,중상사고,0,1,3,0,차대차 - 추돌 - 진행중,중앙선침범,건조,흐림,교차로 - 교차로부근,화물,남,24세,상해없음,승용,남,40세,중상
2014120700100466,2014년 12월 7일 21시,일요일,제주특별자치도 제주시 이도이동,경상사고,0,0,2,0,차대차 - 측면직각충돌,교차로운행방법위반,건조,맑음,교차로 - 교차로안,승용,남,52세,상해없음,승용,여,40세,상해없음
2014120700100467,2014년 12월 7일 21시,일요일,제주특별자치도 제주시 연동,중상사고,0,1,7,1,차대차 - 기타,안전운전불이행,건조,맑음,교차로 - 교차로부근,화물,남,24세,부상신고,승용,남,40세,중상
2014120700100487,2014년 12월 7일 22시,일요일,제주특별자치도 서귀포시 동홍동,중상사고,0,1,0,0,차대사람 - 보도통행중,신호위반,건조,맑음,단일로 - 횡단보도상,승용,남,48세,상해없음,보행자,여,20세,중상
2014120700100505,2014년 12월 7일 23시,일요일,제주특별자치도 제주시 구좌읍,경상사고,0,0,3,0,차대차 - 기타,중앙선침범,건조,맑음,단일로 - 기타,승용,남,29세,상해없음,승용,남,51세,경상
2014120700100506,2014년 12월 7일 23시,일요일,제주특별자치도 제주시 도남동,중상사고,0,1,1,0,차대차 - 측면직각충돌,중앙선침범,습기,흐림,교차로 - 교차로부근,원동기,남,24세,경상,원동기,남,54세,중상
2014120800100036,2014년 12월 8일 02시,월요일,제주특별자치도 제주시 오라일동,경상사고,0,0,1,0,차대차 - 측면직각충돌,신호위반,건조,맑음,교차로 - 교차로안,승용,남,51세,상해없음,승용,남,47세,경상
2014120800100092,2014년 12월 8일 06시,월요일,제주특별자치도 제주시 애월읍,중상사고,0,1,0,0,차대차 - 기타,안전운전불이행,건조,맑음,단일로 - 기타,화물,남,31세,상해없음,농기계,남,77세,중상
2014120800100178,2014년 12월 8일 08시,월요일,제주특별자치도 서귀포시 남원읍,경상사고,0,0,1,0,차대차 - 측면직각충돌,신호위반,건조,맑음,교차로 - 교차로안,승용,남,29세,상해없음,승용,남,34세,경상
2014120800100207,2014년 12월 8일 09시,월요일,제주특별자치도 제주시 도련일동,경상사고,0,0,3,0,차대차 - 측면직각충돌,안전운전불이행,건조,맑음,교차로 - 교차로부근,승용,여,53세,상해없음,승용,여,29세,경상
2014120800100208,2014년 12월 8일 09시,월요일,제주특별자치도 서귀포시 표선면,부상신고사고,0,0,0,1,차량단독 - 공작물충돌,안전운전불이행,건조,맑음,교차로 - 교차로부근,건설기계,남,52세,부상신고,,,,
2014120800100209,2014년 12월 8일 09시,월요일,제주특별자치도 제주시 연동,부상신고사고,0,0,0,1,차대차 - 측면직각충돌,직진우회전진행방해,건조,흐림,교차로 - 교차로안,화물,남,30세,상해없음,승용,여,30세,부상신고
2014120800100285,2014년 12월 8일 12시,월요일,제주특별자치도 제주시 구좌읍,중상사고,0,1,1,0,차량단독 - 공작물충돌,안전운전불이행,기타,맑음,단일로 - 기타,승합,남,57세,중상,,,,
2014120800100319,2014년 12월 8일 13시,월요일,제주특별자치도 제주시 구좌읍,중상사고,0,2,1,0,차대차 - 측면직각충돌,중앙선침범,건조,맑음,단일로 - 기타,화물,남,41세,상해없음,승용,남,74세,중상
2014120800100362,2014년 12월 8일 14시,월요일,제주특별자치도 제주시 이도이동,경상사고,0,0,1,0,차대차 - 추돌 - 진행중,안전운전불이행,건조,맑음,교차로 - 교차로부근,승용,남,50세,상해없음,승용,여,54세,경상
2014120800100436,2014년 12월 8일 16시,월요일,제주특별자치도 서귀포시 강정동,부상신고사고,0,0,0,1,차대차 - 기타,안전운전불이행,건조,맑음,단일로 - 기타,승용,남,55세,상해없음,승용,여,30세,부상신고
2014120800100479,2014년 12월 8일 17시,월요일,제주특별자치도 제주시 구좌읍,중상사고,0,2,2,0,차대차 - 추돌 - 진행중,교차로운행방법위반,기타,맑음,교차로 - 교차로안,승용,남,66세,중상,승용,남,21세,경상
2014120800100480,2014년 12월 8일 17시,월요일,제주특별자치도 제주시 노형동,부상신고사고,0,0,0,1,차대사람 - 횡단중,보행자보호의무위반,건조,흐림,교차로 - 교차로부근,기타불명,기타불명,기타불명,기타불명,보행자,남,14세,부상신고
2014120800100582,2014년 12월 8일 19시,월요일,제주특별자치도 서귀포시 하원동,경상사고,0,0,1,0,차대차 - 기타,안전운전불이행,건조,맑음,교차로 - 교차로안,승용,남,29세,상해없음,승용,여,48세,경상
2014120800100689,2014년 12월 8일 23시,월요일,제주특별자치도 제주시 조천읍,경상사고,0,0,1,0,차대차 - 추돌 - 진행중,중앙선침범,건조,맑음,단일로 - 기타,기타불명,기타불명,기타불명,기타불명,승용,남,48세,경상
2014120900100028,2014년 12월 9일 01시,화요일,제주특별자치도 제주시 연동,경상사고,0,0,1,1,차대차 - 기타,안전운전불이행,건조,맑음,교차로 - 교차로안,승용,여,49세,상해없음,승용,남,57세,경상
2014120900100050,2014년 12월 9일 04시,화요일,제주특별자치도 제주시 아라이동,경상사고,0,0,1,0,차대차 - 추돌 - 진행중,안전거리미확보,건조,흐림,교차로 - 교차로부근,승용,여,37세,상해없음,승용,남,42세,경상
2014120900100121,2014년 12월 9일 07시,화요일,제주특별자치도 제주시 일도이동,중상사고,0,1,0,0,차대사람 - 기타,안전운전불이행,건조,맑음,단일로 - 기타,승용,남,45세,상해없음,보행자,여,13세,중상
2014120900100170,2014년 12월 9일 08시,화요일,제주특별자치도 제주시 아라일동,중상사고,0,1,1,0,차대차 - 추돌 - 진행중,교차로운행방법위반,기타,맑음,교차로 - 교차로안,화물,여,36세,경상,승용,여,45세,중상
2014120900100171,2014년 12월 9일 08시,화요일,제주특별자치도 서귀포시 안덕면,경상사고,0,0,1,0,차대차 - 기타,안전운전불이행,건조,맑음,교차로 - 교차로부근,승용,여,39세,상해없음,승용,남,34세,경상
2014120900100333,2014년 12월 9일 13시,화요일,제주특별자치도 서귀포시 서귀동,경상사고,0,0,1,0,차대사람 - 기타,보행자보호의무위반,건조,맑음,단일로 - 기타,승용,남,29세,상해없음,보행자,남,13세,경상
2014120900100334,2014년 12월 9일 13시,화요일,제주특별자치도 제주시 노형동,중상사고,0,1,0,0,차대차 - 기타,신호위반,건조,맑음,교차로 - 교차로안,승용,여,38세,상해없음,원동기,남,52세,중상
2014120900100368,2014년 12월 9일 14시,화요일,제주특별자치도 제주시 연동,경상사고,0,0,1,0,차대차 - 기타,직진우회전진행방해,건조,맑음,교차로 - 교차로안,승용,남,53세,상해없음,원동기,남,39세,경상
2014120900100397,2014년 12월 9일 15시,화요일,제주특별자치도 제주시 오라이동,중상사고,0,1,0,0,차량단독 - 전도전복,안전운전불이행,건조,맑음,단일로 - 기타,농기계,남,80세,중상,,,,
2014120900100398,2014년 12월 9일 15시,화요일,제주특별자치도 제주시 연동,경상사고,0,0,1,0,차대차 - 기타,안전운전불이행,건조,맑음,교차로 - 교차로안,승용,여,56세,상해없음,승용,여,23세,경상
2014120900100418,2014년 12월 9일 16시,화요일,제주특별자치도 제주시 애월읍,경상사고,0,0,1,0,차대차 - 기타,직진우회전진행방해,건조,맑음,교차로 - 교차로안,승용,남,21세,상해없음,원동기,남,43세,경상
2014120900100464,2014년 12월 9일 17시,화요일,제주특별자치도 서귀포시 도순동,경상사고,0,0,1,0,차대차 - 기타,안전운전불이행,건조,맑음,교차로 - 교차로안,승용,남,23세,상해없음,자전거,남,21세,경상
2014120900100557,2014년 12월 9일 19시,화요일,제주특별자치도 제주시 노형동,경상사고,0,0,1,0,차대차 - 기타,안전운전불이행,건조,맑음,교차로 - 교차로안,승용,남,30세,상해없음,원동기,남,25세,경상
2014120900100626,2014년 12월 9일 21시,화요일,제주특별자치도 제주시 오라삼동,중상사고,0,1,0,0,차대차 - 추돌 - 주정차중,안전운전불이행,건조,맑음,단일로 - 기타,승용,남,31세,상해없음,화물,남,34세,중상
2014120900100693,2014년 12월 9일 23시,화요일,제주특별자치도 제주시 연동,경상사고,0,0,5,0,차대차 - 기타,안전운전불이행,건조,흐림,교차로 - 교차로안,승용,남,60세,상해없음,승용,남,53세,경상
2014121000100111,2014년 12월 10일 07시,수요일,제주특별자치도 제주시 아라일동,경상사고,0,0,1,0,차량단독 - 공작물충돌,안전운전불이행,기타,맑음,단일로 - 기타,승용,남,55세,경상,,,,
2014121000100182,2014년 12월 10일 09시,수요일,제주특별자치도 제주시 이도이동,중상사고,0,1,0,0,차대사람 - 기타,안전운전불이행,건조,맑음,교차로 - 교차로부근,승용,남,39세,상해없음,보행자,남,21세,중상
2014121000100183,2014년 12월 10일 09시,수요일,제주특별자치도 제주시 한림읍,경상사고,0,0,2,0,차대차 - 측면직각충돌,신호위반,건조,맑음,교차로 - 교차로안,화물,남,40세,상해없음,승용,남,20세,경상
2014121000100239,2014년 12월 10일 11시,수요일,제주특별자치도 제주시 이도일동,경상사고,0,0,1,0,차대사람 - 횡단중,안전운전불이행,건조,맑음,단일로 - 기타,승합,남,41세,상해없음,보행자,남,18세,경상
2014121000100290,2014년 12월 10일 13시,수요일,제주특별자치도 제주시 연동,부상신고사고,0,0,0,1,차대차 - 기타,안전거리미확보,건조,맑음,단일로 - 기타,원동기,남,30세,부상신고,승용,여,33세,상해없음
2014121000100393,2014년 12월 10일 16시,수요일,제주특별자치도 제주시 삼도일동,중상사고,0,1,0,0,차대사람 - 기타,안전운전불이행,건조,맑음,단일로 - 기타,승용,여,22세,상해없음,보행자,남,10세,중상
2014121000100394,2014년 12월 10일 16시,수요일,제주특별자치도 제주시 이도일동,경상사고,0,0,1,0,차대차 - 추돌 - 진행중,안전운전불이행,건조,맑음,단일로 - 기타,승용,남,66세,상해없음,이륜,남,42세,경상
2014121000100442,2014년 12월 10일 17시,수요일,제주특별자치도 제주시 일도일동,경상사고,0,0,1,0,차대차 - 추돌 - 진행중,교차로운행방법위반,기타,맑음,교차로 - 교차로안,승용,남,62세,상해없음,승용,남,69세,경상
2014121000100515,2014년 12월 10일 18시,수요일,제주특별자치도 서귀포시 남원읍,중상사고,0,2,0,0,차대차 - 추돌 - 주정차중,안전운전불이행,건조,맑음,단일로 - 기타,이륜,남,82세,중상,승용,여,48세,기타불명
2014121000100516,2014년 12월 10일 18시,수요일,제주특별자치도 제주시 애월읍,경상사고,0,0,3,0,차대차 - 기타,안전거리미확보,건조,맑음,단일로 - 기타,승합,남,62세,상해없음,승용,남,30세,경상
2014121000100563,2014년 12월 10일 19시,수요일,제주특별자치도 제주시 일도일동,경상사고,0,0,1,0,차대차 - 기타,교차로운행방법위반,건조,맑음,교차로 - 교차로안,이륜,남,18세,경상,승용,남,55세,상해없음
2014121000100613,2014년 12월 10일 20시,수요일,제주특별자치도 제주시 삼도일동,경상사고,0,0,1,0,차대차 - 추돌 - 진행중,교차로운행방법위반,기타,맑음,교차로 - 교차로안,승합,남,32세,상해없음,승용,남,26세,경상
2014121000100664,2014년 12월 10일 21시,수요일,제주특별자치도 서귀포시 안덕면,경상사고,0,0,1,0,차대차 - 기타,직진우회전진행방해,건조,흐림,교차로 - 교차로안,승용,남,44세,상해없음,승용,여,31세,경상
2014121100100023,2014년 12월 11일 00시,목요일,제주특별자치도 제주시 연동,경상사고,0,0,1,0,차대차 - 측면직각충돌,직진우회전진행방해,습기,비,교차로 - 교차로안,승용,남,47세,경상,승용,남,44세,상해없음
2014121100100046,2014년 12월 11일 01시,목요일,제주특별자치도 제주시 아라일동,경상사고,0,0,2,0,차대차 - 추돌 - 진행중,안전운전불이행,건조,맑음,단일로 - 기타,승용,남,62세,상해없음,승용,남,62세,경상
2014121100100056,2014년 12월 11일 02시,목요일,제주특별자치도 제주시 삼양이동,중상사고,0,1,0,0,차대사람 - 기타,안전운전불이행,기타,비,단일로 - 기타,승용,여,46세,상해없음,보행자,남,40세,중상
2014121100100108,2014년 12월 11일 06시,목요일,제주특별자치도 서귀포시 남원읍,경상사고,0,0,1,0,차대차 - 추돌 - 진행중,안전운전불이행,습기,흐림,교차로 - 교차로부근,승용,여,34세,상해없음,농기계,남,54세,경상
2014121100100133,2014년 12월 11일 07시,목요일,제주특별자치도 서귀포시 회수동,중상사고,0,3,0,0,차대차 - 기타,안전운전불이행,건조,맑음,단일로 - 기타,화물,남,44세,상해없음,농기계,남,75세,중상
2014121100100261,2014년 12월 11일 12시,목요일,제주특별자치도 서귀포시 남원읍,경상사고,0,0,4,0,차대차 - 추돌 - 진행중,안전거리미확보,건조,맑음,단일로 - 기타,화물,남,60세,상해없음,승용,남,40세,경상
2014121100100288,2014년 12월 11일 13시,목요일,제주특별자치도 서귀포시 남원읍,경상사고,0,0,1,0,차량단독 - 기타,안전운전불이행,건조,맑음,단일로 - 기타,원동기,여,72세,경상,,,,
2014121100100360,2014년 12월 11일 16시,목요일,제주특별자치도 제주시 건입동,경상사고,0,0,1,0,차대차 - 추돌 - 진행중,안전운전불이행,습기,흐림,교차로 - 교차로부근,화물,남,36세,상해없음,승용,여,52세,경상
2014121100100393,2014년 12월 11일 17시,목요일,제주특별자치도 서귀포시 성산읍,경상사고,0,0,1,0,차대차 - 기타,중앙선침범,건조,맑음,단일로 - 기타,농기계,남,50세,경상,화물,남,59세,상해없음
2014121100100432,2014년 12월 11일 18시,목요일,제주특별자치도 서귀포시 대정읍,부상신고사고,0,0,0,1,차량단독 - 공작물충돌,안전운전불이행,건조,맑음,단일로 - 기타,화물,남,52세,부상신고,,,,
2014121100100556,2014년 12월 11일 22시,목요일,제주특별자치도 제주시 화북이동,중상사고,0,1,0,0,차대차 - 추돌 - 진행중,신호위반,건조,흐림,교차로 - 교차로안,승용,남,38세,상해없음,승용,남,28세,중상
2014121100100583,2014년 12월 11일 23시,목요일,제주특별자치도 제주시 연동,경상사고,0,0,1,0,차대차 - 추돌 - 진행중,기타,건조,맑음,단일로 - 기타,승용,남,50세,상해없음,이륜,남,45세,경상
2014121200100117,2014년 12월 12일 07시,금요일,제주특별자치도 제주시 이도일동,부상신고사고,0,0,0,1,차대사람 - 횡단중,안전운전불이행,건조,맑음,단일로 - 기타,승용,남,54세,상해없음,보행자,남,50세,부상신고
2014121200100162,2014년 12월 12일 08시,금요일,제주특별자치도 제주시 아라일동,경상사고,0,0,1,0,차대차 - 기타,교차로운행방법위반,건조,흐림,교차로 - 교차로안,승용,여,35세,경상,승용,남,47세,상해없음
2014121200100188,2014년 12월 12일 09시,금요일,제주특별자치도 서귀포시 토평동,중상사고,0,1,0,0,차대사람 - 횡단중,안전운전불이행,건조,맑음,단일로 - 기타,승용,남,38세,상해없음,보행자,여,57세,중상
2014121200100240,2014년 12월 12일 11시,금요일,제주특별자치도 제주시 건입동,중상사고,0,1,0,0,차대차 - 추돌 - 진행중,안전운전불이행,습기,비,교차로 - 교차로부근,승합,남,54세,상해없음,승용,여,64세,중상
2014121200100241,2014년 12월 12일 11시,금요일,제주특별자치도 제주시 노형동,경상사고,0,0,1,0,차대차 - 기타,안전운전불이행,적설,눈,단일로 - 기타,승용,남,32세,상해없음,승용,기타불명,기타불명,기타불명
2014121200100271,2014년 12월 12일 12시,금요일,제주특별자치도 제주시 건입동,중상사고,0,1,0,0,차대차 - 기타,중앙선침범,건조,맑음,단일로 - 기타,승용,남,25세,상해없음,승용,여,31세,중상
2014121200100467,2014년 12월 12일 17시,금요일,제주특별자치도 제주시 봉개동,경상사고,0,0,1,0,차대사람 - 횡단중,안전운전불이행,습기,비,교차로 - 교차로부근,화물,남,33세,상해없음,보행자,여,36세,경상
2014121200100468,2014년 12월 12일 17시,금요일,제주특별자치도 서귀포시 서홍동,중상사고,0,1,0,0,차대사람 - 횡단중,안전운전불이행,건조,맑음,교차로 - 교차로부근,화물,여,42세,상해없음,보행자,여,14세,중상
2014121200100520,2014년 12월 12일 18시,금요일,제주특별자치도 제주시 이도이동,경상사고,0,0,1,0,차대차 - 기타,안전운전불이행,기타,맑음,단일로 - 기타,승용,여,59세,상해없음,원동기,남,37세,경상
2014121200100521,2014년 12월 12일 18시,금요일,제주특별자치도 제주시 구좌읍,부상신고사고,0,0,0,1,차량단독 - 공작물충돌,안전운전불이행,건조,맑음,단일로 - 기타,승용,여,25세,부상신고,,,,
2014121200100522,2014년 12월 12일 18시,금요일,제주특별자치도 제주시 한림읍,경상사고,0,0,1,0,차대차 - 기타,안전운전불이행,건조,맑음,단일로 - 기타,승용,남,38세,경상,건설기계,남,45세,상해없음
2014121200100723,2014년 12월 12일 23시,금요일,제주특별자치도 제주시 연동,중상사고,0,1,0,0,차대사람 - 기타,안전운전불이행,습기,비,단일로 - 기타,승용,여,30세,상해없음,보행자,남,46세,중상
2014121300100144,2014년 12월 13일 06시,토요일,제주특별자치도 제주시 연동,경상사고,0,0,1,0,차대차 - 기타,안전운전불이행,건조,맑음,단일로 - 기타,승용,남,33세,상해없음,승용,남,49세,상해없음
2014121300100145,2014년 12월 13일 06시,토요일,제주특별자치도 제주시 노형동,중상사고,0,1,0,0,차대사람 - 기타,안전운전불이행,건조,흐림,단일로 - 기타,승용,여,58세,상해없음,보행자,여,55세,중상
2014121300100201,2014년 12월 13일 09시,토요일,제주특별자치도 제주시 노형동,중상사고,0,1,0,0,차대사람 - 기타,보행자보호의무위반,습기,흐림,단일로 - 기타,화물,여,49세,상해없음,보행자,여,41세,중상
2014121300100233,2014년 12월 13일 10시,토요일,제주특별자치도 제주시 삼도일동,중상사고,0,1,0,0,차대차 - 측면직각충돌,교차로운행방법위반,기타,맑음,교차로 - 교차로안,승용,여,65세,상해없음,원동기,남,78세,중상
2014121300100269,2014년 12월 13일 11시,토요일,제주특별자치도 제주시 이호일동,경상사고,0,0,1,0,차대차 - 측면직각충돌,안전운전불이행,건조,맑음,단일로 - 기타,승용,여,41세,상해없음,승용,여,49세,경상
2014121300100309,2014년 12월 13일 12시,토요일,제주특별자치도 제주시 노형동,경상사고,0,0,1,0,차대차 - 기타,안전거리미확보,건조,맑음,교차로 - 교차로부근,승용,여,57세,상해없음,승용,남,42세,상해없음
2014121300100447,2014년 12월 13일 16시,토요일,제주특별자치도 제주시 이도일동,경상사고,0,0,1,0,차대차 - 추돌 - 주정차중,안전거리미확보,건조,맑음,단일로 - 기타,승용,남,57세,상해없음,승용,남,49세,경상
2014121300100482,2014년 12월 13일 17시,토요일,제주특별자치도 서귀포시 남원읍,중상사고,0,1,0,0,차대사람 - 기타,안전운전불이행,건조,맑음,단일로 - 기타,화물,여,59세,상해없음,보행자,여,74세,중상
2014121300100529,2014년 12월 13일 18시,토요일,제주특별자치도 제주시 이도이동,경상사고,0,0,1,0,차대차 - 측면직각충돌,안전운전불이행,건조,맑음,교차로 - 교차로부근,승용,남,53세,상해없음,승용,남,45세,경상
2014121300100530,2014년 12월 13일 18시,토요일,제주특별자치도 제주시 이호이동,사망사고,1,0,0,0,차대사람 - 기타,보행자보호의무위반,건조,맑음,교차로 - 교차로안,승용,남,24세,상해없음,보행자,여,68세,사망
2014121300100629,2014년 12월 13일 21시,토요일,제주특별자치도 제주시 노형동,부상신고사고,0,0,0,1,차대차 - 기타,직진우회전진행방해,건조,맑음,단일로 - 기타,원동기,남,19세,부상신고,승용,여,46세,상해없음
2014121300100659,2014년 12월 13일 22시,토요일,제주특별자치도 제주시 오라일동,경상사고,0,0,2,0,차대차 - 추돌 - 주정차중,안전운전불이행,건조,흐림,교차로 - 교차로부근,승용,남,49세,상해없음,승용,여,59세,경상
2014121300100683,2014년 12월 13일 23시,토요일,제주특별자치도 서귀포시 동홍동,경상사고,0,0,1,0,차대차 - 기타,안전운전불이행,건조,흐림,교차로 - 교차로안,이륜,남,20세,경상,승용,남,29세,상해없음
2014121400100125,2014년 12월 14일 06시,일요일,제주특별자치도 제주시 연동,중상사고,0,1,0,0,차대사람 - 기타,안전운전불이행,건조,맑음,교차로 - 교차로안,승용,남,72세,상해없음,보행자,남,44세,중상
2014121400100155,2014년 12월 14일 09시,일요일,제주특별자치도 서귀포시 하효동,경상사고,0,0,1,0,차대차 - 기타,직진우회전진행방해,건조,맑음,교차로 - 교차로안,승용,남,55세,상해없음,화물,남,62세,경상
2014121400100156,2014년 12월 14일 09시,일요일,제주특별자치도 서귀포시 남원읍,경상사고,0,0,4,0,차대차 - 기타,안전운전불이행,건조,맑음,단일로 - 기타,승합,남,24세,상해없음,승용,여,22세,경상
2014121400100181,2014년 12월 14일 10시,일요일,제주특별자치도 제주시 한림읍,중상사고,0,1,1,0,차대차 - 기타,안전운전불이행,건조,맑음,교차로 - 교차로안,승용,남,45세,상해없음,원동기,남,83세,경상
2014121400100197,2014년 12월 14일 11시,일요일,제주특별자치도 서귀포시 서호동,경상사고,0,0,1,0,차대차 - 기타,중앙선침범,건조,맑음,단일로 - 기타,승용,남,33세,상해없음,승합,남,71세,상해없음
2014121400100260,2014년 12월 14일 14시,일요일,제주특별자치도 제주시 연동,경상사고,0,0,1,0,차대차 - 측면직각충돌,안전운전불이행,건조,맑음,교차로 - 교차로안,승용,남,52세,상해없음,승용,남,31세,경상
2014121400100288,2014년 12월 14일 15시,일요일,제주특별자치도 제주시 우도면,경상사고,0,0,1,0,차대차 - 기타,안전운전불이행,건조,맑음,단일로 - 기타,이륜,여,24세,경상,승용,남,50세,상해없음
2014121400100289,2014년 12월 14일 15시,일요일,제주특별자치도 서귀포시 대정읍,중상사고,0,1,0,0,차대차 - 기타,직진우회전진행방해,건조,맑음,교차로 - 교차로안,승용,남,31세,상해없음,자전거,남,88세,중상
2014121400100351,2014년 12월 14일 17시,일요일,제주특별자치도 서귀포시 법환동,부상신고사고,0,0,0,1,차대차 - 기타,교차로운행방법위반,건조,맑음,교차로 - 교차로부근,이륜,남,71세,부상신고,화물,남,65세,상해없음
2014121400100385,2014년 12월 14일 18시,일요일,제주특별자치도 제주시 도련일동,경상사고,0,0,1,0,차대차 - 추돌 - 진행중,신호위반,건조,맑음,교차로 - 교차로안,화물,남,48세,상해없음,승용,여,43세,경상
2014121400100386,2014년 12월 14일 18시,일요일,제주특별자치도 제주시 애월읍,경상사고,0,0,1,0,차대차 - 기타,안전운전불이행,건조,맑음,단일로 - 기타,승용,남,55세,상해없음,승용,남,37세,경상
2014121400100427,2014년 12월 14일 19시,일요일,제주특별자치도 제주시 구좌읍,중상사고,0,1,1,0,차대차 - 기타,안전운전불이행,건조,맑음,단일로 - 기타,승용,여,38세,상해없음,자전거,남,48세,중상
2014121400100455,2014년 12월 14일 20시,일요일,제주특별자치도 서귀포시 안덕면,경상사고,0,0,1,0,차대차 - 기타,안전운전불이행,건조,맑음,교차로 - 교차로안,승용,남,47세,상해없음,특수,남,60세,경상
2014121400100486,2014년 12월 14일 21시,일요일,제주특별자치도 제주시 노형동,경상사고,0,0,1,0,차대차 - 기타,안전운전불이행,건조,흐림,교차로 - 교차로부근,승용,남,48세,상해없음,원동기,남,32세,경상
2014121500100006,2014년 12월 15일 00시,월요일,제주특별자치도 제주시 연동,경상사고,0,0,1,1,차대차 - 기타,안전거리미확보,건조,맑음,단일로 - 기타,승용,남,46세,부상신고,화물,남,24세,경상
2014121500100018,2014년 12월 15일 01시,월요일,제주특별자치도 제주시 이도이동,중상사고,0,1,2,0,차대차 - 기타,안전운전불이행,기타,맑음,교차로 - 교차로안,승용,남,56세,상해없음,승용,남,33세,경상
2014121500100022,2014년 12월 15일 02시,월요일,제주특별자치도 서귀포시 신효동,경상사고,0,0,1,0,차대차 - 기타,직진우회전진행방해,건조,맑음,교차로 - 교차로안,이륜,여,72세,경상,화물,남,44세,상해없음
2014121500100032,2014년 12월 15일 04시,월요일,제주특별자치도 제주시 아라일동,중상사고,0,2,1,0,차대차 - 추돌 - 진행중,신호위반,건조,맑음,교차로 - 교차로안,승용,남,56세,상해없음,승용,여,51세,경상
2014121500100128,2014년 12월 15일 08시,월요일,제주특별자치도 제주시 화북이동,경상사고,0,0,1,0,차대차 - 추돌 - 진행중,안전운전불이행,건조,맑음,단일로 - 기타,승용,남,39세,경상,승용,여,33세,상해없음
2014121500100129,2014년 12월 15일 08시,월요일,제주특별자치도 제주시 조천읍,중상사고,0,1,0,0,차대차 - 추돌 - 진행중,안전운전불이행,건조,맑음,단일로 - 기타,승용,남,62세,상해없음,이륜,남,66세,중상
2014121500100130,2014년 12월 15일 08시,월요일,제주특별자치도 제주시 용담이동,경상사고,0,0,2,0,차대차 - 기타,안전운전불이행,건조,맑음,단일로 - 기타,승용,남,25세,상해없음,승용,여,46세,경상
2014121500100164,2014년 12월 15일 09시,월요일,제주특별자치도 제주시 이도일동,경상사고,0,0,1,0,차대차 - 추돌 - 진행중,안전거리미확보,습기,흐림,단일로 - 기타,승용,남,41세,상해없음,승용,여,69세,경상
2014121500100165,2014년 12월 15일 09시,월요일,제주특별자치도 제주시 애월읍,부상신고사고,0,0,0,1,차대차 - 추돌 - 주정차중,안전운전불이행,건조,맑음,기타 - 기타,승용,여,48세,상해없음,승용,여,28세,부상신고
2014121500100192,2014년 12월 15일 10시,월요일,제주특별자치도 제주시 아라일동,경상사고,0,0,1,0,차량단독 - 기타,기타,건조,흐림,단일로 - 기타,승합,남,59세,상해없음,,,,