사고번호,사고일시,요일,시군구,사고내용,사망자수,중상자수,경상자수,부상신고자수,사고유형,법규위반,노면상태,기상상태,도로형태,가해운전자 차종,가해운전자 성별,가해운전자 연령,가해운전자 상해정도,피해운전자 차종,피해운전자 성별,피해운전자 연령,피해운전자 상해정도
2014121500100193,2014년 12월 15일 10시,월요일,제주특별자치도 제주시 이도일동,경상사고,0,0,2,0,차대차 - 기타,안전거리미확보,건조,맑음,교차로 - 교차로부근,승용,여,44세,경상,승용,남,58세,경상
2014121500100216,2014년 12월 15일 11시,월요일,제주특별자치도 제주시 이도일동,경상사고,0,0,1,0,차대차 - 추돌 - 진행중,안전운전불이행,건조,맑음,단일로 - 기타,승용,여,78세,경상,승용,남,51세,상해없음
2014121500100249,2014년 12월 15일 12시,월요일,제주특별자치도 제주시 이도이동,경상사고,0,0,1,0,차대차 - 추돌 - 진행중,안전거리미확보,건조,맑음,교차로 - 교차로부근,승용,여,30세,상해없음,특수,남,58세,경상
2014121500100250,2014년 12월 15일 12시,월요일,제주특별자치도 제주시 아라이동,경상사고,0,0,1,0,차대차 - 측면직각충돌,안전거리미확보,건조,맑음,교차로 - 교차로부근,승용,여,30세,상해없음,화물,남,58세,경상
2014121500100251,2014년 12월 15일 12시,월요일,제주특별자치도 서귀포시 성산읍,경상사고,0,0,1,0,차대차 - 기타,안전운전불이행,건조,맑음,단일로 - 기타,승용,남,25세,상해없음,이륜,여,62세,경상
2014121500100514,2014년 12월 15일 19시,월요일,제주특별자치도 제주시 도남동,중상사고,0,1,1,0,차대차 - 추돌 - 진행중,안전운전불이행,건조,흐림,단일로 - 기타,승용,남,24세,상해없음,승용,남,53세,상해없음
2014121500100515,2014년 12월 15일 19시,월요일,제주특별자치도 제주시 오라삼동,경상사고,0,0,1,0,차대차 - 기타,안전거리미확보,건조,맑음,단일로 - 기타,승용,남,37세,상해없음,승용,남,48세,상해없음
2014121500100550,2014년 12월 15일 20시,월요일,제주특별자치도 제주시 이도이동,경상사고,0,0,1,0,차대사람 - 기타,안전운전불이행,건조,맑음,교차로 - 교차로부근,승용,여,37세,상해없음,보행자,남,39세,경상
2014121500100603,2014년 12월 15일 21시,월요일,제주특별자치도 제주시 이도이동,경상사고,0,0,1,0,차대사람 - 기타,안전운전불이행,기타,맑음,단일로 - 기타,승용,여,52세,상해없음,보행자,남,73세,경상
2014121500100604,2014년 12월 15일 21시,월요일,제주특별자치도 제주시 노형동,경상사고,0,0,1,0,차대차 - 기타,직진우회전진행방해,습기,비,교차로 - 교차로안,원동기,남,23세,경상,승용,여,39세,상해없음
2014121500100643,2014년 12월 15일 22시,월요일,제주특별자치도 제주시 이도이동,중상사고,0,1,0,0,차대사람 - 횡단중,안전운전불이행,기타,맑음,단일로 - 횡단보도상,승용,남,23세,상해없음,보행자,여,21세,중상
2014121500100644,2014년 12월 15일 22시,월요일,제주특별자치도 서귀포시 회수동,경상사고,0,0,1,0,차대차 - 기타,안전운전불이행,건조,맑음,단일로 - 기타,승용,남,50세,상해없음,승용,여,30세,경상
2014121500100645,2014년 12월 15일 22시,월요일,제주특별자치도 제주시 한림읍,중상사고,0,1,0,0,차대사람 - 기타,중앙선침범,습기,비,단일로 - 기타,화물,남,45세,상해없음,보행자,남,56세,중상
2014121600100018,2014년 12월 16일 00시,화요일,제주특별자치도 제주시 도남동,경상사고,0,0,1,0,차대차 - 기타,직진우회전진행방해,건조,맑음,교차로 - 교차로안,원동기,여,50세,경상,승용,남,60세,상해없음
2014121600100068,2014년 12월 16일 04시,화요일,제주특별자치도 제주시 도두일동,경상사고,0,0,2,0,차대차 - 기타,신호위반,습기,비,교차로 - 교차로안,승용,남,51세,상해없음,승용,남,57세,경상
2014121600100074,2014년 12월 16일 05시,화요일,제주특별자치도 제주시 용담이동,경상사고,0,0,1,0,차대차 - 기타,안전거리미확보,건조,흐림,교차로 - 교차로부근,승용,남,59세,상해없음,승용,남,63세,경상
2014121600100112,2014년 12월 16일 07시,화요일,제주특별자치도 제주시 조천읍,경상사고,0,0,2,0,차대차 - 추돌 - 진행중,안전운전불이행,건조,맑음,단일로 - 기타,승용,남,53세,상해없음,승용,남,61세,경상
2014121600100152,2014년 12월 16일 08시,화요일,제주특별자치도 서귀포시 성산읍,부상신고사고,0,0,0,1,차대차 - 측면직각충돌,안전거리미확보,건조,맑음,단일로 - 기타,화물,남,81세,부상신고,화물,남,60세,상해없음
2014121600100171,2014년 12월 16일 09시,화요일,제주특별자치도 서귀포시 동홍동,중상사고,0,1,0,0,차대사람 - 보도통행중,보행자보호의무위반,습기,비,교차로 - 교차로안,승용,남,41세,상해없음,보행자,여,58세,중상
2014121600100340,2014년 12월 16일 16시,화요일,제주특별자치도 제주시 구좌읍,경상사고,0,0,13,0,차량단독 - 전도전복,안전운전불이행,결빙,눈,단일로 - 기타,승합,남,38세,상해없음,,,,
2014121600100382,2014년 12월 16일 17시,화요일,제주특별자치도 서귀포시 표선면,부상신고사고,0,0,0,1,차량단독 - 기타,안전운전불이행,적설,눈,단일로 - 기타,승용,남,59세,부상신고,,,,
2014121600100463,2014년 12월 16일 19시,화요일,제주특별자치도 제주시 화북이동,중상사고,0,1,4,0,차대차 - 측면직각충돌,신호위반,습기,비,교차로 - 교차로안,승용,남,25세,상해없음,승용,남,49세,경상
2014121600100464,2014년 12월 16일 19시,화요일,제주특별자치도 서귀포시 법환동,경상사고,0,0,1,0,차대차 - 기타,안전운전불이행,건조,맑음,교차로 - 교차로안,승용,남,38세,상해없음,승용,남,48세,경상
2014121600100532,2014년 12월 16일 21시,화요일,제주특별자치도 서귀포시 대포동,경상사고,0,0,1,0,차량단독 - 공작물충돌,안전운전불이행,결빙,흐림,교차로 - 교차로부근,승합,남,54세,상해없음,,,,
2014121600100533,2014년 12월 16일 21시,화요일,제주특별자치도 서귀포시 색달동,중상사고,0,1,2,0,차대차 - 추돌 - 진행중,중앙선침범,건조,맑음,단일로 - 기타,승용,남,55세,상해없음,승용,남,49세,경상
2014121600100558,2014년 12월 16일 22시,화요일,제주특별자치도 제주시 용담이동,경상사고,0,0,1,0,차대사람 - 기타,안전운전불이행,건조,맑음,교차로 - 교차로부근,승용,여,33세,상해없음,보행자,남,32세,경상
2014121700100050,2014년 12월 17일 05시,수요일,제주특별자치도 서귀포시 안덕면,부상신고사고,0,0,0,1,차량단독 - 전도전복,안전운전불이행,결빙,눈,교차로 - 교차로안,승용,남,55세,상해없음,,,,
2014121700100130,2014년 12월 17일 08시,수요일,제주특별자치도 제주시 도남동,중상사고,0,1,0,0,차대사람 - 횡단중,안전운전불이행,적설,눈,단일로 - 기타,승용,남,33세,상해없음,보행자,여,68세,중상
2014121700100131,2014년 12월 17일 08시,수요일,제주특별자치도 제주시 오라이동,경상사고,0,0,1,0,차대차 - 측면직각충돌,신호위반,적설,맑음,교차로 - 교차로안,화물,남,39세,기타불명,승용,남,44세,경상
2014121700100132,2014년 12월 17일 08시,수요일,제주특별자치도 제주시 구좌읍,경상사고,0,0,1,0,차대차 - 측면직각충돌,안전운전불이행,결빙,눈,단일로 - 기타,승용,남,27세,경상,승합,남,47세,상해없음
2014121700100133,2014년 12월 17일 08시,수요일,제주특별자치도 서귀포시 월평동,경상사고,0,0,1,0,차대차 - 기타,안전운전불이행,결빙,눈,단일로 - 기타,승용,남,32세,상해없음,승합,남,39세,상해없음
2014121700100199,2014년 12월 17일 11시,수요일,제주특별자치도 서귀포시 대정읍,경상사고,0,0,1,0,차량단독 - 공작물충돌,안전운전불이행,결빙,눈,교차로 - 교차로안,승용,남,57세,상해없음,,,,
2014121700100341,2014년 12월 17일 16시,수요일,제주특별자치도 서귀포시 서홍동,경상사고,0,0,1,0,차대차 - 기타,직진우회전진행방해,건조,맑음,교차로 - 교차로안,승용,남,61세,상해없음,원동기,남,48세,경상
2014121700100342,2014년 12월 17일 16시,수요일,제주특별자치도 서귀포시 강정동,중상사고,0,1,0,0,차대차 - 기타,안전운전불이행,습기,흐림,교차로 - 교차로안,기타불명,기타불명,기타불명,기타불명,특수,남,52세,상해없음
2014121700100566,2014년 12월 17일 22시,수요일,제주특별자치도 제주시 연동,중상사고,0,1,0,0,차대사람 - 기타,안전운전불이행,건조,흐림,단일로 - 기타,승용,여,49세,상해없음,보행자,남,37세,중상
2014121800100018,2014년 12월 18일 00시,목요일,제주특별자치도 제주시 이도이동,경상사고,0,0,2,0,차대차 - 추돌 - 진행중,안전운전불이행,기타,맑음,교차로 - 교차로부근,승용,남,52세,상해없음,승용,남,45세,경상
2014121800100077,2014년 12월 18일 07시,목요일,제주특별자치도 서귀포시 안덕면,부상신고사고,0,0,0,1,차량단독 - 전도전복,안전운전불이행,결빙,눈,단일로 - 기타,승용,남,54세,상해없음,,,,
2014121800100078,2014년 12월 18일 07시,목요일,제주특별자치도 제주시 해안동,부상신고사고,0,0,0,1,차대차 - 기타,안전거리미확보,건조,맑음,단일로 - 기타,승합,남,53세,상해없음,승용,여,31세,부상신고
2014121800100145,2014년 12월 18일 09시,목요일,제주특별자치도 제주시 도련일동,중상사고,0,1,2,0,차대차 - 추돌 - 진행중,신호위반,기타,맑음,교차로 - 교차로안,승용,여,29세,경상,승용,여,64세,중상
2014121800100146,2014년 12월 18일 09시,목요일,제주특별자치도 제주시 화북일동,중상사고,0,1,0,0,차대사람 - 기타,중앙선침범,습기,흐림,교차로 - 교차로부근,화물,남,32세,상해없음,보행자,여,88세,중상
2014121800100172,2014년 12월 18일 10시,목요일,제주특별자치도 서귀포시 성산읍,경상사고,0,0,2,0,차량단독 - 기타,안전운전불이행,결빙,흐림,단일로 - 기타,승용,남,59세,상해없음,,,,
2014121800100248,2014년 12월 18일 13시,목요일,제주특별자치도 제주시 도남동,경상사고,0,0,1,0,차대차 - 추돌 - 진행중,교차로운행방법위반,건조,맑음,교차로 - 교차로안,승용,남,46세,상해없음,이륜,남,22세,경상
2014121800100249,2014년 12월 18일 13시,목요일,제주특별자치도 제주시 노형동,경상사고,0,0,1,0,차대차 - 기타,안전거리미확보,건조,맑음,단일로 - 기타,승용,남,56세,상해없음,승용,여,34세,경상
2014121800100317,2014년 12월 18일 15시,목요일,제주특별자치도 제주시 연동,경상사고,0,0,1,0,차대차 - 기타,교차로운행방법위반,건조,맑음,교차로 - 교차로안,이륜,남,23세,상해없음,원동기,남,30세,경상
2014121800100342,2014년 12월 18일 16시,목요일,제주특별자치도 서귀포시 신효동,경상사고,0,0,1,0,차대사람 - 기타,안전운전불이행,건조,맑음,단일로 - 기타,승용,남,38세,상해없음,보행자,여,7세,경상
2014121800100383,2014년 12월 18일 17시,목요일,제주특별자치도 제주시 이도이동,경상사고,0,0,1,0,차대사람 - 기타,안전운전불이행,건조,맑음,교차로 - 교차로부근,승용,남,66세,상해없음,보행자,남,13세,경상
2014121800100384,2014년 12월 18일 17시,목요일,제주특별자치도 서귀포시 동홍동,경상사고,0,0,1,0,차대차 - 기타,안전운전불이행,건조,맑음,단일로 - 기타,승용,남,41세,상해없음,승용,남,49세,경상
2014121800100385,2014년 12월 18일 17시,목요일,제주특별자치도 제주시 용담삼동,경상사고,0,0,1,0,차대차 - 측면직각충돌,직진우회전진행방해,건조,맑음,교차로 - 교차로안,승용,여,54세,상해없음,이륜,남,30세,경상
2014121800100427,2014년 12월 18일 18시,목요일,제주특별자치도 제주시 애월읍,경상사고,0,0,3,0,차대차 - 측면직각충돌,안전운전불이행,건조,맑음,단일로 - 기타,화물,남,41세,경상,승용,남,36세,경상
2014121800100428,2014년 12월 18일 18시,목요일,제주특별자치도 제주시 용담이동,중상사고,0,1,0,0,차대차 - 측면직각충돌,안전운전불이행,건조,흐림,단일로 - 기타,승합,남,29세,상해없음,승용,남,62세,중상
2014121800100465,2014년 12월 18일 19시,목요일,제주특별자치도 제주시 화북일동,경상사고,0,0,1,0,차대차 - 추돌 - 진행중,중앙선침범,건조,맑음,단일로 - 기타,승용,남,40세,상해없음,이륜,남,30세,경상
2014121800100540,2014년 12월 18일 21시,목요일,제주특별자치도 서귀포시 신효동,중상사고,0,1,0,0,차대차 - 추돌 - 진행중,안전운전불이행,건조,맑음,단일로 - 기타,화물,남,45세,상해없음,이륜,남,59세,중상
2014121800100581,2014년 12월 18일 22시,목요일,제주특별자치도 제주시 노형동,경상사고,0,0,2,0,차대사람 - 기타,보행자보호의무위반,건조,흐림,교차로 - 교차로부근,승용,여,47세,상해없음,보행자,여,19세,경상
2014121900100087,2014년 12월 19일 06시,금요일,제주특별자치도 서귀포시 표선면,중상사고,0,1,0,0,차대사람 - 기타,보행자보호의무위반,건조,맑음,교차로 - 교차로안,화물,남,42세,상해없음,보행자,여,72세,중상
2014121900100287,2014년 12월 19일 14시,금요일,제주특별자치도 제주시 용담이동,경상사고,0,0,4,0,차대차 - 기타,교차로운행방법위반,건조,맑음,교차로 - 교차로안,승용,남,27세,경상,승용,여,63세,경상
2014121900100379,2014년 12월 19일 17시,금요일,제주특별자치도 제주시 구좌읍,경상사고,0,0,1,0,차량단독 - 공작물충돌,안전운전불이행,건조,맑음,단일로 - 기타,승용,여,36세,경상,,,,
2014121900100380,2014년 12월 19일 17시,금요일,제주특별자치도 서귀포시 남원읍,경상사고,0,0,1,0,차대차 - 측면직각충돌,직진우회전진행방해,건조,흐림,교차로 - 교차로안,화물,남,45세,경상,승용,남,50세,기타불명
2014121900100381,2014년 12월 19일 17시,금요일,제주특별자치도 제주시 애월읍,경상사고,0,0,2,0,차대차 - 기타,안전운전불이행,건조,흐림,단일로 - 기타,화물,남,32세,상해없음,승용,남,35세,경상
2014121900100382,2014년 12월 19일 17시,금요일,제주특별자치도 제주시 애월읍,경상사고,0,0,2,0,차량단독 - 기타,안전운전불이행,건조,흐림,단일로 - 기타,승용,남,60세,상해없음,,,,
2014121900100431,2014년 12월 19일 18시,금요일,제주특별자치도 제주시 노형동,부상신고사고,0,0,0,1,차대사람 - 횡단중,안전운전불이행,건조,맑음,교차로 - 교차로부근,기타불명,기타불명,기타불명,기타불명,보행자,남,12세,부상신고
2014121900100480,2014년 12월 19일 19시,금요일,제주특별자치도 제주시 용담일동,경상사고,0,0,1,0,차대사람 - 횡단중,안전운전불이행,기타,맑음,단일로 - 기타,승용,남,38세,상해없음,보행자,남,54세,경상
2014121900100481,2014년 12월 19일 19시,금요일,제주특별자치도 서귀포시 성산읍,경상사고,0,0,1,0,차대사람 - 기타,안전운전불이행,건조,맑음,단일로 - 기타,승합,남,31세,상해없음,보행자,남,59세,경상
2014121900100562,2014년 12월 19일 21시,금요일,제주특별자치도 제주시 조천읍,경상사고,0,0,2,0,차대차 - 추돌 - 진행중,안전운전불이행,건조,맑음,단일로 - 기타,승용,남,19세,상해없음,승용,남,40세,경상
2014122000100135,2014년 12월 20일 02시,토요일,제주특별자치도 서귀포시 중문동,부상신고사고,0,0,0,2,차대차 - 기타,안전운전불이행,건조,맑음,교차로 - 교차로부근,승용,여,56세,부상신고,승용,여,45세,상해없음
2014122000100136,2014년 12월 20일 02시,토요일,제주특별자치도 제주시 연동,부상신고사고,0,0,0,1,차대사람 - 기타,안전운전불이행,건조,맑음,단일로 - 기타,기타불명,기타불명,기타불명,기타불명,보행자,남,54세,부상신고
2014122000100137,2014년 12월 20일 02시,토요일,제주특별자치도 제주시 연동,중상사고,0,1,0,0,차대사람 - 기타,안전운전불이행,습기,비,단일로 - 횡단보도상,승용,여,56세,상해없음,보행자,남,53세,중상
2014122000100191,2014년 12월 20일 04시,토요일,제주특별자치도 제주시 연동,경상사고,0,0,1,0,차대차 - 측면직각충돌,신호위반,습기,비,교차로 - 교차로안,승용,남,18세,상해없음,승용,여,32세,경상
2014122000100236,2014년 12월 20일 06시,토요일,제주특별자치도 제주시 연동,중상사고,0,1,0,0,차대사람 - 횡단중,보행자보호의무위반,습기,흐림,교차로 - 교차로안,승합,남,42세,상해없음,보행자,여,65세,중상
2014122000100237,2014년 12월 20일 06시,토요일,제주특별자치도 제주시 노형동,부상신고사고,0,0,0,1,차대차 - 추돌 - 진행중,안전운전불이행,건조,맑음,단일로 - 기타,화물,남,41세,상해없음,화물,남,51세,부상신고
2014122000100278,2014년 12월 20일 07시,토요일,제주특별자치도 제주시 이도이동,경상사고,0,0,1,0,차대차 - 추돌 - 진행중,안전거리미확보,건조,흐림,단일로 - 기타,화물,남,42세,상해없음,승용,남,43세,상해없음
2014122000100347,2014년 12월 20일 09시,토요일,제주특별자치도 제주시 용담이동,중상사고,0,1,0,0,차대차 - 기타,안전거리미확보,건조,맑음,교차로 - 교차로안,승용,남,56세,상해없음,승용,남,50세,중상
2014122000100370,2014년 12월 20일 10시,토요일,제주특별자치도 제주시 용담이동,중상사고,0,1,1,0,차대차 - 측면직각충돌,직진우회전진행방해,습기,흐림,교차로 - 교차로안,승용,여,64세,경상,승합,남,43세,상해없음
2014122000100396,2014년 12월 20일 11시,토요일,제주특별자치도 제주시 일도일동,경상사고,0,0,1,0,차대차 - 측면직각충돌,안전거리미확보,건조,흐림,단일로 - 기타,승용,남,24세,상해없음,승용,남,51세,상해없음
2014122000100423,2014년 12월 20일 12시,토요일,제주특별자치도 제주시 용담일동,경상사고,0,0,2,0,차대차 - 측면직각충돌,중앙선침범,건조,맑음,교차로 - 교차로부근,승용,남,64세,상해없음,승용,여,33세,경상
2014122000100489,2014년 12월 20일 14시,토요일,제주특별자치도 서귀포시 남원읍,경상사고,0,0,6,0,차대차 - 기타,안전운전불이행,건조,맑음,단일로 - 기타,화물,남,59세,기타불명,승합,남,41세,경상
2014122000100490,2014년 12월 20일 14시,토요일,제주특별자치도 제주시 연동,중상사고,0,1,0,0,차대사람 - 횡단중,보행자보호의무위반,건조,맑음,단일로 - 기타,화물,남,40세,상해없음,보행자,여,30세,중상
2014122000100599,2014년 12월 20일 17시,토요일,제주특별자치도 제주시 노형동,중상사고,0,1,2,0,차대차 - 기타,안전운전불이행,건조,맑음,단일로 - 기타,승용,여,41세,상해없음,승용,남,48세,경상
2014122000100639,2014년 12월 20일 18시,토요일,제주특별자치도 제주시 애월읍,경상사고,0,0,2,0,차대차 - 측면직각충돌,안전운전불이행,건조,맑음,교차로 - 교차로부근,승용,여,45세,상해없음,승용,남,67세,경상
2014122000100640,2014년 12월 20일 18시,토요일,제주특별자치도 제주시 애월읍,경상사고,0,0,2,0,차대차 - 추돌 - 진행중,안전거리미확보,건조,맑음,단일로 - 기타,승용,남,24세,상해없음,승용,남,27세,경상
2014122000100641,2014년 12월 20일 18시,토요일,제주특별자치도 제주시 연동,경상사고,0,0,1,0,차대사람 - 기타,안전운전불이행,건조,맑음,단일로 - 기타,승용,남,66세,상해없음,보행자,여,54세,경상
2014122000100722,2014년 12월 20일 21시,토요일,제주특별자치도 제주시 연동,경상사고,0,0,1,0,차대사람 - 횡단중,안전운전불이행,건조,맑음,단일로 - 기타,승용,남,32세,상해없음,보행자,남,49세,경상
2014122100100065,2014년 12월 21일 05시,일요일,제주특별자치도 제주시 건입동,경상사고,0,0,1,0,차대차 - 추돌 - 주정차중,안전운전불이행,기타,맑음,단일로 - 기타,승용,남,42세,상해없음,승용,남,62세,경상
2014122100100114,2014년 12월 21일 09시,일요일,제주특별자치도 서귀포시 안덕면,부상신고사고,0,0,0,1,차량단독 - 도로외이탈 - 추락,안전운전불이행,결빙,눈,교차로 - 교차로부근,승용,남,43세,부상신고,,,,
2014122100100141,2014년 12월 21일 10시,일요일,제주특별자치도 제주시 삼양이동,중상사고,0,2,0,0,차대차 - 측면직각충돌,교차로운행방법위반,건조,맑음,교차로 - 교차로안,승용,남,46세,상해없음,승용,여,54세,상해없음
2014122100100161,2014년 12월 21일 11시,일요일,제주특별자치도 서귀포시 안덕면,부상신고사고,0,0,0,1,차량단독 - 도로외이탈 - 기타,안전운전불이행,결빙,눈,단일로 - 기타,승용,남,27세,상해없음,,,,
2014122100100162,2014년 12월 21일 11시,일요일,제주특별자치도 제주시 연동,경상사고,0,0,1,0,차대차 - 기타,안전거리미확보,습기,비,단일로 - 기타,승용,남,63세,상해없음,승용,남,54세,경상
2014122100100163,2014년 12월 21일 11시,일요일,제주특별자치도 제주시 외도일동,경상사고,0,0,1,0,차대사람 - 기타,안전운전불이행,건조,맑음,단일로 - 기타,승용,남,47세,상해없음,보행자,남,54세,경상
2014122100100218,2014년 12월 21일 14시,일요일,제주특별자치도 제주시 화북이동,경상사고,0,0,6,0,차대차 - 추돌 - 주정차중,안전운전불이행,건조,흐림,교차로 - 교차로부근,승용,여,43세,경상,승용,남,43세,경상
2014122100100245,2014년 12월 21일 15시,일요일,제주특별자치도 제주시 오라이동,경상사고,0,0,1,0,차대차 - 측면직각충돌,기타,건조,맑음,교차로 - 교차로부근,승용,남,47세,상해없음,원동기,남,35세,경상
2014122100100270,2014년 12월 21일 16시,일요일,제주특별자치도 서귀포시 남원읍,경상사고,0,0,1,0,차대차 - 추돌 - 진행중,안전운전불이행,습기,눈,단일로 - 기타,화물,남,57세,상해없음,농기계,남,74세,경상
2014122100100271,2014년 12월 21일 16시,일요일,제주특별자치도 서귀포시 대포동,경상사고,0,0,1,0,차대차 - 추돌 - 진행중,안전운전불이행,건조,맑음,교차로 - 교차로부근,승용,남,63세,상해없음,승용,남,24세,상해없음
2014122100100331,2014년 12월 21일 18시,일요일,제주특별자치도 제주시 이도이동,경상사고,0,0,1,0,차대사람 - 기타,안전운전불이행,건조,기타,단일로 - 기타,승용,남,31세,상해없음,보행자,여,23세,경상
2014122100100332,2014년 12월 21일 18시,일요일,제주특별자치도 서귀포시 서귀동,중상사고,0,1,0,0,차대사람 - 기타,안전운전불이행,결빙,눈,단일로 - 기타,승합,남,21세,상해없음,보행자,남,39세,중상
2014122100100333,2014년 12월 21일 18시,일요일,제주특별자치도 서귀포시 도순동,부상신고사고,0,0,0,1,차대차 - 추돌 - 진행중,안전운전불이행,결빙,눈,교차로 - 교차로부근,승용,남,39세,상해없음,승용,남,38세,부상신고
2014122100100424,2014년 12월 21일 21시,일요일,제주특별자치도 서귀포시 상예동,경상사고,0,0,2,0,차대차 - 정면충돌,안전운전불이행,결빙,눈,단일로 - 기타,승합,남,67세,상해없음,승용,여,54세,경상
2014122100100443,2014년 12월 21일 22시,일요일,제주특별자치도 제주시 화북이동,경상사고,0,0,2,0,차대차 - 추돌 - 진행중,중앙선침범,기타,맑음,교차로 - 교차로안,승용,여,34세,상해없음,승용,남,56세,경상
2014122200100119,2014년 12월 22일 08시,월요일,제주특별자치도 제주시 이도이동,경상사고,0,0,1,0,차대차 - 기타,안전운전불이행,건조,맑음,단일로 - 기타,승용,남,45세,상해없음,승용,여,32세,상해없음
2014122200100176,2014년 12월 22일 10시,월요일,제주특별자치도 제주시 구좌읍,경상사고,0,0,1,0,차대차 - 기타,안전거리미확보,건조,맑음,교차로 - 교차로부근,화물,남,37세,상해없음,승용,남,28세,경상
2014122200100284,2014년 12월 22일 14시,월요일,제주특별자치도 제주시 용담이동,경상사고,0,0,1,0,차대차 - 측면직각충돌,직진우회전진행방해,건조,맑음,교차로 - 교차로안,승용,여,59세,상해없음,승용,남,45세,경상
2014122200100310,2014년 12월 22일 15시,월요일,제주특별자치도 서귀포시 대정읍,부상신고사고,0,0,0,2,차대사람 - 횡단중,안전운전불이행,건조,맑음,단일로 - 기타,원동기,여,75세,부상신고,보행자,여,51세,부상신고
2014122200100352,2014년 12월 22일 16시,월요일,제주특별자치도 서귀포시 안덕면,부상신고사고,0,0,0,1,차대차 - 기타,직진우회전진행방해,건조,맑음,교차로 - 교차로안,승용,남,21세,부상신고,승합,남,50세,상해없음
2014122200100386,2014년 12월 22일 17시,월요일,제주특별자치도 제주시 한림읍,경상사고,0,0,1,0,차대차 - 측면직각충돌,신호위반,건조,흐림,교차로 - 교차로안,승용,여,62세,상해없음,승용,남,52세,경상
2014122200100521,2014년 12월 22일 21시,월요일,제주특별자치도 제주시 연동,부상신고사고,0,0,0,1,차대사람 - 기타,기타,건조,맑음,단일로 - 기타,기타불명,기타불명,기타불명,기타불명,보행자,여,55세,부상신고
2014122200100555,2014년 12월 22일 22시,월요일,제주특별자치도 제주시 일도이동,경상사고,0,0,1,0,차대차 - 측면직각충돌,신호위반,건조,맑음,교차로 - 교차로안,승용,남,65세,상해없음,승용,남,62세,경상
2014122200100587,2014년 12월 22일 23시,월요일,제주특별자치도 제주시 이도이동,경상사고,0,0,1,0,차대사람 - 기타,안전운전불이행,건조,맑음,단일로 - 기타,승용,남,35세,상해없음,보행자,남,16세,경상
2014122300100070,2014년 12월 23일 04시,화요일,제주특별자치도 제주시 노형동,경상사고,0,0,1,0,차대차 - 측면직각충돌,교차로운행방법위반,건조,맑음,교차로 - 교차로안,승용,남,64세,상해없음,승용,남,64세,경상
2014122300100082,2014년 12월 23일 05시,화요일,제주특별자치도 서귀포시 대정읍,부상신고사고,0,0,0,1,차량단독 - 공작물충돌,안전운전불이행,건조,맑음,단일로 - 기타,승용,여,54세,부상신고,,,,
2014122300100127,2014년 12월 23일 07시,화요일,제주특별자치도 제주시 아라일동,경상사고,0,0,1,0,차대차 - 추돌 - 진행중,중앙선침범,기타,눈,단일로 - 기타,승용,남,55세,상해없음,화물,남,53세,경상
2014122300100223,2014년 12월 23일 10시,화요일,제주특별자치도 제주시 한림읍,부상신고사고,0,0,0,1,차대차 - 기타,안전운전불이행,건조,맑음,단일로 - 기타,화물,여,41세,상해없음,승용,남,30세,부상신고
2014122300100253,2014년 12월 23일 11시,화요일,제주특별자치도 제주시 오라이동,경상사고,0,0,1,0,차대사람 - 기타,안전운전불이행,건조,맑음,교차로 - 교차로부근,승용,남,51세,상해없음,보행자,여,32세,상해없음
2014122300100287,2014년 12월 23일 13시,화요일,제주특별자치도 제주시 일도이동,경상사고,0,0,1,0,차대사람 - 횡단중,안전운전불이행,건조,맑음,교차로 - 교차로부근,승용,남,72세,상해없음,보행자,남,9세,경상
2014122300100288,2014년 12월 23일 13시,화요일,제주특별자치도 제주시 한림읍,경상사고,0,0,1,0,차대차 - 추돌 - 주정차중,안전운전불이행,건조,맑음,단일로 - 기타,화물,남,59세,상해없음,승용,남,46세,경상
2014122300100360,2014년 12월 23일 16시,화요일,제주특별자치도 서귀포시 표선면,경상사고,0,0,1,0,차대차 - 기타,직진우회전진행방해,건조,맑음,교차로 - 교차로안,승합,여,49세,상해없음,승용,여,54세,상해없음
2014122300100361,2014년 12월 23일 16시,화요일,제주특별자치도 서귀포시 서호동,부상신고사고,0,0,0,1,차대차 - 기타,안전운전불이행,건조,맑음,단일로 - 기타,승용,여,63세,상해없음,이륜,남,36세,부상신고
2014122300100404,2014년 12월 23일 17시,화요일,제주특별자치도 제주시 월평동,중상사고,0,1,0,0,차대차 - 추돌 - 진행중,안전운전불이행,건조,맑음,교차로 - 교차로부근,승용,남,51세,상해없음,승합,남,68세,중상
2014122300100453,2014년 12월 23일 18시,화요일,제주특별자치도 제주시 조천읍,중상사고,0,2,1,0,차대차 - 측면직각충돌,안전거리미확보,건조,흐림,단일로 - 기타,승합,남,53세,상해없음,승용,남,27세,중상
2014122300100454,2014년 12월 23일 18시,화요일,제주특별자치도 제주시 아라이동,경상사고,0,0,1,0,차대차 - 추돌 - 진행중,안전운전불이행,기타,맑음,단일로 - 기타,승용,남,32세,상해없음,승용,남,50세,경상