사고번호,사고일시,요일,시군구,사고내용,사망자수,중상자수,경상자수,부상신고자수,사고유형,법규위반,노면상태,기상상태,도로형태,가해운전자 차종,가해운전자 성별,가해운전자 연령,가해운전자 상해정도,피해운전자 차종,피해운전자 성별,피해운전자 연령,피해운전자 상해정도
2014122300100565,2014년 12월 23일 21시,화요일,제주특별자치도 제주시 연동,경상사고,0,0,1,0,차대사람 - 기타,안전운전불이행,건조,맑음,단일로 - 기타,승용,남,28세,상해없음,보행자,남,60세,경상
2014122300100566,2014년 12월 23일 21시,화요일,제주특별자치도 제주시 용담이동,중상사고,0,1,0,0,차대차 - 기타,안전운전불이행,건조,맑음,단일로 - 기타,승합,남,29세,상해없음,이륜,남,25세,중상
2014122300100610,2014년 12월 23일 22시,화요일,제주특별자치도 제주시 도련이동,중상사고,0,1,0,0,차대차 - 측면직각충돌,신호위반,건조,맑음,교차로 - 교차로안,승용,여,46세,상해없음,화물,남,43세,중상
2014122300100652,2014년 12월 23일 23시,화요일,제주특별자치도 제주시 연동,경상사고,0,0,1,0,차대사람 - 기타,안전운전불이행,건조,맑음,단일로 - 기타,승용,남,25세,상해없음,보행자,남,35세,경상
2014122400100020,2014년 12월 24일 00시,수요일,제주특별자치도 제주시 이도이동,경상사고,0,0,2,0,차대차 - 추돌 - 진행중,안전운전불이행,건조,맑음,단일로 - 기타,승용,남,53세,기타불명,승용,남,27세,경상
2014122400100021,2014년 12월 24일 00시,수요일,제주특별자치도 서귀포시 동홍동,중상사고,0,1,2,0,차대차 - 측면직각충돌,신호위반,건조,맑음,교차로 - 교차로안,승용,남,48세,기타불명,승용,남,35세,중상
2014122400100079,2014년 12월 24일 05시,수요일,제주특별자치도 제주시 일도이동,경상사고,0,0,1,0,차대차 - 추돌 - 진행중,중앙선침범,건조,맑음,교차로 - 교차로부근,승용,여,41세,상해없음,승용,남,62세,경상
2014122400100080,2014년 12월 24일 05시,수요일,제주특별자치도 서귀포시 토평동,경상사고,0,0,1,0,차대차 - 측면직각충돌,직진우회전진행방해,건조,맑음,교차로 - 교차로안,승합,남,45세,상해없음,승용,남,44세,상해없음
2014122400100090,2014년 12월 24일 06시,수요일,제주특별자치도 제주시 노형동,경상사고,0,0,1,0,차대차 - 기타,안전거리미확보,건조,맑음,단일로 - 기타,승용,남,65세,상해없음,화물,남,36세,경상
2014122400100113,2014년 12월 24일 07시,수요일,제주특별자치도 제주시 삼도이동,중상사고,0,1,0,0,차량단독 - 공작물충돌,안전운전불이행,기타,맑음,단일로 - 기타,승용,남,54세,상해없음,,,,
2014122400100147,2014년 12월 24일 08시,수요일,제주특별자치도 제주시 도남동,부상신고사고,0,0,0,1,차대차 - 기타,안전거리미확보,기타,맑음,단일로 - 기타,승용,여,49세,부상신고,승용,여,27세,상해없음
2014122400100252,2014년 12월 24일 12시,수요일,제주특별자치도 제주시 구좌읍,중상사고,0,1,0,0,차대차 - 기타,중앙선침범,기타,맑음,단일로 - 기타,원동기,여,80세,중상,승용,여,25세,상해없음
2014122400100317,2014년 12월 24일 14시,수요일,제주특별자치도 제주시 일도이동,경상사고,0,0,2,0,차대차 - 기타,안전운전불이행,건조,맑음,단일로 - 기타,원동기,남,42세,상해없음,승용,여,28세,경상
2014122400100318,2014년 12월 24일 14시,수요일,제주특별자치도 서귀포시 토평동,중상사고,0,1,0,0,차대차 - 기타,안전운전불이행,건조,맑음,단일로 - 기타,승용,여,53세,상해없음,승용,여,39세,중상
2014122400100501,2014년 12월 24일 18시,수요일,제주특별자치도 제주시 삼도이동,경상사고,0,0,1,0,차대차 - 기타,안전운전불이행,건조,맑음,교차로 - 교차로부근,기타불명,기타불명,기타불명,기타불명,자전거,여,9세,경상
2014122400100502,2014년 12월 24일 18시,수요일,제주특별자치도 제주시 이도이동,중상사고,0,1,1,0,차대차 - 추돌 - 주정차중,안전운전불이행,건조,맑음,단일로 - 기타,승용,남,28세,상해없음,승합,남,36세,경상
2014122400100503,2014년 12월 24일 18시,수요일,제주특별자치도 서귀포시 강정동,경상사고,0,0,3,0,차대차 - 기타,신호위반,건조,맑음,교차로 - 교차로안,승용,남,70세,상해없음,승용,남,32세,경상
2014122400100504,2014년 12월 24일 18시,수요일,제주특별자치도 제주시 노형동,중상사고,0,1,0,0,차대사람 - 기타,안전운전불이행,건조,맑음,단일로 - 기타,승용,남,41세,상해없음,보행자,남,64세,중상
2014122400100572,2014년 12월 24일 19시,수요일,제주특별자치도 제주시 건입동,경상사고,0,0,1,0,차대차 - 기타,차로위반,건조,맑음,단일로 - 기타,승용,남,43세,상해없음,자전거,남,16세,경상
2014122400100573,2014년 12월 24일 19시,수요일,제주특별자치도 제주시 삼도일동,중상사고,0,1,2,0,차대차 - 측면직각충돌,교차로운행방법위반,건조,맑음,교차로 - 교차로안,승용,여,45세,경상,승용,여,53세,경상
2014122400100574,2014년 12월 24일 19시,수요일,제주특별자치도 서귀포시 동홍동,경상사고,0,0,1,0,차대차 - 기타,기타,건조,맑음,단일로 - 기타,승용,남,35세,기타불명,이륜,남,17세,경상
2014122400100575,2014년 12월 24일 19시,수요일,제주특별자치도 서귀포시 남원읍,중상사고,0,1,0,0,차대사람 - 기타,안전운전불이행,건조,맑음,단일로 - 기타,승용,남,28세,상해없음,보행자,남,49세,중상
2014122400100576,2014년 12월 24일 19시,수요일,제주특별자치도 서귀포시 서귀동,경상사고,0,0,1,0,차대차 - 기타,기타,건조,맑음,교차로 - 교차로안,승용,여,40세,기타불명,승용,남,44세,경상
2014122400100577,2014년 12월 24일 19시,수요일,제주특별자치도 제주시 도두이동,경상사고,0,0,1,0,차대사람 - 기타,보행자보호의무위반,건조,맑음,교차로 - 교차로안,승용,남,57세,상해없음,보행자,남,14세,경상
2014122400100578,2014년 12월 24일 19시,수요일,제주특별자치도 제주시 노형동,경상사고,0,0,1,2,차대차 - 기타,교차로운행방법위반,건조,맑음,교차로 - 교차로안,승용,남,59세,부상신고,승합,남,34세,부상신고
2014122400100627,2014년 12월 24일 20시,수요일,제주특별자치도 서귀포시 안덕면,중상사고,0,2,0,5,차대차 - 기타,중앙선침범,건조,맑음,단일로 - 기타,승용,남,23세,부상신고,승용,남,25세,중상
2014122400100628,2014년 12월 24일 20시,수요일,제주특별자치도 제주시 노형동,경상사고,0,0,1,0,차대차 - 기타,안전운전불이행,건조,맑음,교차로 - 교차로부근,원동기,남,18세,경상,승합,남,57세,상해없음
2014122400100667,2014년 12월 24일 21시,수요일,제주특별자치도 제주시 노형동,중상사고,0,1,0,0,차대사람 - 기타,안전운전불이행,건조,맑음,단일로 - 기타,승용,남,27세,상해없음,보행자,여,78세,중상
2014122500100136,2014년 12월 25일 07시,목요일,제주특별자치도 제주시 노형동,사망사고,1,0,0,0,차대사람 - 기타,안전운전불이행,건조,흐림,단일로 - 기타,화물,여,53세,상해없음,보행자,남,81세,사망
2014122500100192,2014년 12월 25일 10시,목요일,제주특별자치도 제주시 오라이동,중상사고,0,1,0,0,차대사람 - 횡단중,보행자보호의무위반,건조,맑음,교차로 - 교차로부근,승용,남,43세,상해없음,보행자,여,65세,중상
2014122500100329,2014년 12월 25일 16시,목요일,제주특별자치도 제주시 노형동,중상사고,0,1,0,0,차대사람 - 기타,보행자보호의무위반,건조,맑음,교차로 - 교차로부근,화물,남,58세,상해없음,보행자,여,77세,중상
2014122500100415,2014년 12월 25일 19시,목요일,제주특별자치도 제주시 연동,경상사고,0,0,1,0,차대차 - 기타,안전운전불이행,건조,흐림,단일로 - 기타,화물,남,41세,상해없음,자전거,여,66세,경상
2014122500100435,2014년 12월 25일 20시,목요일,제주특별자치도 서귀포시 중문동,부상신고사고,0,0,0,1,차대차 - 기타,안전운전불이행,건조,맑음,단일로 - 기타,승용,남,39세,상해없음,승용,남,78세,부상신고
2014122500100491,2014년 12월 25일 23시,목요일,제주특별자치도 제주시 일도이동,경상사고,0,0,3,0,차대차 - 추돌 - 주정차중,안전거리미확보,건조,맑음,교차로 - 교차로부근,승용,남,36세,상해없음,승용,여,48세,경상
2014122600100072,2014년 12월 26일 06시,금요일,제주특별자치도 제주시 연동,경상사고,0,0,1,0,차대사람 - 기타,안전운전불이행,건조,맑음,교차로 - 교차로안,화물,남,40세,기타불명,보행자,여,51세,경상
2014122600100145,2014년 12월 26일 08시,금요일,제주특별자치도 제주시 구좌읍,중상사고,0,1,0,0,차대차 - 기타,안전운전불이행,건조,맑음,단일로 - 기타,승용,여,37세,상해없음,농기계,남,75세,중상
2014122600100184,2014년 12월 26일 09시,금요일,제주특별자치도 제주시 건입동,경상사고,0,0,1,0,차대차 - 추돌 - 주정차중,교차로운행방법위반,건조,맑음,교차로 - 교차로부근,승용,남,60세,상해없음,승합,남,35세,경상
2014122600100185,2014년 12월 26일 09시,금요일,제주특별자치도 제주시 이도일동,경상사고,0,0,1,0,차대사람 - 횡단중,신호위반,건조,맑음,단일로 - 횡단보도상,기타불명,기타불명,기타불명,기타불명,보행자,남,22세,경상
2014122600100186,2014년 12월 26일 09시,금요일,제주특별자치도 제주시 외도일동,경상사고,0,0,2,0,차대차 - 측면직각충돌,교차로운행방법위반,건조,맑음,교차로 - 교차로안,승용,여,50세,경상,승용,여,40세,경상
2014122600100307,2014년 12월 26일 13시,금요일,제주특별자치도 제주시 조천읍,경상사고,0,0,1,0,차대사람 - 횡단중,신호위반,건조,맑음,단일로 - 횡단보도상,화물,남,35세,상해없음,보행자,남,15세,경상
2014122600100308,2014년 12월 26일 13시,금요일,제주특별자치도 서귀포시 서귀동,중상사고,0,1,0,0,차대사람 - 차도통행중,안전운전불이행,건조,맑음,단일로 - 기타,승용,여,28세,상해없음,보행자,여,60세,중상
2014122600100375,2014년 12월 26일 15시,금요일,제주특별자치도 제주시 아라이동,중상사고,0,1,0,0,차대차 - 기타,안전운전불이행,건조,맑음,단일로 - 기타,승용,남,55세,상해없음,승용,여,53세,중상
2014122600100376,2014년 12월 26일 15시,금요일,제주특별자치도 제주시 한림읍,중상사고,0,1,0,0,차대차 - 기타,직진우회전진행방해,건조,맑음,교차로 - 교차로안,승용,남,26세,상해없음,자전거,여,42세,중상
2014122600100448,2014년 12월 26일 17시,금요일,제주특별자치도 서귀포시 안덕면,중상사고,0,1,2,0,차량단독 - 공작물충돌,안전운전불이행,건조,맑음,단일로 - 기타,승용,여,32세,경상,,,,
2014122600100508,2014년 12월 26일 18시,금요일,제주특별자치도 서귀포시 동홍동,경상사고,0,0,1,0,차대차 - 기타,직진우회전진행방해,건조,맑음,교차로 - 교차로안,원동기,남,48세,경상,승용,남,32세,상해없음
2014122600100618,2014년 12월 26일 21시,금요일,제주특별자치도 제주시 일도일동,경상사고,0,0,3,0,차대차 - 추돌 - 주정차중,안전거리미확보,건조,맑음,교차로 - 교차로부근,승용,여,38세,상해없음,화물,남,43세,경상
2014122600100675,2014년 12월 26일 22시,금요일,제주특별자치도 제주시 노형동,경상사고,0,0,1,0,차대차 - 기타,안전거리미확보,건조,맑음,단일로 - 기타,원동기,남,18세,경상,승용,남,59세,상해없음
2014122700100026,2014년 12월 27일 00시,토요일,제주특별자치도 제주시 화북일동,경상사고,0,0,1,0,차대사람 - 횡단중,안전운전불이행,건조,맑음,교차로 - 교차로안,승용,여,57세,상해없음,보행자,남,41세,경상
2014122700100060,2014년 12월 27일 01시,토요일,제주특별자치도 제주시 이도일동,사망사고,1,0,0,0,차대사람 - 횡단중,안전운전불이행,건조,맑음,교차로 - 교차로부근,승용,남,67세,상해없음,보행자,남,58세,사망
2014122700100198,2014년 12월 27일 09시,토요일,제주특별자치도 제주시 연동,경상사고,0,0,1,0,차량단독 - 공작물충돌,안전운전불이행,건조,맑음,단일로 - 기타,원동기,남,21세,경상,,,,
2014122700100218,2014년 12월 27일 10시,토요일,제주특별자치도 제주시 도남동,경상사고,0,0,1,0,차대차 - 기타,교차로운행방법위반,건조,맑음,교차로 - 교차로안,원동기,남,55세,경상,승용,남,50세,상해없음
2014122700100248,2014년 12월 27일 11시,토요일,제주특별자치도 제주시 화북일동,경상사고,0,0,1,0,차대차 - 측면직각충돌,차로위반,건조,맑음,단일로 - 기타,승용,남,41세,상해없음,승용,남,49세,경상
2014122700100322,2014년 12월 27일 14시,토요일,제주특별자치도 서귀포시 강정동,경상사고,0,0,1,0,차대차 - 기타,안전거리미확보,건조,맑음,단일로 - 기타,화물,남,23세,상해없음,화물,남,45세,경상
2014122700100414,2014년 12월 27일 17시,토요일,제주특별자치도 제주시 조천읍,경상사고,0,0,3,0,차대차 - 추돌 - 진행중,안전운전불이행,건조,맑음,단일로 - 기타,승용,남,49세,상해없음,승용,여,46세,경상
2014122700100415,2014년 12월 27일 17시,토요일,제주특별자치도 제주시 건입동,중상사고,0,1,0,0,차대사람 - 기타,안전운전불이행,기타,흐림,단일로 - 기타,승용,여,41세,상해없음,보행자,여,76세,중상
2014122700100416,2014년 12월 27일 17시,토요일,제주특별자치도 서귀포시 남원읍,중상사고,0,2,0,1,차대차 - 측면직각충돌,직진우회전진행방해,건조,맑음,교차로 - 교차로안,승용,여,45세,상해없음,화물,여,47세,상해없음
2014122700100417,2014년 12월 27일 17시,토요일,제주특별자치도 제주시 애월읍,경상사고,0,0,2,0,차량단독 - 공작물충돌,안전운전불이행,건조,맑음,단일로 - 기타,승합,여,33세,경상,,,,
2014122700100464,2014년 12월 27일 18시,토요일,제주특별자치도 서귀포시 동홍동,중상사고,0,1,0,0,차대사람 - 횡단중,보행자보호의무위반,건조,맑음,단일로 - 횡단보도상,승용,여,52세,상해없음,보행자,남,66세,중상
2014122800100173,2014년 12월 28일 10시,일요일,제주특별자치도 제주시 화북이동,경상사고,0,0,2,0,차대차 - 추돌 - 주정차중,안전거리미확보,건조,맑음,교차로 - 교차로부근,승용,여,48세,상해없음,승용,여,42세,경상
2014122800100174,2014년 12월 28일 10시,일요일,제주특별자치도 서귀포시 서귀동,중상사고,0,1,2,0,차대차 - 측면직각충돌,직진우회전진행방해,건조,맑음,교차로 - 교차로안,승용,남,29세,기타불명,승용,여,42세,중상
2014122800100175,2014년 12월 28일 10시,일요일,제주특별자치도 제주시 노형동,경상사고,0,0,1,0,차대사람 - 횡단중,안전운전불이행,건조,흐림,교차로 - 교차로안,승용,남,47세,상해없음,보행자,여,71세,경상
2014122800100199,2014년 12월 28일 11시,일요일,제주특별자치도 서귀포시 서홍동,경상사고,0,0,1,0,차대차 - 기타,직진우회전진행방해,건조,맑음,교차로 - 교차로안,승용,여,38세,상해없음,승용,여,34세,경상
2014122800100200,2014년 12월 28일 11시,일요일,제주특별자치도 제주시 연동,경상사고,0,0,1,0,차대차 - 측면직각충돌,신호위반,건조,맑음,교차로 - 교차로안,승용,남,61세,상해없음,승용,남,35세,경상
2014122800100211,2014년 12월 28일 12시,일요일,제주특별자치도 서귀포시 서홍동,중상사고,0,1,0,0,차대사람 - 횡단중,안전운전불이행,건조,맑음,교차로 - 교차로안,승용,남,41세,상해없음,보행자,여,86세,중상
2014122800100224,2014년 12월 28일 13시,일요일,제주특별자치도 제주시 일도일동,중상사고,0,1,0,0,차대사람 - 횡단중,보행자보호의무위반,건조,맑음,단일로 - 횡단보도상,승용,여,45세,상해없음,보행자,여,83세,중상
2014122800100225,2014년 12월 28일 13시,일요일,제주특별자치도 서귀포시 서귀동,경상사고,0,0,7,0,차대차 - 기타,안전운전불이행,건조,맑음,단일로 - 기타,승합,남,42세,경상,승용,남,24세,경상
2014122800100226,2014년 12월 28일 13시,일요일,제주특별자치도 서귀포시 성산읍,경상사고,0,0,1,0,차대차 - 기타,직진우회전진행방해,건조,맑음,교차로 - 교차로안,승용,여,39세,상해없음,이륜,남,82세,경상
2014122800100253,2014년 12월 28일 14시,일요일,제주특별자치도 제주시 연동,부상신고사고,0,0,0,2,차량단독 - 기타,안전운전불이행,건조,맑음,단일로 - 기타,승합,남,50세,상해없음,,,,
2014122800100268,2014년 12월 28일 15시,일요일,제주특별자치도 제주시 한림읍,중상사고,0,4,3,0,차대차 - 정면충돌,중앙선침범,건조,맑음,단일로 - 기타,화물,남,42세,상해없음,승용,여,42세,중상
2014122800100269,2014년 12월 28일 15시,일요일,제주특별자치도 제주시 한림읍,경상사고,0,0,1,0,차대차 - 추돌 - 진행중,안전운전불이행,건조,맑음,단일로 - 기타,승용,남,45세,상해없음,농기계,남,81세,경상
2014122800100483,2014년 12월 28일 23시,일요일,제주특별자치도 제주시 연동,경상사고,0,0,1,0,차대차 - 측면직각충돌,교차로운행방법위반,건조,맑음,교차로 - 교차로안,승용,남,52세,상해없음,이륜,남,22세,경상
2014122900100069,2014년 12월 29일 06시,월요일,제주특별자치도 제주시 조천읍,경상사고,0,0,5,0,차대차 - 기타,안전운전불이행,건조,맑음,단일로 - 기타,승용,남,24세,상해없음,승용,남,47세,경상
2014122900100266,2014년 12월 29일 13시,월요일,제주특별자치도 제주시 연동,경상사고,0,0,1,0,차대사람 - 기타,안전운전불이행,건조,맑음,단일로 - 기타,기타불명,기타불명,기타불명,기타불명,보행자,남,15세,경상
2014122900100295,2014년 12월 29일 14시,월요일,제주특별자치도 제주시 화북일동,경상사고,0,0,2,0,차대차 - 측면직각충돌,차로위반,건조,맑음,단일로 - 기타,승용,남,73세,기타불명,승용,남,45세,경상
2014122900100459,2014년 12월 29일 18시,월요일,제주특별자치도 제주시 연동,부상신고사고,0,0,0,1,차대사람 - 기타,안전운전불이행,건조,흐림,단일로 - 기타,승용,여,29세,상해없음,보행자,여,40세,부상신고
2014122900100460,2014년 12월 29일 18시,월요일,제주특별자치도 제주시 노형동,부상신고사고,0,0,0,1,차대사람 - 기타,기타,건조,맑음,기타 - 기타,원동기,남,17세,상해없음,보행자,남,13세,부상신고
2014122900100503,2014년 12월 29일 19시,월요일,제주특별자치도 제주시 삼도이동,경상사고,0,0,1,0,차대사람 - 기타,보행자보호의무위반,기타,맑음,단일로 - 기타,승용,남,79세,상해없음,보행자,남,27세,경상
2014122900100545,2014년 12월 29일 20시,월요일,제주특별자치도 제주시 이도이동,부상신고사고,0,0,0,1,차대차 - 측면직각충돌,교차로운행방법위반,건조,흐림,교차로 - 교차로안,이륜,남,21세,부상신고,승용,여,57세,상해없음
2014122900100546,2014년 12월 29일 20시,월요일,제주특별자치도 제주시 이도이동,중상사고,0,1,0,0,차대사람 - 기타,신호위반,건조,맑음,단일로 - 횡단보도상,승용,여,25세,상해없음,보행자,여,21세,중상
2014122900100547,2014년 12월 29일 20시,월요일,제주특별자치도 제주시 용담이동,경상사고,0,0,1,0,차대사람 - 기타,안전운전불이행,건조,맑음,단일로 - 기타,승합,남,32세,상해없음,보행자,남,36세,경상
2014122900100619,2014년 12월 29일 22시,월요일,제주특별자치도 서귀포시 서귀동,중상사고,0,1,0,0,차대사람 - 횡단중,보행자보호의무위반,건조,맑음,단일로 - 기타,승용,남,38세,상해없음,보행자,남,48세,중상
2014123000100142,2014년 12월 30일 07시,화요일,제주특별자치도 제주시 조천읍,중상사고,0,1,1,0,차대차 - 추돌 - 진행중,교차로운행방법위반,건조,맑음,교차로 - 교차로안,화물,남,35세,상해없음,승용,남,66세,경상
2014123000100143,2014년 12월 30일 07시,화요일,제주특별자치도 서귀포시 성산읍,중상사고,0,1,2,0,차대차 - 측면직각충돌,직진우회전진행방해,건조,맑음,교차로 - 교차로안,승용,남,24세,중상,건설기계,남,35세,경상
2014123000100176,2014년 12월 30일 08시,화요일,제주특별자치도 제주시 조천읍,중상사고,0,2,0,0,차대차 - 기타,차로위반,건조,맑음,단일로 - 기타,건설기계,남,40세,상해없음,승용,여,26세,중상
2014123000100281,2014년 12월 30일 11시,화요일,제주특별자치도 제주시 연동,경상사고,0,0,1,0,차대사람 - 기타,안전운전불이행,건조,맑음,단일로 - 기타,승용,여,27세,상해없음,보행자,여,50세,경상
2014123000100351,2014년 12월 30일 13시,화요일,제주특별자치도 제주시 조천읍,부상신고사고,0,0,0,1,차대차 - 측면직각충돌,안전운전불이행,건조,맑음,교차로 - 교차로부근,원동기,남,63세,부상신고,승용,남,51세,상해없음
2014123000100384,2014년 12월 30일 14시,화요일,제주특별자치도 제주시 이도이동,경상사고,0,0,2,0,차대사람 - 기타,보행자보호의무위반,건조,맑음,교차로 - 교차로부근,기타불명,기타불명,기타불명,기타불명,보행자,남,26세,경상
2014123000100385,2014년 12월 30일 14시,화요일,제주특별자치도 제주시 아라일동,경상사고,0,0,1,0,차량단독 - 공작물충돌,안전운전불이행,건조,맑음,단일로 - 기타,승용,남,72세,경상,,,,
2014123000100423,2014년 12월 30일 15시,화요일,제주특별자치도 제주시 연동,중상사고,0,1,0,0,차대사람 - 기타,안전운전불이행,건조,맑음,교차로 - 교차로안,승용,남,57세,상해없음,보행자,여,80세,중상
2014123000100452,2014년 12월 30일 16시,화요일,제주특별자치도 서귀포시 성산읍,경상사고,0,0,1,0,차대사람 - 횡단중,보행자보호의무위반,건조,맑음,단일로 - 기타,승용,남,25세,상해없음,보행자,여,27세,경상
2014123000100493,2014년 12월 30일 17시,화요일,제주특별자치도 제주시 이도이동,부상신고사고,0,0,0,1,차대차 - 기타,안전거리미확보,건조,맑음,단일로 - 기타,승용,여,37세,상해없음,원동기,남,40세,부상신고
2014123000100545,2014년 12월 30일 18시,화요일,제주특별자치도 제주시 삼도일동,중상사고,0,1,0,0,차대사람 - 기타,안전운전불이행,건조,맑음,단일로 - 기타,승용,남,59세,상해없음,보행자,남,41세,중상
2014123100100023,2014년 12월 31일 00시,수요일,제주특별자치도 제주시 한림읍,경상사고,0,0,1,0,차대사람 - 기타,보행자보호의무위반,건조,맑음,교차로 - 교차로안,승용,여,45세,상해없음,보행자,남,32세,경상
2014123100100096,2014년 12월 31일 06시,수요일,제주특별자치도 제주시 이도일동,경상사고,0,0,1,0,차대차 - 기타,직진우회전진행방해,건조,맑음,교차로 - 교차로안,승용,여,59세,상해없음,원동기,남,54세,경상
2014123100100120,2014년 12월 31일 07시,수요일,제주특별자치도 제주시 한림읍,사망사고,1,0,0,0,차대사람 - 기타,보행자보호의무위반,건조,흐림,단일로 - 횡단보도상,승용,여,64세,상해없음,보행자,여,76세,사망
2014123100100145,2014년 12월 31일 08시,수요일,제주특별자치도 제주시 이도이동,경상사고,0,0,1,0,차대사람 - 횡단중,보행자보호의무위반,건조,맑음,단일로 - 횡단보도상,승용,여,50세,상해없음,보행자,여,17세,경상
2014123100100216,2014년 12월 31일 10시,수요일,제주특별자치도 서귀포시 호근동,경상사고,0,0,1,0,차대차 - 기타,신호위반,습기,비,교차로 - 교차로안,화물,남,54세,상해없음,이륜,남,56세,경상
2014123100100236,2014년 12월 31일 11시,수요일,제주특별자치도 제주시 화북일동,경상사고,0,0,1,0,차량단독 - 기타,안전운전불이행,건조,맑음,단일로 - 기타,승합,남,37세,상해없음,,,,
2014123100100237,2014년 12월 31일 11시,수요일,제주특별자치도 제주시 용담이동,경상사고,0,0,2,1,차대차 - 측면직각충돌,안전거리미확보,건조,맑음,단일로 - 기타,승합,남,42세,상해없음,승용,남,57세,경상
2014123100100259,2014년 12월 31일 12시,수요일,제주특별자치도 제주시 노형동,경상사고,0,0,2,0,차대차 - 측면직각충돌,교차로운행방법위반,건조,맑음,단일로 - 기타,승용,남,67세,상해없음,승용,여,37세,경상
2014123100100315,2014년 12월 31일 14시,수요일,제주특별자치도 서귀포시 동홍동,경상사고,0,0,2,0,차대차 - 기타,안전운전불이행,건조,맑음,교차로 - 교차로부근,승합,남,30세,상해없음,승용,남,39세,경상
2014123100100316,2014년 12월 31일 14시,수요일,제주특별자치도 서귀포시 서귀동,부상신고사고,0,0,0,1,차대사람 - 기타,안전운전불이행,건조,맑음,단일로 - 기타,승용,남,58세,상해없음,보행자,남,66세,부상신고
2014123100100355,2014년 12월 31일 15시,수요일,제주특별자치도 제주시 일도이동,중상사고,0,1,0,0,차대사람 - 횡단중,보행자보호의무위반,건조,맑음,단일로 - 횡단보도상,화물,남,34세,상해없음,보행자,여,35세,중상
2014123100100384,2014년 12월 31일 16시,수요일,제주특별자치도 서귀포시 안덕면,중상사고,0,1,0,0,차대차 - 기타,기타,건조,맑음,교차로 - 교차로안,승합,여,37세,상해없음,승용,남,23세,상해없음
2014123100100385,2014년 12월 31일 16시,수요일,제주특별자치도 서귀포시 호근동,부상신고사고,0,0,0,1,차대차 - 기타,안전거리미확보,건조,맑음,교차로 - 교차로부근,승용,여,44세,상해없음,승용,남,32세,부상신고
2014123100100429,2014년 12월 31일 17시,수요일,제주특별자치도 제주시 일도일동,경상사고,0,0,1,0,차대사람 - 기타,안전운전불이행,건조,맑음,교차로 - 교차로부근,승용,남,84세,상해없음,보행자,남,56세,경상
2014123100100532,2014년 12월 31일 19시,수요일,제주특별자치도 제주시 삼도이동,중상사고,0,1,0,0,차대사람 - 기타,안전운전불이행,습기,눈,단일로 - 기타,승합,남,54세,상해없음,보행자,남,78세,중상
2014123100100533,2014년 12월 31일 19시,수요일,제주특별자치도 제주시 삼도이동,경상사고,0,0,1,0,차대차 - 추돌 - 진행중,중앙선침범,습기,눈,단일로 - 기타,승용,여,57세,상해없음,승용,여,42세,경상
2014123100100534,2014년 12월 31일 19시,수요일,제주특별자치도 서귀포시 서귀동,경상사고,0,0,1,0,차대사람 - 기타,신호위반,기타,눈,단일로 - 기타,화물,남,61세,상해없음,보행자,여,19세,경상
2014123100100535,2014년 12월 31일 19시,수요일,제주특별자치도 제주시 한경면,경상사고,0,0,1,0,차대차 - 기타,안전운전불이행,건조,흐림,단일로 - 기타,승용,남,36세,상해없음,자전거,남,80세,경상
2014123100100536,2014년 12월 31일 19시,수요일,제주특별자치도 제주시 노형동,중상사고,0,1,0,0,차대사람 - 기타,안전운전불이행,건조,맑음,단일로 - 기타,승용,여,46세,상해없음,보행자,남,47세,중상
2014123100100583,2014년 12월 31일 20시,수요일,제주특별자치도 제주시 이도일동,중상사고,0,1,0,0,차대사람 - 기타,안전운전불이행,건조,맑음,단일로 - 기타,화물,남,53세,상해없음,보행자,남,59세,중상
2014123100100615,2014년 12월 31일 21시,수요일,제주특별자치도 제주시 삼도일동,경상사고,0,0,1,0,차대사람 - 기타,안전운전불이행,기타,맑음,단일로 - 기타,승용,남,47세,상해없음,보행자,여,36세,경상
2014123100100616,2014년 12월 31일 21시,수요일,제주특별자치도 제주시 용담이동,경상사고,0,0,1,0,차대차 - 추돌 - 진행중,안전운전불이행,건조,맑음,단일로 - 기타,승용,남,47세,상해없음,승용,남,60세,상해없음
2014123100100643,2014년 12월 31일 22시,수요일,제주특별자치도 제주시 구좌읍,경상사고,0,0,1,0,차대차 - 추돌 - 진행중,안전운전불이행,결빙,눈,교차로 - 교차로부근,승용,남,27세,상해없음,승용,남,25세,상해없음
2014123100100644,2014년 12월 31일 22시,수요일,제주특별자치도 제주시 구좌읍,경상사고,0,0,1,0,차대차 - 추돌 - 진행중,안전운전불이행,결빙,눈,단일로 - 기타,승용,남,34세,상해없음,승용,남,59세,상해없음
2014123100100679,2014년 12월 31일 23시,수요일,제주특별자치도 제주시 구좌읍,경상사고,0,0,6,0,차대차 - 추돌 - 주정차중,안전운전불이행,적설,맑음,단일로 - 기타,승용,남,56세,기타불명,승용,여,28세,경상